Time;Type;Volume;Symbol;Price;Volume;Time;Price;Commission;Swap;Profit
2026.09.11 06:55:00;Buy;0.02;AUDNZDr;1.2292;0.02;2026.09.11 13:07:00;1.23159;;;429
2026.09.11 02:00:00;Buy;0.01;AUDNZDr;1.23335;0.01;2026.09.11 13:07:00;1.23159;;;-158
2026.09.11 05:15:00;Buy;0.01;AUDUSDr;0.71598;0.01;2026.09.11 08:55:00;0.71698;;;154
2026.09.07 04:30:02;Sell;0.02;AUDNZDr;1.22651;0.02;2026.09.11 04:04:00;1.23202;;;-990
2026.09.04 10:45:00;Sell;0.01;AUDNZDr;1.22338;0.01;2026.09.11 04:04:00;1.23202;;;-776
2026.09.09 20:25:00;Sell;0.08;AUDNZDr;1.23588;0.08;2026.09.11 04:04:00;1.23202;;;2774
2026.09.08 11:00:00;Sell;0.05;AUDNZDr;1.2343;0.05;2026.09.11 04:04:00;1.23202;;;1024
2026.09.07 10:03:00;Sell;0.03;AUDNZDr;1.22825;0.03;2026.09.11 04:04:00;1.23202;;;-1016
2026.09.10 18:00:00;Buy;0.01;AUDNZDr;1.23403;0.01;2026.09.10 21:11:00;1.23505;;;91
2026.09.10 08:45:01;Buy;0.01;AUDNZDr;1.23385;0.01;2026.09.10 16:09:00;1.23491;;;95
2026.09.09 16:30:00;Sell;0.01;AUDCADr;0.99628;0.01;2026.09.10 13:08:01;0.99523;;;117
2026.09.09 18:15:00;Buy;0.01;GBPUSDr;1.35413;0.01;2026.09.09 18:38:00;1.35517;;;160
2026.09.08 13:15:02;Sell;0.01;AUDCADr;0.99542;0.01;2026.09.09 13:15:00;0.9944;;;114
2026.09.08 19:15:00;Buy;0.01;GBPUSDr;1.35348;0.01;2026.09.08 21:31:00;1.3545;;;157
2026.09.08 12:15:01;Buy;0.01;GBPUSDr;1.35254;0.01;2026.09.08 14:33:00;1.35369;;;177
2026.09.08 06:00:00;Buy;0.01;GBPUSDr;1.35345;0.01;2026.09.08 09:02:00;1.35452;;;164
2026.09.07 10:45:00;Sell;0.02;AUDCADr;0.99841;0.02;2026.09.08 05:26:00;0.99551;;;643
2026.09.03 20:45:00;Sell;0.01;AUDCADr;0.99286;0.01;2026.09.08 05:26:00;0.99551;;;-294
2026.09.04 20:30:03;Buy;0.01;AUDCADr;0.99721;0.01;2026.09.07 10:26:00;0.99823;;;115
2026.09.07 05:00:00;Buy;0.01;GBPUSDr;1.3513;0.01;2026.09.07 09:25:00;1.35254;;;193
2026.09.06 03:24:48;Balance;;;;;;;;;-9000
2026.09.04 10:15:00;Buy;0.01;AUDCADr;0.99401;0.01;2026.09.04 15:32:00;0.99564;;;184
2026.09.04 12:30:00;Buy;0.01;AUDJPYr;112.586;0.01;2026.09.04 12:40:00;112.691;;;105
2026.09.04 03:00:00;Buy;0.01;AUDNZDr;1.22383;0.01;2026.09.04 10:48:00;1.22388;;;5
2026.09.04 06:10:00;Buy;0.02;AUDNZDr;1.22196;0.02;2026.09.04 10:48:00;1.22388;;;353
2026.09.03 20:15:00;Sell;0.01;AUDNZDr;1.22377;0.01;2026.09.04 05:17:02;1.22273;;;96
2026.09.02 18:00:00;Buy;0.01;AUDCADr;0.993;0.01;2026.09.04 04:22:00;0.9941;;;124
2026.09.03 18:15:00;Buy;0.01;AUDNZDr;1.22305;0.01;2026.09.03 20:29:00;1.22404;;;91
2026.09.02 13:15:00;Buy;0.02;GBPUSDr;1.3484099999999999;0.02;2026.09.03 18:08:00;1.35364;;;1627
2026.08.26 16:15:01;Buy;0.01;GBPUSDr;1.36087;0.01;2026.09.03 18:08:00;1.35364;;;-1124
2026.09.03 16:09:01;Sell;0.02;AUDCADr;0.99316;0.02;2026.09.03 17:56:00;0.99141;;;395
2026.09.03 10:30:00;Sell;0.01;AUDCADr;0.99114;0.01;2026.09.03 17:56:00;0.99141;;;-30
2026.09.03 17:15:00;Buy;0.01;AUDNZDr;1.2237;0.01;2026.09.03 17:33:00;1.2247;;;91
2026.09.03 12:15:00;Sell;0.01;AUDNZDr;1.22495;0.01;2026.09.03 17:11:00;1.2239200000000001;;;94
2026.09.01 09:45:01;Buy;0.01;AUDUSDr;0.7165;0.01;2026.09.03 10:58:02;0.71754;;;163
2026.08.27 11:05:00;Sell;0.03;AUDNZDr;1.20833;0.03;2026.09.03 04:26:00;1.22263;;;-3987
2026.08.26 09:25:00;Sell;0.02;AUDNZDr;1.20652;0.02;2026.09.03 04:26:00;1.22263;;;-2994
2026.08.26 04:45:03;Sell;0.01;AUDNZDr;1.20196;0.01;2026.09.03 04:26:00;1.22263;;;-1921
2026.09.02 16:25:00;Sell;0.41;AUDNZDr;1.22777;0.41;2026.09.03 04:26:00;1.22263;;;19584
2026.09.02 11:05:01;Sell;0.24;AUDNZDr;1.225;0.24;2026.09.03 04:26:00;1.22263;;;5286
2026.09.02 07:30:00;Sell;0.14;AUDNZDr;1.22267;0.14;2026.09.03 04:26:00;1.22263;;;52
2026.08.31 04:40:00;Sell;0.08;AUDNZDr;1.21221;0.08;2026.09.03 04:26:00;1.22263;;;-7747
2026.08.28 17:30:00;Sell;0.05;AUDNZDr;1.21066;0.05;2026.09.03 04:26:00;1.22263;;;-5562
2026.09.02 19:00:00;Sell;0.01;AUDJPYr;113.828;0.01;2026.09.03 03:39:00;113.711;;;117
2026.09.02 20:30:01;Sell;0.01;EURJPYr;184.148;0.01;2026.09.02 22:55:00;184.027;;;121
2026.09.02 14:15:01;Sell;0.01;AUDCADr;0.99399;0.01;2026.09.02 17:57:01;0.9929;;;125
2026.09.02 15:30:00;Sell;0.01;AUDJPYr;114.138;0.01;2026.09.02 16:26:00;113.97;;;168
2026.09.02 12:30:00;Buy;0.01;AUDCADr;0.99275;0.01;2026.09.02 14:15:00;0.99406;;;150
2026.09.02 06:15:01;Sell;0.01;AUDCADr;0.99365;0.01;2026.09.02 13:09:00;0.99267;;;112
2026.09.01 21:30:00;Buy;0.01;AUDCADr;0.99325;0.01;2026.09.02 09:13:00;0.99428;;;118
2026.08.28 05:55:00;Sell;0.05;AUDJPYr;114.829;0.05;2026.09.02 09:06:00;114.008;;;4105
2026.08.21 21:15:00;Sell;0.03;AUDJPYr;114.128;0.03;2026.09.02 09:06:00;114.008;;;360
2026.08.21 03:55:00;Sell;0.02;AUDJPYr;113.293;0.02;2026.09.02 09:06:00;114.008;;;-1430
2026.08.20 04:34:01;Sell;0.01;AUDJPYr;112.536;0.01;2026.09.02 09:06:00;114.008;;;-1472
2026.08.31 12:30:00;Sell;0.01;EURJPYr;185.219;0.01;2026.09.02 08:58:00;185.1;;;119
2026.08.31 12:15:00;Sell;0.01;GBPJPYr;216.297;0.01;2026.09.02 07:45:00;216.19;;;107
2026.09.01 12:15:01;Buy;0.01;AUDNZDr;1.21178;0.01;2026.09.01 18:47:00;1.2128700000000001;;;103
2026.09.01 12:35:01;Buy;0.03;AUDCADr;0.99063;0.03;2026.09.01 17:23:00;0.99399;;;1161
2026.08.31 14:15:00;Buy;0.02;AUDCADr;0.99437;0.02;2026.09.01 17:23:00;0.99399;;;-88
2026.08.27 12:00:00;Buy;0.01;AUDCADr;0.99709;0.01;2026.09.01 17:23:00;0.99399;;;-357
2026.09.01 12:08:21;Balance;;;;;;;;;-4000
2026.09.01 03:15:00;Sell;0.01;AUDCADr;0.99343;0.01;2026.09.01 11:03:00;0.99242;;;116
2026.09.01 03:15:00;Buy;0.01;AUDNZDr;1.21088;0.01;2026.09.01 04:12:00;1.21189;;;95
2026.08.28 19:00:00;Buy;0.01;AUDUSDr;0.71646;0.01;2026.09.01 03:07:00;0.71749;;;165
2026.08.31 10:30:00;Buy;0.01;AUDNZDr;1.21024;0.01;2026.08.31 17:56:00;1.21127;;;97
2026.08.24 15:20:00;Sell;0.05;AUDCADr;0.99153;0.05;2026.08.31 17:51:00;0.99327;;;-1002
2026.08.24 08:25:00;Sell;0.03;AUDCADr;0.98875;0.03;2026.08.31 17:51:00;0.99327;;;-1562
2026.08.21 05:36:00;Sell;0.02;AUDCADr;0.98268;0.02;2026.08.31 17:51:00;0.99327;;;-2440
2026.08.21 02:00:00;Sell;0.01;AUDCADr;0.98065;0.01;2026.08.31 17:51:00;0.99327;;;-1454
2026.08.27 07:25:01;Sell;0.14;AUDCADr;0.99718;0.14;2026.08.31 17:51:00;0.99327;;;6306
2026.08.26 05:45:00;Sell;0.08;AUDCADr;0.99479;0.08;2026.08.31 17:51:00;0.99327;;;1401
2026.08.31 06:15:01;Buy;0.01;EURGBPr;0.85581;0.01;2026.08.31 17:08:07;0.85684;;;223
2026.08.21 21:50:00;Sell;0.02;EURJPYr;185.776;0.02;2026.08.31 04:21:00;185.311;;;930
2026.08.20 02:00:00;Sell;0.01;EURJPYr;184.689;0.01;2026.08.31 04:21:00;185.311;;;-622
2026.08.31 03:00:00;Buy;0.01;AUDNZDr;1.20963;0.01;2026.08.31 03:50:05;1.21072;;;103
2026.08.27 21:15:00;Sell;0.01;GBPJPYr;216.593;0.01;2026.08.28 17:04:00;216.491;;;102
2026.08.27 10:15:00;Sell;0.01;GBPJPYr;216.542;0.01;2026.08.27 11:35:00;216.439;;;103
2026.08.26 18:30:00;Buy;0.01;AUDCADr;0.99528;0.01;2026.08.27 02:04:00;0.99625;;;111
2026.08.21 17:00:00;Sell;0.01;GBPJPYr;216.632;0.01;2026.08.27 01:09:00;216.531;;;101
2026.08.24 16:00:00;Buy;0.01;EURGBPr;0.85539;0.01;2026.08.26 11:28:00;0.85639;;;217
2026.08.24 20:15:00;Buy;0.01;AUDNZDr;1.19993;0.01;2026.08.26 04:31:00;1.20143;;;143
2026.08.24 15:45:00;Buy;0.01;AUDCADr;0.99101;0.01;2026.08.26 04:30:02;0.99224;;;141
2026.08.24 08:30:00;Buy;0.01;GBPUSDr;1.36438;0.01;2026.08.25 23:10:00;1.36538;;;159
2026.08.24 02:30:00;Sell;0.02;AUDNZDr;1.20037;0.02;2026.08.25 20:48:00;1.1985999999999999;;;337
2026.08.21 16:15:00;Sell;0.01;AUDNZDr;1.19819;0.01;2026.08.25 20:48:00;1.1985999999999999;;;-39
2026.08.24 12:00:00;Sell;0.01;EURGBPr;0.8562;0.01;2026.08.24 16:41:00;0.85519;;;219
2026.08.20 03:06:00;Sell;0.02;EURGBPr;0.85834;0.02;2026.08.24 10:36:00;0.8555;;;1233
2026.07.22 17:45:02;Sell;0.01;EURGBPr;0.85285;0.01;2026.08.24 10:36:00;0.8555;;;-575
2026.08.24 02:00:00;Buy;0.01;AUDCADr;0.98901;0.01;2026.08.24 09:34:00;0.99007;;;122
2026.08.22 08:45:41;Balance;;;;;;;;;-8000
2026.08.21 16:30:00;Buy;0.01;GBPUSDr;1.36362;0.01;2026.08.21 20:35:01;1.36466;;;165
2026.08.20 08:10:00;Buy;0.08;AUDNZDr;1.19544;0.08;2026.08.21 17:46:00;1.19965;;;3196
2026.08.19 21:32:00;Buy;0.05;AUDNZDr;1.20019;0.05;2026.08.21 17:46:00;1.19965;;;-256
2026.08.19 17:30:00;Buy;0.03;AUDNZDr;1.20169;0.03;2026.08.21 17:46:00;1.19965;;;-581
2026.08.19 13:35:00;Buy;0.02;AUDNZDr;1.20365;0.02;2026.08.21 17:46:00;1.19965;;;-759
2026.08.19 04:45:00;Buy;0.01;AUDNZDr;1.20575;0.01;2026.08.21 17:46:00;1.19965;;;-579
2026.08.19 17:30:00;Buy;0.01;AUDCADr;0.98411;0.01;2026.08.21 16:12:01;0.98511;;;116
2026.08.21 15:30:00;Sell;0.01;GBPJPYr;216.688;0.01;2026.08.21 15:39:00;216.575;;;113
2026.08.21 11:15:04;Sell;0.01;AUDNZDr;1.19865;0.01;2026.08.21 12:10:00;1.19766;;;94
2026.08.21 08:39:01;Sell;0.01;GBPJPYr;216.867;0.01;2026.08.21 10:42:00;216.756;;;111
2026.08.21 05:30:00;Sell;0.01;GBPJPYr;216.989;0.01;2026.08.21 08:39:00;216.882;;;107
2026.08.20 15:00:00;Buy;0.01;EURUSDr;1.16856;0.01;2026.08.21 05:25:00;1.16964;;;172
2026.08.21 03:45:00;Sell;0.01;GBPJPYr;216.98;0.01;2026.08.21 05:03:01;216.876;;;104
2026.08.20 17:45:00;Sell;0.01;AUDCADr;0.98154;0.01;2026.08.20 20:24:00;0.98054;;;115
2026.08.20 06:30:00;Sell;0.01;AUDCADr;0.98228;0.01;2026.08.20 11:29:00;0.98126;;;117
2026.08.20 08:30:00;Buy;0.01;EURUSDr;1.16719;0.01;2026.08.20 09:46:00;1.16852;;;211
2026.08.20 02:00:00;Sell;0.01;AUDJPYr;112.697;0.01;2026.08.20 04:34:00;112.558;;;139
2026.08.19 15:45:00;Sell;0.01;AUDCADr;0.98342;0.01;2026.08.20 04:31:00;0.98196;;;168
2026.08.19 18:15:00;Sell;0.01;EURJPYr;184.754;0.01;2026.08.19 22:58:00;184.641;;;113
2026.08.19 18:45:00;Sell;0.01;AUDJPYr;112.858;0.01;2026.08.19 21:11:00;112.75;;;108
2026.08.19 04:00:00;Buy;0.01;AUDCADr;0.98356;0.01;2026.08.19 16:10:00;0.98459;;;118
2026.08.19 02:00:00;Buy;0.01;AUDUSDr;0.70841;0.01;2026.08.19 15:38:00;0.70951;;;174
2026.08.17 11:30:00;Sell;0.01;GBPJPYr;215.689;0.01;2026.08.19 15:34:00;215.579;;;110
2026.08.19 12:15:00;Sell;0.01;EURJPYr;184.695;0.01;2026.08.19 15:24:00;184.567;;;128
2026.08.17 14:30:00;Buy;0.01;EURUSDr;1.15905;0.01;2026.08.19 11:11:00;1.16029;;;197
2026.08.17 21:00:00;Buy;0.01;GBPUSDr;1.3544800000000001;0.01;2026.08.19 09:25:00;1.35562;;;181
2026.08.18 09:30:00;Sell;0.03;AUDNZDr;1.2076;0.03;2026.08.19 04:59:00;1.2052;;;674
2026.08.18 05:55:00;Sell;0.02;AUDNZDr;1.20579;0.02;2026.08.19 04:59:00;1.2052;;;110
2026.08.17 09:30:00;Sell;0.01;AUDNZDr;1.20292;0.01;2026.08.19 04:59:00;1.2052;;;-213
2026.08.17 09:20:00;Sell;0.02;AUDCADr;0.98573;0.02;2026.08.19 03:55:00;0.98378;;;447
2026.08.14 14:30:00;Sell;0.01;AUDCADr;0.98294;0.01;2026.08.19 03:55:00;0.98378;;;-96
2026.08.18 03:45:00;Sell;0.01;EURJPYr;184.704;0.01;2026.08.19 03:43:00;184.598;;;106
2026.08.13 18:00:00;Sell;0.01;AUDJPYr;112.439;0.01;2026.08.19 03:02:00;112.912;;;-473
2026.08.18 03:55:00;Sell;0.02;AUDJPYr;113.342;0.02;2026.08.19 03:02:00;112.912;;;860
2026.08.17 18:45:00;Buy;0.01;AUDCADr;0.98612;0.01;2026.08.18 16:39:00;0.98711;;;114
2026.08.18 02:45:01;Buy;0.01;EURGBPr;0.85479;0.01;2026.08.18 13:58:00;0.85588;;;235
2026.08.17 16:30:00;Buy;0.01;AUDNZDr;1.20264;0.01;2026.08.17 17:50:00;1.20376;;;105
2026.08.17 04:20:00;Buy;0.03;AUDNZDr;1.2011;0.03;2026.08.17 14:17:00;1.20371;;;738
2026.08.14 13:25:00;Buy;0.02;AUDNZDr;1.20284;0.02;2026.08.17 14:17:00;1.20371;;;164
2026.08.14 03:15:00;Buy;0.01;AUDNZDr;1.20639;0.01;2026.08.17 14:17:00;1.20371;;;-253
2026.08.11 02:15:01;Buy;0.01;EURGBPr;0.85456;0.01;2026.08.17 10:28:00;0.85557;;;218
2026.08.17 06:45:00;Sell;0.01;GBPJPYr;215.59;0.01;2026.08.17 10:08:00;215.488;;;102
2026.08.11 18:20:01;Buy;0.05;AUDCADr;0.98355;0.05;2026.08.17 09:48:04;0.98671;;;1812
2026.08.06 14:15:00;Buy;0.03;AUDCADr;0.98573;0.03;2026.08.17 09:48:04;0.98671;;;337
2026.08.05 18:40:00;Buy;0.02;AUDCADr;0.98915;0.02;2026.08.17 09:48:04;0.98671;;;-560
2026.08.05 08:30:00;Buy;0.01;AUDCADr;0.99159;0.01;2026.08.17 09:48:04;0.98671;;;-560
2026.08.17 05:45:00;Buy;0.01;EURJPYr;184.194;0.01;2026.08.17 07:09:00;184.296;;;102
2026.08.14 18:45:00;Sell;0.01;GBPJPYr;215.694;0.01;2026.08.17 01:56:02;215.585;;;109
2026.08.15 13:45:39;Balance;;;;;;;;;-5000
2026.08.14 10:30:00;Sell;0.01;GBPJPYr;215.101;0.01;2026.08.14 15:33:00;214.947;;;154
2026.08.10 02:50:00;Buy;0.01;EURUSDr;1.15573;0.01;2026.08.14 14:37:01;1.15675;;;162
2026.08.14 04:30:00;Buy;0.01;EURJPYr;183.912;0.01;2026.08.14 14:27:00;184.014;;;102
2026.08.12 18:00:00;Buy;0.01;GBPUSDr;1.35093;0.01;2026.08.14 11:10:00;1.35193;;;159
2026.08.12 02:00:00;Sell;0.01;AUDCADr;0.98318;0.01;2026.08.14 10:30:00;0.98217;;;116
2026.08.13 18:30:00;Sell;0.01;GBPJPYr;215.083;0.01;2026.08.14 09:05:00;214.977;;;106
2026.08.13 05:00:01;Buy;0.01;AUDUSDr;0.70569;0.01;2026.08.14 08:59:00;0.70669;;;159
2026.08.13 06:55:00;Sell;0.05;AUDNZDr;1.20844;0.05;2026.08.14 05:25:00;1.20444;;;1868
2026.08.12 17:55:00;Sell;0.03;AUDNZDr;1.20511;0.03;2026.08.14 05:25:00;1.20444;;;188
2026.08.12 02:40:00;Sell;0.02;AUDNZDr;1.20129;0.02;2026.08.14 05:25:00;1.20444;;;-589
2026.08.11 09:30:00;Sell;0.01;AUDNZDr;1.19925;0.01;2026.08.14 05:25:00;1.20444;;;-485
2026.08.12 08:45:04;Buy;0.01;EURJPYr;183.851;0.01;2026.08.14 03:10:03;183.959;;;108
2026.08.13 16:45:00;Sell;0.01;GBPJPYr;215.074;0.01;2026.08.13 17:11:00;214.948;;;126
2026.08.13 13:15:00;Sell;0.01;GBPJPYr;215.06;0.01;2026.08.13 14:00:00;214.956;;;104
2026.08.13 08:45:00;Sell;0.01;GBPJPYr;215.001;0.01;2026.08.13 09:34:01;214.879;;;122
2026.08.11 13:00:00;Sell;0.01;AUDJPYr;112.393;0.01;2026.08.13 07:57:00;112.29;;;103
2026.08.12 18:45:00;Sell;0.01;GBPJPYr;215.091;0.01;2026.08.13 03:44:00;214.991;;;100
2026.08.12 13:30:00;Sell;0.01;GBPJPYr;215.205;0.01;2026.08.12 14:14:00;215.104;;;101
2026.08.11 15:30:00;Sell;0.01;GBPJPYr;215.007;0.01;2026.08.12 12:25:00;214.89;;;117
2026.08.12 04:15:00;Buy;0.01;GBPUSDr;1.35043;0.01;2026.08.12 12:05:00;1.3514599999999999;;;164
2026.08.11 20:15:00;Buy;0.01;GBPUSDr;1.34984;0.01;2026.08.11 23:01:01;1.35084;;;159
2026.08.11 03:00:00;Buy;0.01;EURJPYr;183.774;0.01;2026.08.11 23:01:00;183.873;;;99
2026.08.11 13:30:00;Sell;0.01;AUDCADr;0.98356;0.01;2026.08.11 21:21:00;0.98256;;;114
2026.08.11 11:15:00;Buy;0.01;GBPUSDr;1.34996;0.01;2026.08.11 18:33:00;1.35101;;;167
2026.08.11 05:00:00;Sell;0.01;GBPJPYr;215.047;0.01;2026.08.11 13:58:00;214.947;;;100
2026.08.10 10:45:00;Buy;0.01;AUDNZDr;1.19934;0.01;2026.08.11 09:47:00;1.2004;;;99
2026.08.11 08:30:00;Buy;0.01;AUDJPYr;112.127;0.01;2026.08.11 08:50:01;112.259;;;132
2026.08.11 07:31:01;Sell;0.01;AUDNZDr;1.19636;0.01;2026.08.11 08:36:00;1.19533;;;97
2026.08.11 05:45:00;Sell;0.01;AUDNZDr;1.19923;0.01;2026.08.11 07:31:00;1.19652;;;254
2026.08.11 04:30:00;Sell;0.01;AUDJPYr;112.318;0.01;2026.08.11 07:31:00;112.183;;;135
2026.08.10 17:15:01;Sell;0.01;AUDNZDr;1.19958;0.01;2026.08.11 03:00:00;1.19861;;;91
2026.08.10 17:30:00;Sell;0.01;AUDCADr;0.98477;0.01;2026.08.10 19:42:00;0.98377;;;114
2026.08.10 02:15:00;Sell;0.01;AUDCADr;0.98536;0.01;2026.08.10 15:49:00;0.98436;;;114
2026.08.10 03:30:00;Sell;0.02;AUDNZDr;1.2004299999999999;0.02;2026.08.10 12:04:00;1.19891;;;284
2026.08.07 13:15:00;Sell;0.01;AUDNZDr;1.19893;0.01;2026.08.10 12:04:00;1.19891;;;2
2026.08.10 07:15:00;Buy;0.01;AUDJPYr;111.71;0.01;2026.08.10 08:09:00;111.821;;;111
2026.08.07 02:00:00;Buy;0.01;GBPJPYr;213.171;0.01;2026.08.10 04:31:00;213.276;;;105
2026.08.07 02:00:00;Buy;0.01;EURJPYr;182.597;0.01;2026.08.10 04:23:00;182.702;;;105
2026.08.08 12:00:14;Balance;;;;;;;;;-15000
2026.08.07 03:00:00;Sell;0.01;AUDCADr;0.98547;0.01;2026.08.07 17:04:00;0.98447;;;113
2026.08.06 06:30:00;Buy;0.01;EURUSDr;1.15504;0.01;2026.08.07 15:31:00;1.15647;;;226
2026.08.06 18:30:00;Buy;0.01;GBPUSDr;1.34535;0.01;2026.08.07 15:31:00;1.34837;;;476
2026.08.06 11:00:00;Buy;0.01;AUDNZDr;1.19838;0.01;2026.08.07 14:31:01;1.1994;;;95
2026.08.06 19:00:00;Buy;0.01;AUDUSDr;0.70279;0.01;2026.08.07 11:47:03;0.70381;;;162
2026.08.07 02:30:00;Buy;0.01;AUDJPYr;111.391;0.01;2026.08.07 11:16:00;111.498;;;107
2026.08.07 02:45:10;Sell;0.01;AUDNZDr;1.19848;0.01;2026.08.07 05:18:00;1.19744;;;97
2026.08.06 17:00:00;Sell;0.01;AUDCADr;0.98656;0.01;2026.08.06 19:17:00;0.98554;;;115
2026.08.06 02:15:02;Buy;0.01;AUDJPYr;111.261;0.01;2026.08.06 17:20:00;111.361;;;100
2026.08.06 15:00:00;Buy;0.01;EURJPYr;182.258;0.01;2026.08.06 17:10:00;182.41;;;152
2026.08.06 09:45:00;Buy;0.01;GBPUSDr;1.34589;0.01;2026.08.06 15:29:00;1.34695;;;167
2026.08.06 05:00:00;Buy;0.01;EURJPYr;182.189;0.01;2026.08.06 14:08:00;182.303;;;114
2026.08.06 08:30:00;Sell;0.01;AUDNZDr;1.19853;0.01;2026.08.06 13:25:00;1.19709;;;134
2026.08.06 05:00:01;Buy;0.01;AUDNZDr;1.1979;0.01;2026.08.06 09:37:00;1.19902;;;104
2026.08.06 07:30:00;Buy;0.01;GBPJPYr;212.313;0.01;2026.08.06 09:23:00;212.419;;;106
2026.08.05 05:55:00;Sell;0.08;AUDCADr;0.99169;0.08;2026.08.06 06:28:00;0.98762;;;3665
2026.08.04 15:25:00;Sell;0.05;AUDCADr;0.98837;0.05;2026.08.06 06:28:00;0.98762;;;422
2026.08.04 05:45:00;Sell;0.03;AUDCADr;0.98543;0.03;2026.08.06 06:28:00;0.98762;;;-740
2026.07.30 17:10:00;Sell;0.02;AUDCADr;0.98304;0.02;2026.08.06 06:28:00;0.98762;;;-1031
2026.07.30 10:00:00;Sell;0.01;AUDCADr;0.97701;0.01;2026.08.06 06:28:00;0.98762;;;-1194
2026.08.05 03:00:00;Sell;0.02;AUDNZDr;1.19917;0.02;2026.08.06 04:53:00;1.19828;;;165
2026.08.04 05:00:00;Sell;0.01;AUDNZDr;1.19526;0.01;2026.08.06 04:53:00;1.19828;;;-280
2026.08.05 07:39:00;Sell;0.03;AUDNZDr;1.20071;0.03;2026.08.06 04:53:00;1.19828;;;677
2026.08.06 02:00:01;Buy;0.01;EURJPYr;182.199;0.01;2026.08.06 03:56:01;182.313;;;114
2026.08.06 02:30:00;Buy;0.01;GBPJPYr;212.332;0.01;2026.08.06 03:54:00;212.432;;;100
2026.08.05 20:15:01;Buy;0.01;EURUSDr;1.15445;0.01;2026.08.05 20:46:00;1.15545;;;158
2026.08.05 20:15:00;Buy;0.01;GBPUSDr;1.34586;0.01;2026.08.05 20:45:02;1.34687;;;159
2026.08.05 16:15:00;Buy;0.01;EURJPYr;181.954;0.01;2026.08.05 19:54:00;182.059;;;105
2026.08.05 13:45:00;Buy;0.01;AUDJPYr;111.099;0.01;2026.08.05 17:39:00;111.205;;;106
2026.08.03 11:00:00;Buy;0.01;GBPUSDr;1.34616;0.01;2026.08.05 14:11:01;1.34728;;;177
2026.08.03 04:20:01;Buy;0.01;EURUSDr;1.15345;0.01;2026.08.05 09:48:00;1.15444;;;156
2026.08.05 03:30:00;Buy;0.01;EURJPYr;181.845;0.01;2026.08.05 09:46:00;181.954;;;109
2026.08.05 03:30:00;Buy;0.01;GBPJPYr;212.126;0.01;2026.08.05 09:17:00;212.227;;;101
2026.08.05 04:00:00;Buy;0.01;AUDJPYr;110.987;0.01;2026.08.05 07:38:01;111.088;;;101
2026.08.03 03:50:00;Buy;0.05;AUDNZDr;1.19372;0.05;2026.08.05 02:09:01;1.19828;;;2116
2026.07.30 06:05:00;Buy;0.03;AUDNZDr;1.19747;0.03;2026.08.05 02:09:01;1.19828;;;225
2026.07.29 21:10:00;Buy;0.02;AUDNZDr;1.20003;0.02;2026.08.05 02:09:01;1.19828;;;-325
2026.07.28 16:45:00;Buy;0.01;AUDNZDr;1.20725;0.01;2026.08.05 02:09:01;1.19828;;;-832
2026.08.04 19:44:01;Buy;0.01;GBPJPYr;211.953;0.01;2026.08.04 21:56:00;212.056;;;103
2026.08.04 14:45:00;Buy;0.01;EURJPYr;181.582;0.01;2026.08.04 21:17:01;181.688;;;106
2026.08.04 19:00:01;Buy;0.01;GBPJPYr;211.835;0.01;2026.08.04 19:44:00;211.937;;;102
2026.08.04 18:45:00;Buy;0.01;GBPJPYr;211.722;0.01;2026.08.04 18:58:00;211.83;;;108
2026.08.04 17:03:01;Buy;0.01;AUDJPYr;110.777;0.01;2026.08.04 17:34:01;110.887;;;110
2026.08.04 16:45:00;Buy;0.01;AUDJPYr;110.663;0.01;2026.08.04 17:03:00;110.767;;;104
2026.08.04 08:21:01;Buy;0.01;GBPJPYr;211.584;0.01;2026.08.04 08:56:00;211.691;;;107
2026.08.04 07:45:00;Buy;0.01;EURJPYr;181.295;0.01;2026.08.04 08:37:00;181.398;;;103
2026.08.04 07:45:01;Buy;0.01;GBPJPYr;211.464;0.01;2026.08.04 08:21:00;211.569;;;105
2026.08.03 19:55:00;Buy;0.03;AUDCADr;0.98272;0.03;2026.08.04 05:13:00;0.98521;;;839
2026.08.03 11:25:00;Buy;0.02;AUDCADr;0.98492;0.02;2026.08.04 05:13:00;0.98521;;;65
2026.08.03 02:15:01;Buy;0.01;AUDCADr;0.98712;0.01;2026.08.04 05:13:00;0.98521;;;-214
2026.08.04 03:00:00;Buy;0.01;AUDUSDr;0.69975;0.01;2026.08.04 04:41:03;0.70077;;;161
2026.08.03 10:30:00;Buy;0.01;AUDJPYr;110.012;0.01;2026.08.04 01:03:00;110.122;;;110
2026.08.03 14:29:02;Buy;0.01;EURJPYr;180.835;0.01;2026.08.04 01:02:01;180.955;;;120
2026.08.03 17:48:01;Buy;0.01;GBPJPYr;210.72;0.01;2026.08.03 18:52:00;210.867;;;147
2026.08.03 17:00:00;Buy;0.01;GBPJPYr;210.563;0.01;2026.08.03 17:48:00;210.696;;;133
2026.08.03 16:45:00;Buy;0.01;GBPJPYr;210.398;0.01;2026.08.03 16:59:00;210.538;;;140
2026.08.03 14:00:00;Buy;0.01;EURJPYr;180.712;0.01;2026.08.03 14:29:01;180.825;;;113
2026.08.03 03:15:00;Buy;0.01;EURGBPr;0.85561;0.01;2026.08.03 12:03:00;0.85666;;;222
2026.08.03 10:43:01;Buy;0.01;GBPJPYr;211.03;0.01;2026.08.03 11:44:00;211.129;;;99
2026.08.03 06:45:00;Sell;0.01;AUDNZDr;1.19552;0.01;2026.08.03 11:06:00;1.1945000000000001;;;94
2026.08.03 10:15:00;Buy;0.01;GBPJPYr;210.856;0.01;2026.08.03 10:43:00;211.018;;;162
2026.08.03 05:06:01;Buy;0.01;EURJPYr;180.521;0.01;2026.08.03 09:25:01;180.64;;;119
2026.08.03 07:35:01;Buy;0.01;GBPJPYr;210.85;0.01;2026.08.03 09:25:00;210.992;;;142
2026.08.03 05:45:00;Buy;0.01;AUDJPYr;109.994;0.01;2026.08.03 09:19:00;110.105;;;111
2026.08.03 07:15:01;Buy;0.01;GBPJPYr;210.728;0.01;2026.08.03 07:35:00;210.834;;;106
2026.08.03 06:00:00;Buy;0.01;GBPJPYr;210.8;0.01;2026.08.03 06:13:00;210.905;;;105
2026.08.03 04:45:00;Buy;0.01;EURJPYr;180.329;0.01;2026.08.03 05:06:00;180.515;;;186
2026.08.03 04:00:00;Buy;0.01;AUDJPYr;109.955;0.01;2026.08.03 05:06:00;110.055;;;100
2026.08.03 04:45:00;Buy;0.01;GBPJPYr;210.693;0.01;2026.08.03 05:04:00;210.799;;;106
2026.08.03 04:30:00;Buy;0.01;EURJPYr;180.187;0.01;2026.08.03 04:37:01;180.303;;;116
2026.08.03 04:30:00;Buy;0.01;GBPJPYr;210.508;0.01;2026.08.03 04:34:00;210.644;;;136
2026.08.03 04:15:00;Buy;0.01;GBPJPYr;210.401;0.01;2026.08.03 04:17:00;210.525;;;124
2026.08.03 04:15:00;Buy;0.01;EURJPYr;180.118;0.01;2026.08.03 04:17:00;180.221;;;103
2026.08.03 04:00:00;Buy;0.01;EURJPYr;180.218;0.01;2026.08.03 04:01:00;180.337;;;119
2026.08.03 04:00:00;Buy;0.01;GBPJPYr;210.587;0.01;2026.08.03 04:01:00;210.737;;;150
2026.08.03 03:45:00;Buy;0.01;AUDJPYr;109.568;0.01;2026.08.03 03:49:00;109.69;;;122
2026.08.03 03:45:00;Buy;0.01;GBPJPYr;209.85;0.01;2026.08.03 03:48:00;210.068;;;218
2026.08.03 02:15:00;Buy;0.01;AUDJPYr;110.992;0.01;2026.08.03 02:20:00;111.098;;;106
2026.08.03 02:00:00;Buy;0.01;AUDJPYr;110.862;0.01;2026.08.03 02:14:00;110.995;;;133
2026.08.03 02:00:00;Buy;0.01;GBPJPYr;212.33;0.01;2026.08.03 02:12:00;212.453;;;123
2026.07.30 20:45:10;Sell;0.01;AUDJPYr;111.6;0.01;2026.08.03 01:01:01;110.724;;;876
2026.07.30 20:45:00;Sell;0.01;GBPJPYr;213.913;0.01;2026.08.03 01:00:47;212.49;;;1423
2026.08.01 04:04:42;Balance;;;;;;;;;-15000
2026.07.30 20:39:27;Sell;0.01;EURJPYr;182.935;0.01;2026.07.30 20:41:01;182.786;;;149
2026.07.30 20:38:54;Sell;0.01;AUDJPYr;111.661;0.01;2026.07.30 20:40:28;111.448;;;213
2026.07.30 20:38:45;Sell;0.01;GBPJPYr;214.016;0.01;2026.07.30 20:40:19;213.577;;;439
2026.07.30 20:15:49;Sell;0.01;EURJPYr;183.953;0.01;2026.07.30 20:37:53;183.288;;;665
2026.07.30 19:45:30;Sell;0.01;AUDJPYr;112.1;0.01;2026.07.30 20:37:19;111.984;;;116
2026.07.30 19:45:33;Sell;0.01;GBPJPYr;214.817;0.01;2026.07.30 20:37:10;214.434;;;383
2026.07.27 21:00:00;Buy;0.01;AUDUSDr;0.69899;0.01;2026.07.30 16:43:00;0.70009;;;177
2026.07.28 17:00:00;Sell;0.01;EURJPYr;186.255;0.01;2026.07.30 16:38:21;185.131;;;1124
2026.07.29 17:00:00;Sell;0.01;GBPJPYr;217.696;0.01;2026.07.30 16:36:35;216.803;;;893
2026.07.29 05:05:02;Buy;0.03;AUDCADr;0.97952;0.03;2026.07.30 16:36:00;0.98074;;;424
2026.07.28 07:45:03;Buy;0.02;AUDCADr;0.98457;0.02;2026.07.30 16:36:00;0.98074;;;-887
2026.07.28 02:00:01;Buy;0.01;AUDCADr;0.98687;0.01;2026.07.30 16:36:00;0.98074;;;-710
2026.07.30 06:45:00;Buy;0.05;AUDCADr;0.97698;0.05;2026.07.30 16:36:00;0.98074;;;2177
2026.07.30 15:15:09;Sell;0.01;AUDJPYr;113.732;0.01;2026.07.30 15:43:18;113.629;;;103
2026.07.30 09:45:00;Sell;0.01;AUDJPYr;113.678;0.01;2026.07.30 13:17:00;113.537;;;141
2026.07.30 07:00:00;Buy;0.01;EURUSDr;1.14501;0.01;2026.07.30 12:21:02;1.146;;;162
2026.07.30 05:00:00;Sell;0.01;AUDCADr;0.97743;0.01;2026.07.30 09:16:00;0.97641;;;119
2026.07.30 04:45:00;Sell;0.01;AUDJPYr;113.801;0.01;2026.07.30 06:14:00;113.697;;;104
2026.07.16 16:15:00;Buy;0.01;EURUSDr;1.14533;0.01;2026.07.29 22:19:00;1.14649;;;189
2026.07.16 18:00:00;Buy;0.01;GBPUSDr;1.34886;0.01;2026.07.29 22:18:00;1.33833;;;-1719
2026.07.24 08:05:00;Buy;0.02;GBPUSDr;1.33115;0.02;2026.07.29 22:18:00;1.33833;;;2345
2026.07.29 21:00:03;Sell;0.01;AUDCADr;0.97878;0.01;2026.07.29 21:32:04;0.97763;;;134
2026.07.29 16:15:00;Sell;0.01;AUDJPYr;113.675;0.01;2026.07.29 17:53:00;113.565;;;110
2026.07.29 12:00:00;Buy;0.01;AUDJPYr;113.596;0.01;2026.07.29 16:00:00;113.708;;;112
2026.07.29 05:30:00;Sell;0.01;GBPUSDr;1.32944;0.01;2026.07.29 15:17:00;1.32797;;;241
2026.07.29 10:45:00;Sell;0.01;GBPJPYr;217.636;0.01;2026.07.29 12:33:00;217.527;;;109
2026.07.29 09:45:00;Sell;0.01;AUDCADr;0.98031;0.01;2026.07.29 11:01:00;0.97927;;;121
2026.07.15 18:20:01;Sell;0.03;GBPJPYr;218.562;0.03;2026.07.29 07:38:18;217.344;;;3654
2026.07.06 19:45:00;Sell;0.02;GBPJPYr;216.996;0.02;2026.07.29 07:38:18;217.344;;;-696
2026.07.03 13:15:00;Sell;0.01;GBPJPYr;215.174;0.01;2026.07.29 07:38:18;217.344;;;-2170
2026.07.06 08:00:00;Sell;0.01;AUDJPYr;112.27;0.01;2026.07.29 04:54:00;113.745;;;-1475
2026.07.24 14:10:00;Sell;0.05;AUDJPYr;114.505;0.05;2026.07.29 04:54:00;113.745;;;3800
2026.07.20 13:45:02;Sell;0.03;AUDJPYr;113.782;0.03;2026.07.29 04:54:00;113.745;;;111
2026.07.14 17:15:00;Sell;0.02;AUDJPYr;113.06;0.02;2026.07.29 04:54:00;113.745;;;-1370
2026.07.28 18:45:01;Sell;0.01;AUDCADr;0.98351;0.01;2026.07.29 04:15:00;0.98246;;;122
2026.07.28 18:30:00;Sell;0.01;GBPUSDr;1.33035;0.01;2026.07.28 20:56:00;1.32928;;;175
2026.07.28 17:00:00;Sell;0.01;GBPUSDr;1.33004;0.01;2026.07.28 17:53:00;1.3287900000000001;;;205
2026.06.26 06:45:00;Sell;0.01;EURUSDr;1.13673;0.01;2026.07.28 12:58:02;1.13569;;;170
2026.07.28 04:15:00;Sell;0.01;EURJPYr;186.271;0.01;2026.07.28 07:57:00;186.16;;;111
2026.07.21 09:30:00;Sell;0.01;AUDNZDr;1.19629;0.01;2026.07.28 07:08:00;1.20879;;;-1181
2026.07.28 05:20:00;Sell;0.24;AUDNZDr;1.2117;0.24;2026.07.28 07:08:00;1.20879;;;6599
2026.07.27 20:50:00;Sell;0.14;AUDNZDr;1.21014;0.14;2026.07.28 07:08:00;1.20879;;;1786
2026.07.23 15:20:00;Sell;0.08;AUDNZDr;1.20807;0.08;2026.07.28 07:08:00;1.20879;;;-544
2026.07.23 06:20:01;Sell;0.05;AUDNZDr;1.20606;0.05;2026.07.28 07:08:00;1.20879;;;-1290
2026.07.21 21:30:00;Sell;0.03;AUDNZDr;1.20125;0.03;2026.07.28 07:08:00;1.20879;;;-2137
2026.07.21 15:00:00;Sell;0.02;AUDNZDr;1.1997200000000001;0.02;2026.07.28 07:08:00;1.20879;;;-1714
2026.07.27 09:50:00;Sell;0.03;AUDCADr;0.98769;0.03;2026.07.28 07:08:00;0.9846;;;1075
2026.07.24 18:25:00;Sell;0.02;AUDCADr;0.98462;0.02;2026.07.28 07:08:00;0.9846;;;5
2026.07.24 04:00:00;Sell;0.01;AUDCADr;0.98153;0.01;2026.07.28 07:08:00;0.9846;;;-356
2026.07.27 19:45:00;Sell;0.01;AUDUSDr;0.69971;0.01;2026.07.27 21:36:01;0.69871;;;164
2026.07.22 21:10:00;Sell;0.02;EURJPYr;186.127;0.02;2026.07.27 20:40:00;186.135;;;-16
2026.07.21 02:00:01;Sell;0.01;EURJPYr;185.461;0.01;2026.07.27 20:40:00;186.135;;;-674
2026.07.27 03:40:00;Sell;0.03;EURJPYr;186.569;0.03;2026.07.27 20:40:00;186.135;;;1302
2026.07.27 17:45:00;Buy;0.01;AUDCADr;0.98634;0.01;2026.07.27 19:37:00;0.98735;;;117
2026.07.27 03:15:00;Sell;0.01;AUDUSDr;0.70002;0.01;2026.07.27 17:30:00;0.69885;;;192
2026.07.01 19:45:00;Buy;0.02;EURGBPr;0.85688;0.02;2026.07.27 13:57:02;0.85552;;;-593
2026.06.29 03:30:00;Buy;0.01;EURGBPr;0.8627;0.01;2026.07.27 13:57:02;0.85552;;;-1565
2026.07.15 17:10:00;Buy;0.03;EURGBPr;0.85049;0.03;2026.07.27 13:57:02;0.85552;;;3288
2026.07.27 02:00:00;Sell;0.01;GBPUSDr;1.33427;0.01;2026.07.27 11:16:00;1.33312;;;188
2026.07.27 02:00:00;Buy;0.01;AUDCADr;0.98526;0.01;2026.07.27 09:01:00;0.98623;;;113
2026.07.27 03:30:00;Buy;0.01;AUDNZDr;1.20567;0.01;2026.07.27 05:03:00;1.20675;;;102
2026.07.23 15:00:00;Buy;0.01;AUDUSDr;0.69936;0.01;2026.07.27 01:03:01;0.70059;;;201
2026.07.24 21:45:00;Buy;0.01;AUDCADr;0.9843;0.01;2026.07.27 01:00:25;0.98599;;;196
2026.07.25 02:33:45;Balance;;;;;;;;;-8000
2026.07.24 18:15:00;Sell;0.01;GBPUSDr;1.3342399999999999;0.01;2026.07.24 19:52:00;1.33318;;;174
2026.07.24 11:00:00;Buy;0.01;AUDNZDr;1.20678;0.01;2026.07.24 11:59:00;1.20782;;;99
2026.07.23 21:25:00;Buy;0.03;AUDCADr;0.98106;0.03;2026.07.24 11:57:00;0.98371;;;925
2026.07.23 15:30:00;Buy;0.02;AUDCADr;0.9833;0.02;2026.07.24 11:57:00;0.98371;;;95
2026.07.23 09:00:00;Buy;0.01;AUDCADr;0.98624;0.01;2026.07.24 11:57:00;0.98371;;;-294
2026.07.24 10:15:00;Sell;0.01;GBPUSDr;1.3338;0.01;2026.07.24 11:39:00;1.3327;;;180
2026.07.20 03:30:01;Sell;0.01;AUDUSDr;0.69844;0.01;2026.07.23 16:06:00;0.6973;;;187
2026.07.23 04:15:00;Sell;0.01;AUDCADr;0.98468;0.01;2026.07.23 15:17:07;0.98363;;;122
2026.07.22 16:10:00;Buy;0.02;AUDCADr;0.98474;0.02;2026.07.23 04:35:01;0.98658;;;426
2026.07.22 07:15:00;Buy;0.01;AUDCADr;0.98727;0.01;2026.07.23 04:35:01;0.98658;;;-80
2026.07.22 13:45:01;Buy;0.01;AUDUSDr;0.69948;0.01;2026.07.23 04:33:00;0.70054;;;173
2026.07.22 17:00:00;Sell;0.01;GBPUSDr;1.33869;0.01;2026.07.22 17:56:02;1.33768;;;165
2026.07.22 16:00:00;Sell;0.01;EURGBPr;0.8539;0.01;2026.07.22 16:43:01;0.85289;;;220
2026.07.22 04:10:00;Sell;0.05;AUDCADr;0.98842;0.05;2026.07.22 15:48:00;0.98454;;;2246
2026.07.21 04:25:00;Sell;0.03;AUDCADr;0.98585;0.03;2026.07.22 15:48:00;0.98454;;;455
2026.07.20 10:50:00;Sell;0.02;AUDCADr;0.98078;0.02;2026.07.22 15:48:00;0.98454;;;-871
2026.07.20 02:00:00;Sell;0.01;AUDCADr;0.97778;0.01;2026.07.22 15:48:00;0.98454;;;-783
2026.07.02 10:50:00;Sell;0.02;GBPUSDr;1.33332;0.02;2026.07.21 16:35:00;1.33719;;;-1260
2026.06.26 07:15:01;Sell;0.01;GBPUSDr;1.3198400000000001;0.01;2026.07.21 16:35:00;1.33719;;;-2824
2026.07.15 18:20:00;Sell;0.03;GBPUSDr;1.34765;0.03;2026.07.21 16:35:00;1.33719;;;5108
2026.07.21 02:00:00;Buy;0.01;AUDNZDr;1.19695;0.01;2026.07.21 10:40:00;1.19798;;;98
2026.07.20 21:45:00;Buy;0.01;AUDCADr;0.98435;0.01;2026.07.21 03:33:02;0.98535;;;115
2026.07.20 17:30:00;Sell;0.03;AUDNZDr;1.19827;0.03;2026.07.21 03:01:00;1.19611;;;616
2026.07.20 13:20:00;Sell;0.02;AUDNZDr;1.19659;0.02;2026.07.21 03:01:00;1.19611;;;91
2026.07.20 09:45:00;Sell;0.01;AUDNZDr;1.1951;0.01;2026.07.21 03:01:00;1.19611;;;-96
2026.07.20 19:15:00;Sell;0.01;EURJPYr;185.538;0.01;2026.07.20 20:50:02;185.438;;;100
2026.07.16 09:00:00;Buy;0.03;AUDNZDr;1.19556;0.03;2026.07.20 17:03:00;1.19852;;;844
2026.07.15 19:40:02;Buy;0.02;AUDNZDr;1.19812;0.02;2026.07.20 17:03:00;1.19852;;;76
2026.07.14 02:00:00;Buy;0.01;AUDNZDr;1.20215;0.01;2026.07.20 17:03:00;1.19852;;;-345
2026.07.15 06:20:00;Sell;0.02;EURJPYr;185.425;0.02;2026.07.20 16:38:00;185.415;;;20
2026.07.13 02:00:00;Sell;0.01;EURJPYr;184.624;0.01;2026.07.20 16:38:00;185.415;;;-791
2026.07.17 09:25:00;Sell;0.03;EURJPYr;185.892;0.03;2026.07.20 16:38:00;185.415;;;1431
2026.07.17 05:45:00;Buy;0.02;AUDCADr;0.98026;0.02;2026.07.20 12:49:00;0.98205;;;414
2026.07.16 04:00:00;Buy;0.01;AUDCADr;0.98253;0.01;2026.07.20 12:49:00;0.98205;;;-56
2026.07.20 02:00:00;Sell;0.01;AUDNZDr;1.19576;0.01;2026.07.20 05:27:01;1.19473;;;98
2026.07.17 20:15:00;Sell;0.01;AUDCADr;0.97845;0.01;2026.07.20 01:04:00;0.97745;;;116
2026.07.17 17:15:00;Sell;0.01;AUDUSDr;0.69767;0.01;2026.07.20 00:07:49;0.69664;;;167
2026.07.18 02:16:03;Balance;;;;;;;;;-8000
2026.07.17 12:00:00;Buy;0.01;AUDUSDr;0.69729;0.01;2026.07.17 18:06:00;0.6983;;;164
2026.07.17 10:15:00;Sell;0.01;AUDUSDr;0.69882;0.01;2026.07.17 11:18:01;0.69772;;;179
2026.07.15 21:45:02;Sell;0.02;AUDUSDr;0.70142;0.02;2026.07.17 05:38:00;0.69791;;;1140
2026.07.14 11:00:00;Sell;0.01;AUDUSDr;0.69407;0.01;2026.07.17 05:38:00;0.69791;;;-624
2026.07.16 17:15:01;Sell;0.01;AUDNZDr;1.19769;0.01;2026.07.17 04:41:00;1.19663;;;101
2026.07.16 17:30:00;Sell;0.01;AUDCADr;0.9828;0.01;2026.07.17 03:43:00;0.98182;;;113
2026.07.14 07:00:00;Sell;0.01;AUDCADr;0.97929;0.01;2026.07.16 15:44:00;0.98163;;;-271
2026.07.15 21:40:01;Sell;0.02;AUDCADr;0.9843;0.02;2026.07.16 15:44:00;0.98163;;;618
2026.07.16 07:20:00;Buy;0.01;EURUSDr;1.14641;0.01;2026.07.16 10:49:01;1.14754;;;183
2026.07.15 05:40:00;Sell;0.02;AUDNZDr;1.20058;0.02;2026.07.15 17:22:00;1.19903;;;293
2026.07.14 17:00:00;Sell;0.01;AUDNZDr;1.19909;0.01;2026.07.15 17:22:00;1.19903;;;6
2026.07.15 10:30:00;Buy;0.01;EURUSDr;1.14228;0.01;2026.07.15 16:06:00;1.1433200000000001;;;169
2026.07.13 20:00:00;Buy;0.05;AUDCADr;0.97946;0.05;2026.07.15 15:59:00;0.98319;;;2152
2026.07.08 10:20:00;Buy;0.03;AUDCADr;0.98313;0.03;2026.07.15 15:59:00;0.98319;;;21
2026.07.07 17:24:00;Buy;0.02;AUDCADr;0.98586;0.02;2026.07.15 15:59:00;0.98319;;;-616
2026.07.07 04:15:00;Buy;0.01;AUDCADr;0.98787;0.01;2026.07.15 15:59:00;0.98319;;;-540
2026.07.15 12:30:00;Buy;0.01;GBPUSDr;1.33936;0.01;2026.07.15 14:47:00;1.34042;;;172
2026.07.14 20:35:00;Buy;0.01;EURUSDr;1.14253;0.01;2026.07.15 04:16:00;1.14361;;;175
2026.07.14 20:15:00;Buy;0.01;GBPUSDr;1.33762;0.01;2026.07.14 22:26:00;1.33865;;;167
2026.06.23 18:15:00;Buy;0.02;AUDUSDr;0.69291;0.02;2026.07.14 15:31:00;0.69808;;;1672
2026.06.18 10:30:00;Buy;0.01;AUDUSDr;0.70326;0.01;2026.07.14 15:31:00;0.69808;;;-837
2026.07.10 08:00:00;Buy;0.01;EURUSDr;1.14431;0.01;2026.07.14 15:31:00;1.14592;;;260
2026.07.10 16:15:00;Buy;0.01;GBPUSDr;1.34151;0.01;2026.07.14 15:31:00;1.34368;;;351
2026.07.13 12:10:01;Buy;0.02;AUDNZDr;1.20071;0.02;2026.07.13 23:07:01;1.20307;;;441
2026.07.13 04:30:00;Buy;0.01;AUDNZDr;1.20472;0.01;2026.07.13 23:07:01;1.20307;;;-154
2026.07.13 10:15:00;Sell;0.01;AUDCADr;0.98156;0.01;2026.07.13 17:18:00;0.98035;;;139
2026.07.13 12:00:00;Sell;0.01;AUDUSDr;0.69418;0.01;2026.07.13 17:17:00;0.69309;;;177
2026.07.13 03:45:00;Buy;0.01;AUDJPYr;112.391;0.01;2026.07.13 11:05:00;112.491;;;100
2026.07.09 02:45:01;Sell;0.01;AUDUSDr;0.6935;0.01;2026.07.13 06:11:01;0.6925;;;162
2026.07.09 09:30:00;Sell;0.01;AUDCADr;0.98276;0.01;2026.07.13 06:08:00;0.98166;;;126
2026.07.10 17:45:00;Sell;0.01;AUDNZDr;1.20558;0.01;2026.07.13 04:28:00;1.20456;;;95
2026.07.10 04:25:00;Buy;0.24;AUDNZDr;1.20285;0.24;2026.07.10 21:30:00;1.20623;;;7561
2026.07.09 19:20:00;Buy;0.14;AUDNZDr;1.2058200000000001;0.14;2026.07.10 21:30:00;1.20623;;;535
2026.07.09 16:10:02;Buy;0.08;AUDNZDr;1.20762;0.08;2026.07.10 21:30:00;1.20623;;;-1036
2026.07.09 11:20:00;Buy;0.05;AUDNZDr;1.20979;0.05;2026.07.10 21:30:00;1.20623;;;-1659
2026.07.09 04:20:00;Buy;0.03;AUDNZDr;1.21164;0.03;2026.07.10 21:30:00;1.20623;;;-1513
2026.07.08 11:25:00;Buy;0.02;AUDNZDr;1.21365;0.02;2026.07.10 21:30:00;1.20623;;;-1383
2026.07.08 02:45:01;Buy;0.01;AUDNZDr;1.21959;0.01;2026.07.10 21:30:00;1.20623;;;-1245
2026.07.10 12:45:00;Sell;0.01;EURJPYr;184.912;0.01;2026.07.10 16:17:01;184.796;;;116
2026.07.10 11:30:00;Buy;0.01;GBPUSDr;1.34155;0.01;2026.07.10 13:54:00;1.34262;;;173
2026.07.10 12:00:00;Buy;0.01;AUDJPYr;112.27;0.01;2026.07.10 12:46:01;112.37;;;100
2026.07.07 21:15:00;Sell;0.01;EURJPYr;184.993;0.01;2026.07.10 05:19:00;184.888;;;105
2026.07.03 16:15:00;Buy;0.01;EURUSDr;1.14446;0.01;2026.07.10 05:15:00;1.14552;;;171
2026.07.10 01:45:15;Balance;;;;;;;;;-4000
2026.07.08 20:30:00;Sell;0.01;AUDCADr;0.98281;0.01;2026.07.09 03:55:00;0.98182;;;114
2026.07.07 16:30:00;Buy;0.01;GBPUSDr;1.33783;0.01;2026.07.08 20:07:00;1.33896;;;184
2026.07.03 04:30:00;Sell;0.01;AUDUSDr;0.69302;0.01;2026.07.08 11:17:01;0.69215;;;141
2026.07.08 04:00:00;Sell;0.01;AUDCADr;0.98488;0.01;2026.07.08 09:36:01;0.98379;;;125
2026.07.06 08:35:00;Sell;0.03;AUDNZDr;1.21886;0.03;2026.07.08 07:24:01;1.21628;;;717
2026.07.06 02:15:01;Sell;0.02;AUDNZDr;1.21652;0.02;2026.07.08 07:24:01;1.21628;;;44
2026.07.03 13:30:00;Sell;0.01;AUDNZDr;1.21445;0.01;2026.07.08 07:24:01;1.21628;;;-170
2026.07.07 18:16:01;Sell;0.01;EURJPYr;185.024;0.01;2026.07.07 19:17:00;184.905;;;119
2026.07.06 21:00:00;Sell;0.05;AUDCADr;0.98794;0.05;2026.07.07 18:19:00;0.98434;;;2053
2026.07.03 15:20:00;Sell;0.03;AUDCADr;0.98528;0.03;2026.07.07 18:19:00;0.98434;;;322
2026.07.03 02:15:07;Sell;0.02;AUDCADr;0.98136;0.02;2026.07.07 18:19:00;0.98434;;;-680
2026.07.01 10:15:00;Sell;0.01;AUDCADr;0.97931;0.01;2026.07.07 18:19:00;0.98434;;;-574
2026.07.07 16:45:00;Sell;0.01;EURJPYr;185.141;0.01;2026.07.07 18:16:00;185.035;;;106
2026.07.07 14:00:00;Sell;0.01;EURJPYr;185.153;0.01;2026.07.07 16:09:00;185.052;;;101
2026.07.07 06:30:01;Buy;0.01;AUDNZDr;1.21886;0.01;2026.07.07 10:04:00;1.21995;;;101
2026.07.06 17:45:00;Sell;0.01;EURJPYr;185.255;0.01;2026.07.07 04:31:00;185.149;;;106
2026.07.03 17:00:00;Buy;0.01;GBPUSDr;1.33498;0.01;2026.07.06 18:07:00;1.33602;;;169
2026.07.06 16:15:01;Buy;0.01;AUDCADr;0.98576;0.01;2026.07.06 17:17:01;0.9868;;;119
2026.07.06 16:15:00;Sell;0.01;EURJPYr;185.382;0.01;2026.07.06 16:54:00;185.279;;;103
2026.07.06 05:45:00;Buy;0.01;AUDCADr;0.98457;0.01;2026.07.06 10:42:00;0.98567;;;126
2026.06.30 02:45:01;Buy;0.03;AUDNZDr;1.21847;0.03;2026.07.06 04:16:00;1.21753;;;-260
2026.06.29 07:20:00;Buy;0.02;AUDNZDr;1.22066;0.02;2026.07.06 04:16:00;1.21753;;;-576
2026.06.26 03:30:00;Buy;0.01;AUDNZDr;1.22226;0.01;2026.07.06 04:16:00;1.21753;;;-435
2026.07.01 08:30:00;Buy;0.08;AUDNZDr;1.21478;0.08;2026.07.06 04:16:00;1.21753;;;2025
2026.07.01 05:00:00;Buy;0.05;AUDNZDr;1.21662;0.05;2026.07.06 04:16:00;1.21753;;;419
2026.07.04 03:35:40;Balance;;;;;;;;;-5000
2026.07.02 10:25:00;Buy;0.02;AUDJPYr;111.492;0.02;2026.07.03 19:20:01;111.915;;;846
2026.07.01 02:30:01;Buy;0.01;AUDJPYr;112.445;0.01;2026.07.03 19:20:01;111.915;;;-530
2026.07.03 09:45:00;Buy;0.01;EURJPYr;184.238;0.01;2026.07.03 11:47:00;184.348;;;110
2026.07.02 16:00:00;Sell;0.01;AUDNZDr;1.21462;0.01;2026.07.03 09:41:00;1.21355;;;99
2026.07.03 05:00:00;Sell;0.01;GBPJPYr;215.343;0.01;2026.07.03 09:34:00;215.136;;;207
2026.07.02 19:15:00;Buy;0.01;AUDCADr;0.98285;0.01;2026.07.03 09:30:00;0.98395;;;125
2026.07.03 02:00:00;Sell;0.01;GBPJPYr;215.192;0.01;2026.07.03 04:20:00;215.081;;;111
2026.07.02 20:40:00;Buy;0.01;EURUSDr;1.14301;0.01;2026.07.03 04:20:00;1.14414;;;182
2026.07.01 02:30:00;Buy;0.01;AUDCADr;0.98207;0.01;2026.07.02 16:48:00;0.98308;;;115
2026.07.02 15:15:01;Sell;0.01;AUDNZDr;1.21517;0.01;2026.07.02 15:44:00;1.21413;;;96
2026.06.24 10:35:00;Buy;0.03;EURUSDr;1.13556;0.03;2026.07.02 15:36:00;1.14526;;;4678
2026.06.18 12:40:00;Buy;0.02;EURUSDr;1.14828;0.02;2026.07.02 15:36:00;1.14526;;;-971
2026.06.17 06:20:00;Buy;0.01;EURUSDr;1.16106;0.01;2026.07.02 15:36:00;1.14526;;;-2540
2026.06.30 18:10:00;Sell;0.02;GBPJPYr;215.636;0.02;2026.07.02 15:35:01;214.774;;;1724
2026.06.26 08:45:00;Sell;0.01;GBPJPYr;213.367;0.01;2026.07.02 15:35:01;214.774;;;-1407
2026.07.02 12:00:00;Sell;0.01;AUDUSDr;0.69088;0.01;2026.07.02 13:44:01;0.68977;;;179
2026.07.02 09:30:00;Sell;0.01;AUDNZDr;1.21495;0.01;2026.07.02 10:21:00;1.2139;;;96
2026.07.02 05:00:02;Sell;0.01;EURJPYr;184.987;0.01;2026.07.02 08:29:01;184.885;;;102
2026.07.01 17:45:00;Sell;0.01;AUDUSDr;0.69041;0.01;2026.07.01 21:19:00;0.6894;;;164
2026.06.17 09:45:00;Buy;0.01;GBPUSDr;1.34148;0.01;2026.07.01 17:41:00;1.32897;;;-2031
2026.06.22 07:25:00;Buy;0.02;GBPUSDr;1.3207499999999999;0.02;2026.07.01 17:41:00;1.32897;;;2669
2026.07.01 15:45:00;Sell;0.01;AUDNZDr;1.21644;0.01;2026.07.01 17:04:00;1.21542;;;94
2026.06.30 17:15:00;Sell;0.01;EURJPYr;185.299;0.01;2026.07.01 15:12:00;185.192;;;107
2026.06.30 17:35:00;Sell;0.02;AUDCADr;0.98099;0.02;2026.07.01 05:09:00;0.97924;;;400
2026.06.30 09:30:00;Sell;0.01;AUDCADr;0.9787;0.01;2026.07.01 05:09:00;0.97924;;;-62
2026.06.30 18:15:00;Sell;0.01;AUDNZDr;1.21796;0.01;2026.07.01 04:21:00;1.21695;;;93
2026.06.30 20:00:00;Sell;0.01;AUDUSDr;0.69119;0.01;2026.07.01 03:56:02;0.69019;;;163
2026.07.01 01:54:32;Balance;;;;;;;;;-3000
2026.06.30 18:00:00;Sell;0.01;AUDUSDr;0.69246;0.01;2026.06.30 18:45:00;0.69144;;;166
2026.06.23 08:40:00;Buy;0.02;AUDJPYr;112.583;0.02;2026.06.30 17:55:00;112.401;;;-364
2026.06.17 03:00:00;Buy;0.01;AUDJPYr;113.36;0.01;2026.06.30 17:55:00;112.401;;;-959
2026.06.24 02:25:05;Buy;0.03;AUDJPYr;111.722;0.03;2026.06.30 17:55:00;112.401;;;2037
2026.06.26 05:40:00;Buy;0.14;AUDCADr;0.97751;0.14;2026.06.30 17:44:00;0.98169;;;6692
2026.06.24 21:10:00;Buy;0.08;AUDCADr;0.98037;0.08;2026.06.30 17:44:00;0.98169;;;1208
2026.06.23 21:05:00;Buy;0.05;AUDCADr;0.98243;0.05;2026.06.30 17:44:00;0.98169;;;-423
2026.06.23 06:35:00;Buy;0.03;AUDCADr;0.988;0.03;2026.06.30 17:44:00;0.98169;;;-2165
2026.06.23 02:30:00;Buy;0.02;AUDCADr;0.99077;0.02;2026.06.30 17:44:00;0.98169;;;-2077
2026.06.22 05:30:00;Buy;0.01;AUDCADr;0.99348;0.01;2026.06.30 17:44:00;0.98169;;;-1348
2026.06.30 13:45:00;Sell;0.01;EURJPYr;185.065;0.01;2026.06.30 14:38:00;184.953;;;112
2026.06.29 15:05:00;Sell;0.02;AUDCADr;0.97984;0.02;2026.06.29 17:15:00;0.97805;;;408
2026.06.29 06:15:01;Sell;0.01;AUDCADr;0.97768;0.01;2026.06.29 17:15:00;0.97805;;;-42
2026.06.26 19:30:00;Buy;0.01;EURJPYr;184.245;0.01;2026.06.29 08:52:00;184.35;;;105
2026.06.26 12:30:00;Sell;0.01;AUDCADr;0.97853;0.01;2026.06.29 03:24:00;0.97738;;;131
2026.06.27 00:54:17;Balance;;;;;;;;;-3000
2026.06.26 16:00:00;Sell;0.01;EURGBPr;0.86496;0.01;2026.06.26 16:52:02;0.86394;;;218
2026.06.23 14:00:00;Buy;0.01;EURGBPr;0.86241;0.01;2026.06.26 15:36:00;0.86349;;;231
2026.06.25 20:15:00;Buy;0.01;EURJPYr;183.997;0.01;2026.06.26 11:10:00;184.112;;;115
2026.06.25 17:30:00;Sell;0.01;AUDNZDr;1.2226;0.01;2026.06.26 06:01:01;1.22146;;;104
2026.06.25 17:49:01;Sell;0.01;GBPJPYr;213.353;0.01;2026.06.26 05:56:00;213.244;;;109
2026.06.25 17:15:00;Sell;0.01;EURUSDr;1.13737;0.01;2026.06.26 02:33:02;1.13635;;;165
2026.06.25 17:30:00;Sell;0.01;GBPUSDr;1.31981;0.01;2026.06.26 02:18:00;1.3188;;;163
2026.06.25 18:45:00;Sell;0.01;AUDCADr;0.98201;0.01;2026.06.25 22:46:00;0.98103;;;112
2026.06.25 17:30:00;Sell;0.01;GBPJPYr;213.473;0.01;2026.06.25 17:49:00;213.364;;;109
2026.06.25 17:15:00;Sell;0.01;GBPUSDr;1.32033;0.01;2026.06.25 17:25:00;1.31927;;;171
2026.06.25 17:15:00;Sell;0.01;GBPJPYr;213.503;0.01;2026.06.25 17:24:00;213.394;;;109
2026.06.25 17:00:00;Buy;0.01;EURJPYr;183.814;0.01;2026.06.25 17:06:00;183.945;;;131
2026.06.25 10:30:00;Sell;0.01;AUDNZDr;1.22253;0.01;2026.06.25 17:01:00;1.22149;;;95
2026.06.25 07:15:00;Sell;0.01;AUDCADr;0.98144;0.01;2026.06.25 16:47:00;0.98045;;;113
2026.06.25 13:45:00;Buy;0.01;EURJPYr;183.679;0.01;2026.06.25 15:38:00;183.79;;;111
2026.06.25 05:45:00;Sell;0.01;GBPJPYr;213.061;0.01;2026.06.25 14:52:00;212.932;;;129
2026.06.24 18:15:00;Sell;0.01;EURUSDr;1.13507;0.01;2026.06.25 14:18:00;1.13403;;;168
2026.06.25 05:30:01;Sell;0.01;GBPUSDr;1.31776;0.01;2026.06.25 13:47:01;1.31665;;;180
2026.06.25 10:53:01;Buy;0.01;EURJPYr;183.827;0.01;2026.06.25 11:31:00;183.928;;;101
2026.06.25 10:30:00;Buy;0.01;EURJPYr;183.707;0.01;2026.06.25 10:53:00;183.811;;;104
2026.06.24 04:45:00;Buy;0.01;EURJPYr;183.773;0.01;2026.06.25 06:49:01;183.873;;;100
2026.06.25 01:43:42;Balance;;;;;;;;;-1000
2026.06.24 18:15:00;Sell;0.01;AUDCADr;0.98142;0.01;2026.06.24 20:44:00;0.98035;;;122
2026.06.24 20:00:00;Sell;0.01;GBPJPYr;213.036;0.01;2026.06.24 20:27:01;212.918;;;118
2026.06.24 18:45:00;Sell;0.01;GBPJPYr;212.929;0.01;2026.06.24 19:02:00;212.82;;;109
2026.06.24 13:45:00;Sell;0.01;AUDNZDr;1.22289;0.01;2026.06.24 16:58:00;1.22188;;;92
2026.06.19 09:34:01;Sell;0.01;GBPJPYr;212.813;0.01;2026.06.24 14:05:00;212.663;;;150
2026.06.23 05:45:00;Buy;0.01;AUDNZDr;1.22375;0.01;2026.06.24 13:31:00;1.22258;;;-107
2026.06.23 18:30:00;Buy;0.02;AUDNZDr;1.22037;0.02;2026.06.24 13:31:00;1.22258;;;403
2026.06.24 08:30:01;Sell;0.01;AUDCADr;0.98237;0.01;2026.06.24 11:23:01;0.98129;;;123
2026.06.24 01:27:49;Balance;;;;;;;;;-2000
2026.06.22 13:00:00;Sell;0.01;GBPUSDr;1.32285;0.01;2026.06.23 11:32:00;1.3218;;;169
2026.06.19 08:20:00;Sell;0.05;AUDNZDr;1.22105;0.05;2026.06.23 11:22:02;1.22179;;;-340
2026.06.19 05:20:00;Sell;0.03;AUDNZDr;1.21864;0.03;2026.06.23 11:22:02;1.22179;;;-867
2026.06.18 13:10:00;Sell;0.02;AUDNZDr;1.21651;0.02;2026.06.23 11:22:02;1.22179;;;-969
2026.06.18 09:45:00;Sell;0.01;AUDNZDr;1.21492;0.01;2026.06.23 11:22:02;1.22179;;;-630
2026.06.22 19:41:00;Sell;0.14;AUDNZDr;1.22425;0.14;2026.06.23 11:22:02;1.22179;;;3160
2026.06.22 05:05:00;Sell;0.08;AUDNZDr;1.22271;0.08;2026.06.23 11:22:02;1.22179;;;675
2026.06.23 05:30:01;Sell;0.01;EURUSDr;1.14297;0.01;2026.06.23 10:42:00;1.14186;;;179
2026.06.23 05:00:00;Sell;0.01;EURJPYr;184.641;0.01;2026.06.23 10:02:00;184.488;;;153
2026.06.23 08:26:03;Balance;;;;;;;;;-2000
2026.06.22 04:35:00;Sell;0.08;AUDCADr;0.99433;0.08;2026.06.23 03:13:00;0.98989;;;4052
2026.06.18 03:20:00;Sell;0.05;AUDCADr;0.99045;0.05;2026.06.23 03:13:00;0.98989;;;319
2026.06.15 15:05:00;Sell;0.03;AUDCADr;0.98826;0.03;2026.06.23 03:13:00;0.98989;;;-558
2026.06.12 06:55:00;Sell;0.02;AUDCADr;0.98352;0.02;2026.06.23 03:13:00;0.98989;;;-1453
2026.06.11 17:00:00;Sell;0.01;AUDCADr;0.97846;0.01;2026.06.23 03:13:00;0.98989;;;-1304
2026.06.19 10:45:02;Sell;0.01;EURJPYr;184.644;0.01;2026.06.22 17:47:01;184.5;;;144
2026.06.16 12:00:00;Sell;0.01;EURGBPr;0.86453;0.01;2026.06.22 15:50:01;0.86353;;;215
2026.06.22 12:50:06;Sell;0.01;EURUSDr;1.14602;0.01;2026.06.22 14:26:00;1.14502;;;162
2026.06.19 14:15:03;Sell;0.01;EURUSDr;1.14642;0.01;2026.06.22 07:07:04;1.14542;;;162
2026.06.22 04:00:00;Sell;0.01;GBPUSDr;1.32227;0.01;2026.06.22 06:58:00;1.321;;;205
2026.06.19 20:15:01;Sell;0.01;GBPUSDr;1.32298;0.01;2026.06.22 00:07:40;1.31945;;;569
2026.06.20 09:45:56;Balance;;;;;;;;;-1000
2026.06.19 11:45:00;Sell;0.01;GBPUSDr;1.3228900000000001;0.01;2026.06.19 16:38:00;1.32173;;;187
2026.06.18 21:45:00;Buy;0.01;AUDCADr;0.99209;0.01;2026.06.19 15:52:00;0.99332;;;140
2026.06.19 11:45:01;Sell;0.01;EURUSDr;1.14636;0.01;2026.06.19 13:22:01;1.14535;;;163
2026.06.19 09:15:00;Sell;0.01;GBPJPYr;212.945;0.01;2026.06.19 09:34:00;212.829;;;116
2026.06.19 03:55:00;Sell;0.01;EURUSDr;1.14633;0.01;2026.06.19 05:06:00;1.14531;;;164
2026.06.18 18:45:00;Sell;0.01;GBPJPYr;213.099;0.01;2026.06.18 22:41:00;212.984;;;115
2026.06.18 19:00:00;Sell;0.01;EURJPYr;185.073;0.01;2026.06.18 19:01:00;184.971;;;102
2026.06.18 12:00:00;Buy;0.01;AUDCADr;0.99033;0.01;2026.06.18 16:32:00;0.99136;;;117
2026.06.18 12:29:35;Balance;;;;;;;;;-5000
2026.06.01 04:15:01;Buy;0.01;EURGBPr;0.8658;0.01;2026.06.18 11:53:02;0.8668;;;213
2026.06.18 03:00:00;Sell;0.01;GBPJPYr;213.61;0.01;2026.06.18 10:36:01;213.511;;;99
2026.06.18 04:30:00;Buy;0.01;AUDNZDr;1.21474;0.01;2026.06.18 10:34:00;1.2158;;;98
2026.06.18 09:30:00;Sell;0.01;EURJPYr;185.157;0.01;2026.06.18 10:00:00;185.05;;;107
2026.06.18 09:00:00;Buy;0.01;AUDUSDr;0.703;0.01;2026.06.18 09:47:01;0.704;;;161
2026.06.18 06:30:00;Sell;0.01;EURJPYr;185.031;0.01;2026.06.18 08:58:00;184.928;;;103
2026.06.17 21:25:00;Sell;0.03;AUDNZDr;1.21635;0.03;2026.06.18 07:43:01;1.21391;;;681
2026.06.17 13:25:01;Sell;0.02;AUDNZDr;1.21415;0.02;2026.06.18 07:43:01;1.21391;;;45
2026.06.17 05:15:00;Sell;0.01;AUDNZDr;1.21231;0.01;2026.06.18 07:43:01;1.21391;;;-149
2026.06.18 02:00:02;Buy;0.01;AUDNZDr;1.21457;0.01;2026.06.18 03:10:00;1.21559;;;95
2026.06.12 12:00:00;Sell;0.01;AUDUSDr;0.70406;0.01;2026.06.17 22:05:00;0.70306;;;161
2026.06.12 17:15:00;Sell;0.01;EURUSDr;1.1573;0.01;2026.06.17 21:01:00;1.15482;;;398
2026.06.16 19:00:00;Buy;0.01;AUDCADr;0.98958;0.01;2026.06.17 16:49:00;0.9906;;;117
2026.06.17 09:00:00;Buy;0.01;AUDUSDr;0.70595;0.01;2026.06.17 16:47:01;0.70696;;;162
2026.06.16 11:15:00;Buy;0.01;AUDNZDr;1.21246;0.01;2026.06.17 10:46:02;1.21347;;;94
2026.06.16 16:45:00;Sell;0.01;GBPJPYr;215.138;0.01;2026.06.17 09:31:00;215.009;;;129
2026.06.16 18:45:01;Sell;0.01;GBPUSDr;1.34238;0.01;2026.06.17 09:31:00;1.34131;;;172
2026.06.16 18:00:00;Sell;0.01;EURJPYr;186.177;0.01;2026.06.17 09:22:02;186.065;;;112
2026.06.16 06:25:01;Sell;0.02;AUDNZDr;1.21509;0.02;2026.06.16 18:58:00;1.21185;;;607
2026.06.12 16:00:00;Sell;0.01;AUDNZDr;1.20847;0.01;2026.06.16 18:58:00;1.21185;;;-317
2026.06.15 18:30:00;Buy;0.01;EURUSDr;1.16036;0.01;2026.06.16 18:55:00;1.16143;;;172
2026.06.16 16:30:00;Buy;0.01;GBPUSDr;1.3409900000000001;0.01;2026.06.16 17:56:00;1.3421699999999999;;;189
2026.06.16 11:00:00;Sell;0.01;GBPUSDr;1.34165;0.01;2026.06.16 17:34:00;1.3404;;;201
2026.06.16 11:45:07;Sell;0.01;GBPJPYr;215.122;0.01;2026.06.16 15:26:00;215.004;;;118
2026.06.16 03:45:00;Buy;0.01;AUDJPYr;113.245;0.01;2026.06.16 13:10:00;113.356;;;111
2026.06.16 07:32:02;Buy;0.01;AUDCADr;0.98835;0.01;2026.06.16 11:29:00;0.9894;;;120
2026.06.16 08:00:00;Buy;0.01;AUDUSDr;0.70512;0.01;2026.06.16 11:26:00;0.70622;;;176
2026.06.16 05:15:00;Buy;0.01;GBPUSDr;1.3401399999999999;0.01;2026.06.16 10:36:00;1.34114;;;160
2026.06.12 17:15:00;Sell;0.01;GBPUSDr;1.34054;0.01;2026.06.16 07:24:00;1.3395000000000001;;;167
2026.06.12 17:15:00;Sell;0.01;GBPJPYr;214.812;0.01;2026.06.16 05:02:01;214.698;;;114
2026.06.15 12:15:00;Sell;0.01;EURJPYr;185.843;0.01;2026.06.16 03:16:01;185.738;;;105
2026.06.15 20:00:00;Sell;0.01;AUDJPYr;113.435;0.01;2026.06.16 01:29:02;113.321;;;114
2026.06.15 23:57:34;Balance;;;;;;;;;-5000
2026.06.15 09:45:00;Buy;0.01;AUDJPYr;113.29;0.01;2026.06.15 17:52:00;113.395;;;105
2026.06.15 08:45:00;Buy;0.01;AUDCADr;0.9886;0.01;2026.06.15 17:49:00;0.98978;;;135
2026.06.15 11:45:00;Buy;0.01;GBPUSDr;1.34256;0.01;2026.06.15 16:16:04;1.34356;;;160
2026.06.15 11:45:00;Buy;0.01;EURUSDr;1.16016;0.01;2026.06.15 13:35:01;1.16126;;;176
2026.06.15 08:15:00;Buy;0.01;AUDNZDr;1.2088;0.01;2026.06.15 10:39:00;1.20981;;;94
2026.06.12 19:45:00;Buy;0.01;AUDNZDr;1.20865;0.01;2026.06.15 03:21:00;1.20975;;;103
2026.06.15 02:15:05;Buy;0.01;AUDCADr;0.9877;0.01;2026.06.15 03:20:00;0.98869;;;113
2026.06.08 12:05:00;Buy;0.03;EURUSDr;1.15101;0.03;2026.06.15 01:02:00;1.16079;;;4689
2026.05.15 09:05:00;Buy;0.02;EURUSDr;1.16383;0.02;2026.06.15 01:02:00;1.16079;;;-972
2026.05.12 02:40:05;Buy;0.01;EURUSDr;1.17802;0.01;2026.06.15 01:02:00;1.16079;;;-2753
2026.06.11 12:05:00;Buy;0.03;AUDUSDr;0.69956;0.03;2026.06.15 00:55:03;0.7079;;;4000
2026.06.05 17:55:00;Buy;0.02;AUDUSDr;0.70786;0.02;2026.06.15 00:55:03;0.7079;;;13
2026.06.03 15:15:00;Buy;0.01;AUDUSDr;0.7166;0.01;2026.06.15 00:55:03;0.7079;;;-1391
2026.06.13 06:44:35;Balance;;;;;;;;;-2000
2026.06.12 21:30:00;Sell;0.01;EURJPYr;185.45;0.01;2026.06.12 23:55:00;185.366;;;84
2026.06.12 15:15:00;Buy;0.01;AUDCADr;0.98444;0.01;2026.06.12 21:33:00;0.98545;;;116
2026.06.12 18:30:00;Sell;0.01;EURJPYr;185.533;0.01;2026.06.12 19:12:00;185.431;;;102
2026.06.12 11:19:01;Buy;0.01;AUDJPYr;112.826;0.01;2026.06.12 17:58:00;112.94;;;114
2026.06.12 10:30:00;Buy;0.01;AUDNZDr;1.20811;0.01;2026.06.12 17:51:00;1.2092100000000001;;;103
2026.06.12 16:18:02;Buy;0.01;GBPUSDr;1.3402;0.01;2026.06.12 16:33:00;1.34124;;;167
2026.06.12 15:30:00;Buy;0.01;GBPUSDr;1.33904;0.01;2026.06.12 16:18:01;1.34013;;;175
2026.06.12 12:00:03;Sell;0.01;EURUSDr;1.15766;0.01;2026.06.12 15:23:01;1.15664;;;163
2026.06.12 02:30:00;Sell;0.01;AUDNZDr;1.20832;0.01;2026.06.12 13:25:00;1.20726;;;99
2026.06.12 10:15:00;Buy;0.01;AUDJPYr;112.665;0.01;2026.06.12 11:19:00;112.804;;;139
2026.06.12 04:15:00;Buy;0.01;AUDCADr;0.98386;0.01;2026.06.12 11:19:00;0.98485;;;113
2026.06.12 10:30:00;Buy;0.01;GBPUSDr;1.3393;0.01;2026.06.12 11:17:00;1.3404099999999999;;;178
2026.06.12 10:00:00;Sell;0.01;EURJPYr;185.535;0.01;2026.06.12 10:13:00;185.433;;;102
2026.06.12 09:00:00;Buy;0.01;AUDJPYr;112.698;0.01;2026.06.12 09:10:00;112.801;;;103
2026.06.12 07:00:00;Sell;0.01;AUDUSDr;0.70392;0.01;2026.06.12 08:51:00;0.70259;;;213
2026.06.12 05:15:00;Sell;0.01;GBPJPYr;214.908;0.01;2026.06.12 08:51:00;214.796;;;112
2026.06.12 06:45:00;Sell;0.01;EURUSDr;1.15732;0.01;2026.06.12 08:48:08;1.15628;;;167
2026.06.12 06:30:00;Sell;0.01;GBPUSDr;1.34113;0.01;2026.06.12 08:46:00;1.34005;;;173
2026.06.12 02:00:00;Sell;0.01;GBPUSDr;1.34234;0.01;2026.06.12 03:01:00;1.34122;;;179
2026.06.12 01:53:23;Balance;;;;;;;;;-5000
2026.06.08 12:05:00;Buy;0.02;AUDJPYr;112.845;0.02;2026.06.11 23:57:01;112.759;;;-172
2026.06.05 16:00:00;Buy;0.01;AUDJPYr;113.803;0.01;2026.06.11 23:57:01;112.759;;;-1044
2026.06.11 16:25:00;Buy;0.03;AUDJPYr;112.128;0.03;2026.06.11 23:57:01;112.759;;;1893
2026.06.11 20:35:01;Buy;0.01;GBPUSDr;1.33989;0.01;2026.06.11 22:10:00;1.34089;;;160
2026.06.11 19:25:00;Sell;0.02;AUDNZDr;1.21031;0.02;2026.06.11 20:45:00;1.20845;;;346
2026.06.11 06:30:00;Sell;0.01;AUDNZDr;1.20786;0.01;2026.06.11 20:45:00;1.20845;;;-55
2026.06.10 20:15:00;Buy;0.01;GBPUSDr;1.33866;0.01;2026.06.11 20:35:00;1.33984;;;189
2026.06.10 12:50:00;Buy;0.14;AUDCADr;0.97628;0.14;2026.06.11 20:30:00;0.98047;;;6721
2026.06.09 19:50:00;Buy;0.08;AUDCADr;0.97918;0.08;2026.06.11 20:30:00;0.98047;;;1182
2026.06.08 09:05:00;Buy;0.05;AUDCADr;0.98194;0.05;2026.06.11 20:30:00;0.98047;;;-842
2026.06.05 17:45:01;Buy;0.03;AUDCADr;0.98436;0.03;2026.06.11 20:30:00;0.98047;;;-1337
2026.06.05 03:22:00;Buy;0.02;AUDCADr;0.99083;0.02;2026.06.11 20:30:00;0.98047;;;-2374
2026.06.02 20:30:00;Buy;0.01;AUDCADr;0.99283;0.01;2026.06.11 20:30:00;0.98047;;;-1416
2026.06.08 13:45:00;Sell;0.01;EURUSDr;1.15244;0.01;2026.06.11 19:04:00;1.15129;;;185
2026.06.10 06:40:03;Sell;0.02;EURJPYr;185.149;0.02;2026.06.11 18:10:00;184.826;;;646
2026.06.08 14:15:00;Sell;0.01;EURJPYr;184.495;0.01;2026.06.11 18:10:00;184.826;;;-331
2026.06.09 04:45:00;Sell;0.01;GBPUSDr;1.33465;0.01;2026.06.11 17:31:00;1.33356;;;175
2026.06.10 06:30:00;Sell;0.02;GBPJPYr;214.623;0.02;2026.06.11 17:13:00;214.119;;;1008
2026.06.08 13:45:00;Sell;0.01;GBPJPYr;213.424;0.01;2026.06.11 17:13:00;214.119;;;-695
2026.06.09 17:00:00;Buy;0.02;AUDNZDr;1.2083;0.02;2026.06.11 07:39:02;1.20859;;;54
2026.06.09 06:45:01;Buy;0.01;AUDNZDr;1.21048;0.01;2026.06.11 07:39:02;1.20859;;;-176
2026.06.10 12:30:00;Buy;0.03;AUDNZDr;1.20604;0.03;2026.06.11 07:39:02;1.20859;;;712
2026.06.10 14:45:00;Buy;0.01;GBPUSDr;1.33783;0.01;2026.06.10 15:27:00;1.33896;;;181
2026.06.10 08:42:28;Balance;;;;;;;;;-5000
2026.06.10 02:00:00;Buy;0.01;GBPUSDr;1.33722;0.01;2026.06.10 05:45:04;1.33823;;;162
2026.06.09 21:45:00;Sell;0.01;AUDCADr;0.98089;0.01;2026.06.10 01:03:00;0.97975;;;131
2026.06.08 09:30:00;Sell;0.01;AUDCADr;0.98231;0.01;2026.06.09 18:30:00;0.98119;;;129
2026.06.08 17:45:00;Buy;0.01;GBPUSDr;1.33444;0.01;2026.06.09 07:38:00;1.33552;;;173
2026.06.08 16:45:00;Sell;0.01;GBPUSDr;1.3356;0.01;2026.06.08 17:17:00;1.33459;;;162
2026.06.08 14:15:00;Sell;0.01;GBPUSDr;1.33608;0.01;2026.06.08 15:51:00;1.3349;;;189
2026.06.03 11:45:00;Sell;0.24;AUDNZDr;1.21439;0.24;2026.06.08 14:19:00;1.21328;;;2484
2026.06.03 08:25:00;Sell;0.14;AUDNZDr;1.21232;0.14;2026.06.08 14:19:00;1.21328;;;-1253
2026.06.02 16:31:00;Sell;0.08;AUDNZDr;1.21082;0.08;2026.06.08 14:19:00;1.21328;;;-1835
2026.06.02 04:35:01;Sell;0.05;AUDNZDr;1.20935;0.05;2026.06.08 14:19:00;1.21328;;;-1832
2026.06.01 12:31:00;Sell;0.03;AUDNZDr;1.20523;0.03;2026.06.08 14:19:00;1.21328;;;-2252
2026.06.01 07:55:00;Sell;0.02;AUDNZDr;1.20364;0.02;2026.06.08 14:19:00;1.21328;;;-1797
2026.06.01 04:00:00;Sell;0.01;AUDNZDr;1.20159;0.01;2026.06.08 14:19:00;1.21328;;;-1090
2026.06.05 15:33:00;Sell;0.41;AUDNZDr;1.21595;0.41;2026.06.08 14:19:00;1.21328;;;10206
2026.06.08 12:00:00;Buy;0.01;GBPUSDr;1.33217;0.01;2026.06.08 13:26:00;1.33323;;;170
2026.06.08 10:58:01;Sell;0.01;GBPJPYr;213.579;0.01;2026.06.08 11:42:00;213.469;;;110
2026.06.08 02:15:00;Sell;0.01;EURJPYr;184.632;0.01;2026.06.08 11:02:00;184.507;;;125
2026.06.08 10:30:00;Sell;0.01;GBPJPYr;213.721;0.01;2026.06.08 10:58:00;213.597;;;124
2026.06.08 05:30:00;Sell;0.01;EURUSDr;1.15287;0.01;2026.06.08 08:58:01;1.15183;;;167
2026.06.08 05:15:01;Sell;0.01;GBPJPYr;213.792;0.01;2026.06.08 08:54:00;213.685;;;107
2026.06.08 03:30:01;Sell;0.01;AUDCADr;0.98261;0.01;2026.06.08 08:42:00;0.98154;;;123
2026.06.08 05:00:00;Sell;0.01;GBPJPYr;213.832;0.01;2026.06.08 05:11:00;213.727;;;105
2026.06.08 04:26:01;Sell;0.01;GBPJPYr;213.752;0.01;2026.06.08 04:31:00;213.578;;;174
2026.06.08 03:50:01;Sell;0.01;EURUSDr;1.15293;0.01;2026.06.08 04:31:00;1.15129;;;263
2026.06.08 03:45:00;Sell;0.01;GBPJPYr;213.879;0.01;2026.06.08 04:26:00;213.76;;;119
2026.06.06 07:22:18;Balance;;;;;;;;;-2000
2026.05.18 05:30:00;Sell;0.01;GBPJPYr;211.556;0.01;2026.06.05 18:48:00;214.144;;;-2588
2026.06.02 09:45:00;Sell;0.05;GBPJPYr;215.244;0.05;2026.06.05 18:48:00;214.144;;;5500
2026.05.25 02:55:01;Sell;0.03;GBPJPYr;214.291;0.03;2026.06.05 18:48:00;214.144;;;441
2026.05.20 14:20:00;Sell;0.02;GBPJPYr;213.057;0.02;2026.06.05 18:48:00;214.144;;;-2174
2026.06.05 16:59:22;Balance;;;;;;;;;-3000
2026.06.04 02:00:00;Sell;0.01;EURUSDr;1.16056;0.01;2026.06.05 15:55:00;1.15958;;;157
2026.06.05 15:32:36;Sell;0.01;AUDCADr;0.98877;0.01;2026.06.05 15:54:00;0.98747;;;150
2026.06.05 11:00:00;Sell;0.01;AUDJPYr;114.031;0.01;2026.06.05 15:52:00;113.923;;;108
2026.06.05 09:45:00;Sell;0.01;GBPUSDr;1.34353;0.01;2026.06.05 15:51:01;1.3425;;;165
2026.06.05 10:55:00;Sell;0.02;EURJPYr;186.055;0.02;2026.06.05 15:37:00;185.761;;;588
2026.06.03 16:45:00;Sell;0.01;EURJPYr;185.577;0.01;2026.06.05 15:37:00;185.761;;;-184
2026.06.05 14:45:00;Sell;0.01;AUDCADr;0.991;0.01;2026.06.05 15:32:35;0.98902;;;228
2026.06.05 08:15:00;Buy;0.01;AUDNZDr;1.21449;0.01;2026.06.05 15:31:00;1.21556;;;100
2026.06.02 20:15:02;Buy;0.01;GBPUSDr;1.34645;0.01;2026.06.05 13:21:00;1.3474599999999999;;;162
2026.06.05 06:30:00;Sell;0.01;AUDCADr;0.99072;0.01;2026.06.05 09:24:00;0.98972;;;115
2026.06.05 08:00:00;Sell;0.01;AUDJPYr;113.998;0.01;2026.06.05 08:54:01;113.894;;;104
2026.06.04 07:45:00;Sell;0.01;AUDCADr;0.99137;0.01;2026.06.05 04:02:02;0.99025;;;129
2026.06.04 09:30:00;Sell;0.01;AUDJPYr;114.037;0.01;2026.06.05 04:01:00;113.924;;;113
2026.06.04 12:15:00;Sell;0.01;GBPUSDr;1.3434300000000001;0.01;2026.06.04 22:06:00;1.34238;;;168
2026.06.04 09:15:00;Sell;0.01;GBPUSDr;1.34318;0.01;2026.06.04 10:22:01;1.34214;;;166
2026.06.02 02:15:00;Sell;0.01;AUDJPYr;114.343;0.01;2026.06.03 16:50:00;114.233;;;110
2026.06.02 08:15:00;Sell;0.01;AUDCADr;0.99166;0.01;2026.06.03 16:50:00;0.99065;;;116
2026.06.02 08:00:01;Sell;0.01;AUDUSDr;0.71622;0.01;2026.06.03 15:39:01;0.71512;;;176
2026.05.28 14:30:00;Sell;0.01;EURUSDr;1.16103;0.01;2026.06.03 15:39:00;1.15985;;;189
2026.06.01 21:00:00;Sell;0.01;EURJPYr;185.725;0.01;2026.06.03 10:36:00;185.584;;;141
2026.06.03 03:45:03;Sell;0.01;GBPUSDr;1.34647;0.01;2026.06.03 08:34:00;1.34542;;;168
2026.06.03 05:00:00;Buy;0.01;AUDNZDr;1.20979;0.01;2026.06.03 06:42:02;1.2107999999999999;;;96
2026.06.03 03:02:49;Balance;;;;;;;;;-4000
2026.06.01 20:00:00;Sell;0.01;GBPUSDr;1.3461699999999999;0.01;2026.06.03 02:41:00;1.34513;;;166
2026.06.02 16:45:00;Buy;0.01;AUDCADr;0.9921;0.01;2026.06.02 17:43:00;0.9931;;;116
2026.06.01 16:00:00;Buy;0.01;AUDCADr;0.99141;0.01;2026.06.02 09:29:00;0.99242;;;117
2026.06.02 04:45:00;Buy;0.01;AUDUSDr;0.71612;0.01;2026.06.02 09:28:01;0.71716;;;166
2026.06.02 04:00:00;Buy;0.01;GBPUSDr;1.34544;0.01;2026.06.02 08:11:02;1.34646;;;163
2026.06.01 16:30:00;Buy;0.01;GBPUSDr;1.34359;0.01;2026.06.01 18:30:00;1.34458;;;158
2026.05.29 10:37:01;Sell;0.01;AUDUSDr;0.71533;0.01;2026.06.01 16:52:00;0.71424;;;174
2026.05.29 16:00:00;Sell;0.01;GBPUSDr;1.34335;0.01;2026.06.01 16:49:01;1.34234;;;161
2026.06.01 08:15:01;Sell;0.02;EURJPYr;185.775;0.02;2026.06.01 16:49:00;185.564;;;422
2026.05.29 15:30:00;Sell;0.01;EURJPYr;185.492;0.01;2026.06.01 16:49:00;185.564;;;-72
2026.06.01 04:20:00;Sell;0.03;AUDCADr;0.99167;0.03;2026.06.01 16:25:00;0.98878;;;1000
2026.05.29 14:55:01;Sell;0.02;AUDCADr;0.989;0.02;2026.06.01 16:25:00;0.98878;;;51
2026.05.28 15:45:00;Sell;0.01;AUDCADr;0.98676;0.01;2026.06.01 16:25:00;0.98878;;;-233
2026.05.28 16:00:00;Sell;0.01;AUDJPYr;113.654;0.01;2026.06.01 16:13:00;114.082;;;-428
2026.05.29 17:05:00;Sell;0.02;AUDJPYr;114.49;0.02;2026.06.01 16:13:00;114.082;;;816
2026.05.29 07:30:00;Buy;0.08;AUDNZDr;1.20145;0.08;2026.06.01 12:13:00;1.20486;;;2593
2026.05.28 04:20:00;Buy;0.05;AUDNZDr;1.20763;0.05;2026.06.01 12:13:00;1.20486;;;-1316
2026.05.27 11:40:00;Buy;0.03;AUDNZDr;1.21519;0.03;2026.06.01 12:13:00;1.20486;;;-2945
2026.05.27 08:40:00;Buy;0.02;AUDNZDr;1.21835;0.02;2026.06.01 12:13:00;1.20486;;;-2564
2026.05.27 05:15:00;Buy;0.01;AUDNZDr;1.22032;0.01;2026.06.01 12:13:00;1.20486;;;-1469
2026.05.29 12:04:01;Buy;0.14;AUDNZDr;1.19967;0.14;2026.06.01 12:13:00;1.20486;;;6906
2026.05.29 19:13:38;Balance;;;;;;;;;-2000
2026.05.28 11:45:01;Sell;0.01;EURGBPr;0.86668;0.01;2026.05.29 18:01:00;0.8656;;;232
2026.05.27 10:30:01;Buy;0.01;GBPUSDr;1.34482;0.01;2026.05.29 17:53:00;1.3464;;;252
2026.05.28 20:15:00;Buy;0.01;AUDCADr;0.98778;0.01;2026.05.29 14:14:00;0.98878;;;115
2026.05.28 15:30:22;Sell;0.01;EURJPYr;185.337;0.01;2026.05.29 11:55:00;185.235;;;102
2026.05.29 08:15:00;Sell;0.01;AUDUSDr;0.71647;0.01;2026.05.29 10:37:00;0.71539;;;172
2026.05.29 08:00:00;Sell;0.01;GBPUSDr;1.34381;0.01;2026.05.29 10:24:00;1.34269;;;178
2026.05.29 03:30:03;Sell;0.01;AUDUSDr;0.71642;0.01;2026.05.29 06:53:00;0.71541;;;161
2026.05.29 03:30:03;Sell;0.01;GBPUSDr;1.34446;0.01;2026.05.29 06:18:01;1.3434;;;169
2026.05.27 09:30:00;Buy;0.01;AUDUSDr;0.71497;0.01;2026.05.28 18:14:00;0.71597;;;159
2026.05.28 15:45:01;Sell;0.01;GBPUSDr;1.34198;0.01;2026.05.28 17:03:00;1.34093;;;167
2026.05.20 06:30:00;Buy;0.01;EURGBPr;0.86605;0.01;2026.05.28 15:58:00;0.86711;;;227
2026.05.28 11:30:00;Buy;0.01;AUDJPYr;113.507;0.01;2026.05.28 15:46:00;113.611;;;104
2026.05.28 15:02:15;Balance;;;;;;;;;-2000
2026.05.28 07:45:00;Buy;0.02;AUDCADr;0.98457;0.02;2026.05.28 09:19:01;0.98669;;;488
2026.05.27 09:30:00;Buy;0.01;AUDCADr;0.98775;0.01;2026.05.28 09:19:01;0.98669;;;-122
2026.05.25 02:45:01;Sell;0.02;EURJPYr;185.042;0.02;2026.05.28 06:51:00;185.04;;;4
2026.05.22 18:45:00;Sell;0.01;EURJPYr;184.68;0.01;2026.05.28 06:51:00;185.04;;;-360
2026.05.27 07:55:02;Sell;0.03;EURJPYr;185.362;0.03;2026.05.28 06:51:00;185.04;;;966
2026.05.22 19:15:00;Sell;0.01;EURUSDr;1.16064;0.01;2026.05.28 06:38:01;1.15961;;;164
2026.05.22 18:05:00;Sell;0.02;AUDCADr;0.98482;0.02;2026.05.28 06:23:01;0.98548;;;-152
2026.05.21 09:37:01;Sell;0.01;AUDCADr;0.97929;0.01;2026.05.28 06:23:01;0.98548;;;-713
2026.05.25 20:35:00;Sell;0.03;AUDCADr;0.99026;0.03;2026.05.28 06:23:01;0.98548;;;1652
2026.05.27 19:30:00;Sell;0.01;AUDJPYr;113.838;0.01;2026.05.28 04:26:00;113.71;;;128
2026.05.22 08:58:01;Sell;0.01;GBPUSDr;1.34211;0.01;2026.05.28 03:57:00;1.3410199999999999;;;174
2026.05.28 01:37:34;Balance;;;;;;;;;-3000
2026.05.25 07:30:01;Sell;0.01;AUDJPYr;113.841;0.01;2026.05.27 13:48:00;113.739;;;102
2026.05.25 02:15:08;Sell;0.01;AUDUSDr;0.71594;0.01;2026.05.27 09:22:00;0.71476;;;188
2026.05.26 16:20:00;Sell;0.05;AUDNZDr;1.22772;0.05;2026.05.27 05:01:01;1.22115;;;3067
2026.05.26 02:50:00;Sell;0.03;AUDNZDr;1.22265;0.03;2026.05.27 05:01:01;1.22115;;;420
2026.05.22 18:01:00;Sell;0.02;AUDNZDr;1.21811;0.02;2026.05.27 05:01:01;1.22115;;;-568
2026.05.22 10:30:01;Sell;0.01;AUDNZDr;1.21661;0.01;2026.05.27 05:01:01;1.22115;;;-424
2026.05.26 20:00:00;Buy;0.01;AUDCADr;0.98941;0.01;2026.05.27 03:29:00;0.99042;;;116
2026.05.26 18:15:00;Buy;0.01;GBPUSDr;1.34446;0.01;2026.05.27 02:31:09;1.34546;;;159
2026.05.26 03:00:00;Buy;0.01;AUDCADr;0.98974;0.01;2026.05.26 16:21:01;0.99079;;;121
2026.05.26 12:29:29;Balance;;;;;;;;;-7000
2026.05.22 03:00:00;Buy;0.03;AUDNZDr;1.2162600000000001;0.03;2026.05.25 01:02:00;1.21896;;;756
2026.05.19 09:45:00;Buy;0.02;AUDNZDr;1.21792;0.02;2026.05.25 01:02:00;1.21896;;;194
2026.05.18 03:00:00;Buy;0.01;AUDNZDr;1.22271;0.01;2026.05.25 01:02:00;1.21896;;;-350
2026.05.22 02:15:00;Buy;0.01;AUDCADr;0.98524;0.01;2026.05.25 01:00:57;0.98846;;;371
2026.05.22 09:30:00;Buy;0.01;AUDUSDr;0.7137;0.01;2026.05.25 00:25:58;0.71549;;;284
2026.05.22 17:00:02;Buy;0.01;AUDJPYr;113.435;0.01;2026.05.22 18:46:02;113.548;;;113
2026.05.22 17:15:00;Buy;0.01;GBPUSDr;1.34216;0.01;2026.05.22 17:45:00;1.34324;;;172
2026.05.21 20:15:00;Sell;0.01;EURUSDr;1.16016;0.01;2026.05.22 17:04:00;1.15913;;;164
2026.05.22 16:00:00;Sell;0.01;EURJPYr;184.595;0.01;2026.05.22 17:03:00;184.488;;;107
2026.05.22 12:15:00;Buy;0.01;AUDJPYr;113.426;0.01;2026.05.22 16:12:00;113.559;;;133
2026.05.22 07:40:11;Sell;0.02;EURJPYr;184.702;0.02;2026.05.22 14:04:01;184.504;;;396
2026.05.20 13:30:01;Sell;0.01;EURJPYr;184.411;0.01;2026.05.22 14:04:01;184.504;;;-93
2026.05.22 11:30:00;Sell;0.01;AUDJPYr;113.544;0.01;2026.05.22 12:08:01;113.436;;;108
2026.05.22 03:45:00;Buy;0.01;GBPUSDr;1.3427;0.01;2026.05.22 11:21:00;1.34378;;;172
2026.05.22 03:00:00;Sell;0.01;GBPUSDr;1.3431899999999999;0.01;2026.05.22 08:58:00;1.34218;;;161
2026.05.21 13:45:01;Sell;0.01;AUDNZDr;1.21682;0.01;2026.05.22 04:25:00;1.2156500000000001;;;109
2026.05.21 20:30:00;Sell;0.01;GBPUSDr;1.34353;0.01;2026.05.21 21:55:00;1.34218;;;215
2026.05.21 21:00:00;Sell;0.01;AUDUSDr;0.71622;0.01;2026.05.21 21:53:00;0.71487;;;215
2026.05.21 04:45:01;Buy;0.01;AUDUSDr;0.71352;0.01;2026.05.21 20:16:00;0.71525;;;275
2026.05.20 17:45:00;Sell;0.01;GBPUSDr;1.3425;0.01;2026.05.21 15:14:00;1.34141;;;173
2026.05.21 11:30:00;Sell;0.01;EURUSDr;1.16315;0.01;2026.05.21 13:21:00;1.16209;;;169
2026.05.21 09:15:00;Sell;0.01;EURUSDr;1.16253;0.01;2026.05.21 10:15:00;1.16144;;;173
2026.05.21 07:30:00;Sell;0.01;AUDJPYr;113.277;0.01;2026.05.21 09:41:00;113.175;;;102
2026.05.21 07:30:00;Sell;0.01;AUDCADr;0.98051;0.01;2026.05.21 09:37:00;0.97948;;;119
2026.05.21 04:00:00;Sell;0.01;EURUSDr;1.16284;0.01;2026.05.21 05:47:01;1.1617;;;181
2026.05.20 07:30:00;Sell;0.01;AUDCADr;0.97725;0.01;2026.05.21 05:28:00;0.97861;;;-157
2026.05.20 13:55:00;Sell;0.02;AUDCADr;0.98076;0.02;2026.05.21 05:28:00;0.97861;;;497
2026.05.20 18:00:00;Sell;0.01;AUDUSDr;0.71529;0.01;2026.05.21 04:31:00;0.71328;;;319
2026.05.20 12:30:00;Sell;0.01;AUDNZDr;1.21834;0.01;2026.05.21 04:30:30;1.21658;;;164
2026.05.19 03:45:00;Buy;0.01;AUDCADr;0.98378;0.01;2026.05.20 18:17:00;0.98485;;;124
2026.05.19 03:45:00;Buy;0.01;AUDUSDr;0.71568;0.01;2026.05.20 18:17:00;0.71726;;;251
2026.05.20 17:17:01;Buy;0.01;GBPUSDr;1.34256;0.01;2026.05.20 17:56:00;1.34379;;;195
2026.05.19 16:56:01;Buy;0.01;GBPUSDr;1.34047;0.01;2026.05.20 17:17:00;1.34232;;;294
2026.05.20 14:00:01;Sell;0.01;GBPUSDr;1.33964;0.01;2026.05.20 17:10:00;1.3384800000000001;;;185
2026.05.20 13:45:02;Sell;0.01;EURUSDr;1.15998;0.01;2026.05.20 16:33:00;1.15896;;;162
2026.05.20 14:36:54;Balance;;;;;;;;;-17000
2026.05.19 11:15:00;Buy;0.01;AUDJPYr;113.232;0.01;2026.05.20 14:26:00;113.34;;;108
2026.05.20 03:45:00;Sell;0.01;AUDNZDr;1.21884;0.01;2026.05.20 06:58:00;1.21773;;;103
2026.05.20 02:45:01;Sell;0.01;AUDCADr;0.97696;0.01;2026.05.20 04:00:00;0.97592;;;120
2026.05.19 21:15:00;Sell;0.01;EURUSDr;1.16119;0.01;2026.05.20 03:59:00;1.16017;;;162
2026.05.20 02:30:00;Sell;0.01;GBPUSDr;1.34001;0.01;2026.05.20 03:59:00;1.33884;;;186
2026.05.20 02:00:00;Sell;0.01;EURJPYr;184.657;0.01;2026.05.20 03:50:00;184.547;;;110
2026.05.19 20:15:00;Sell;0.01;AUDCADr;0.97834;0.01;2026.05.19 21:56:00;0.97722;;;130
2026.05.19 20:15:02;Sell;0.01;GBPUSDr;1.34109;0.01;2026.05.19 21:54:00;1.34002;;;170
2026.05.19 16:30:00;Buy;0.01;GBPUSDr;1.33924;0.01;2026.05.19 16:56:00;1.34032;;;172
2026.05.18 06:25:02;Sell;0.01;EURUSDr;1.16188;0.01;2026.05.19 16:20:00;1.16082;;;169
2026.05.19 15:30:00;Sell;0.01;GBPUSDr;1.34151;0.01;2026.05.19 15:55:00;1.34048;;;164
2026.05.18 10:10:00;Sell;0.02;EURJPYr;184.867;0.02;2026.05.19 15:42:00;184.574;;;586
2026.05.15 17:15:00;Sell;0.01;EURJPYr;184.465;0.01;2026.05.19 15:42:00;184.574;;;-109
2026.05.19 04:45:00;Sell;0.01;EURGBPr;0.86797;0.01;2026.05.19 12:41:01;0.86689;;;230
2026.05.18 18:45:00;Sell;0.01;GBPUSDr;1.34039;0.01;2026.05.19 10:03:00;1.33939;;;159
2026.05.18 09:15:00;Sell;0.01;AUDCADr;0.98112;0.01;2026.05.19 08:33:00;0.98002;;;127
2026.05.18 19:45:00;Sell;0.01;AUDJPYr;113.757;0.01;2026.05.19 04:22:00;113.65;;;107
2026.05.18 17:15:00;Buy;0.01;AUDUSDr;0.71638;0.01;2026.05.19 02:26:00;0.71763;;;199
2026.05.18 17:45:00;Buy;0.01;AUDCADr;0.98407;0.01;2026.05.18 22:48:00;0.98509;;;118
2026.05.15 15:25:00;Buy;0.02;GBPUSDr;1.33599;0.02;2026.05.18 19:08:00;1.34289;;;2192
2026.05.13 11:23:01;Buy;0.01;GBPUSDr;1.35317;0.01;2026.05.18 19:08:00;1.34289;;;-1633
2026.05.14 05:00:00;Sell;0.01;EURGBPr;0.86623;0.01;2026.05.18 18:18:02;0.86904;;;-598
2026.05.15 08:35:00;Sell;0.02;EURGBPr;0.87194;0.02;2026.05.18 18:18:02;0.86904;;;1234
2026.05.18 15:45:00;Sell;0.01;AUDJPYr;113.891;0.01;2026.05.18 17:23:00;113.772;;;119
2026.05.18 04:10:00;Buy;0.08;AUDCADr;0.98042;0.08;2026.05.18 15:43:00;0.98541;;;4614
2026.05.15 09:50:01;Buy;0.05;AUDCADr;0.98521;0.05;2026.05.18 15:43:00;0.98541;;;116
2026.05.15 04:40:00;Buy;0.03;AUDCADr;0.98893;0.03;2026.05.18 15:43:00;0.98541;;;-1220
2026.05.14 16:45:00;Buy;0.02;AUDCADr;0.99136;0.02;2026.05.18 15:43:00;0.98541;;;-1375
2026.05.14 02:15:00;Buy;0.01;AUDCADr;0.99465;0.01;2026.05.18 15:43:00;0.98541;;;-1068
2026.05.18 03:05:00;Buy;0.02;AUDUSDr;0.71306;0.02;2026.05.18 15:35:00;0.71706;;;1270
2026.05.15 02:15:00;Buy;0.01;AUDUSDr;0.722;0.01;2026.05.18 15:35:00;0.71706;;;-784
2026.05.18 02:30:00;Buy;0.01;AUDJPYr;113.443;0.01;2026.05.18 09:56:00;113.545;;;102
2026.05.15 02:00:00;Sell;0.01;AUDNZDr;1.2218;0.01;2026.05.18 03:03:00;1.22214;;;-32
2026.05.15 14:20:01;Sell;0.02;AUDNZDr;1.22385;0.02;2026.05.18 03:03:00;1.22214;;;317
2026.05.15 20:30:00;Sell;0.01;EURUSDr;1.16318;0.01;2026.05.15 21:20:00;1.16217;;;160
2026.05.15 18:00:00;Buy;0.01;AUDJPYr;113.472;0.01;2026.05.15 19:44:00;113.578;;;106
2026.05.15 17:30:00;Sell;0.01;AUDCADr;0.98505;0.01;2026.05.15 18:24:00;0.98405;;;115
2026.05.14 20:30:00;Sell;0.01;EURJPYr;184.7;0.01;2026.05.15 04:34:01;184.587;;;113
2026.05.13 17:20:00;Sell;0.14;AUDCADr;0.99309;0.14;2026.05.15 04:30:00;0.98881;;;6914
2026.05.12 07:50:00;Sell;0.08;AUDCADr;0.99026;0.08;2026.05.15 04:30:00;0.98881;;;1338
2026.05.06 14:00:00;Sell;0.05;AUDCADr;0.98747;0.05;2026.05.15 04:30:00;0.98881;;;-773
2026.05.06 06:20:00;Sell;0.03;AUDCADr;0.98424;0.03;2026.05.15 04:30:00;0.98881;;;-1582
2026.05.06 02:30:00;Sell;0.02;AUDCADr;0.97967;0.02;2026.05.15 04:30:00;0.98881;;;-2109
2026.05.05 10:30:00;Sell;0.01;AUDCADr;0.97348;0.01;2026.05.15 04:30:00;0.98881;;;-1769
2026.05.14 21:00:00;Sell;0.01;AUDJPYr;114.259;0.01;2026.05.15 04:13:00;114.154;;;105
2026.05.08 07:00:01;Sell;0.01;AUDUSDr;0.72151;0.01;2026.05.15 03:44:01;0.7205;;;160
2026.05.15 02:45:01;Sell;0.01;GBPJPYr;212.219;0.01;2026.05.15 02:52:00;212.093;;;126
2026.05.14 17:20:01;Buy;0.02;AUDNZDr;1.21961;0.02;2026.05.14 23:18:08;1.22134;;;324
2026.05.14 11:00:00;Buy;0.01;AUDNZDr;1.22171;0.01;2026.05.14 23:18:08;1.22134;;;-35
2026.04.30 10:15:00;Sell;0.01;EURUSDr;1.16803;0.01;2026.05.14 22:51:00;1.16702;;;160
2026.04.14 14:20:00;Sell;0.03;GBPUSDr;1.35684;0.03;2026.05.14 19:23:00;1.34473;;;5746
2026.04.08 08:15:01;Sell;0.02;GBPUSDr;1.34169;0.02;2026.05.14 19:23:00;1.34473;;;-962
2026.04.06 05:30:00;Sell;0.01;GBPUSDr;1.32137;0.01;2026.05.14 19:23:00;1.34473;;;-3695
2026.05.14 09:45:01;Buy;0.01;EURGBPr;0.8663;0.01;2026.05.14 19:13:00;0.86732;;;217
2026.05.11 11:20:00;Sell;0.03;EURJPYr;184.975;0.03;2026.05.14 16:45:00;184.414;;;1683
2026.05.08 11:55:01;Sell;0.02;EURJPYr;184.261;0.02;2026.05.14 16:45:00;184.414;;;-306
2026.05.06 12:00:00;Sell;0.01;EURJPYr;183.465;0.01;2026.05.14 16:45:00;184.414;;;-949
2026.05.13 17:55:00;Sell;0.03;AUDNZDr;1.22315;0.03;2026.05.14 16:20:00;1.2202;;;828
2026.05.13 12:25:00;Sell;0.02;AUDNZDr;1.22133;0.02;2026.05.14 16:20:00;1.2202;;;212
2026.05.12 17:15:00;Sell;0.01;AUDNZDr;1.21521;0.01;2026.05.14 16:20:00;1.2202;;;-467
2026.05.13 18:50:01;Sell;0.02;AUDJPYr;114.668;0.02;2026.05.14 16:02:00;114.264;;;808
2026.05.12 11:30:00;Sell;0.01;AUDJPYr;113.801;0.01;2026.05.14 16:02:00;114.264;;;-463
2026.05.14 12:30:00;Sell;0.01;GBPJPYr;213.427;0.01;2026.05.14 15:00:00;213.272;;;155
2026.05.13 21:15:00;Sell;0.01;GBPJPYr;213.397;0.01;2026.05.14 10:59:00;213.288;;;109
2026.05.13 12:59:01;Buy;0.01;AUDCADr;0.99249;0.01;2026.05.13 17:15:00;0.99358;;;126
2026.05.08 20:15:01;Buy;0.01;AUDCADr;0.99123;0.01;2026.05.13 12:59:00;0.99224;;;116
2026.05.13 02:00:00;Sell;0.01;GBPJPYr;213.388;0.01;2026.05.13 12:46:00;213.284;;;104
2026.05.13 11:00:00;Buy;0.01;GBPUSDr;1.35206;0.01;2026.05.13 11:23:00;1.35308;;;161
2026.05.12 17:13:01;Buy;0.01;GBPUSDr;1.35377;0.01;2026.05.13 08:48:01;1.35477;;;158
2026.05.12 15:00:00;Sell;0.01;EURGBPr;0.86782;0.01;2026.05.13 07:00:00;0.86682;;;213
2026.05.12 15:15:02;Buy;0.01;AUDUSDr;0.72259;0.01;2026.05.12 21:56:01;0.72362;;;162
2026.05.12 13:15:00;Buy;0.01;AUDNZDr;1.2144;0.01;2026.05.12 17:36:00;1.21545;;;98
2026.05.12 16:30:00;Buy;0.01;GBPUSDr;1.35228;0.01;2026.05.12 17:13:00;1.35361;;;210
2026.05.12 15:15:00;Buy;0.01;GBPUSDr;1.35257;0.01;2026.05.12 15:52:00;1.35401;;;227
2026.05.12 14:45:01;Sell;0.01;GBPJPYr;213.31;0.01;2026.05.12 14:55:00;213.178;;;132
2026.05.12 09:30:00;Buy;0.01;AUDUSDr;0.722;0.01;2026.05.12 14:40:01;0.72304;;;164
2026.05.12 08:56:01;Sell;0.01;GBPJPYr;212.879;0.01;2026.05.12 11:11:00;212.77;;;109
2026.05.11 02:30:02;Buy;0.01;EURGBPr;0.86565;0.01;2026.05.12 09:21:01;0.86666;;;216
2026.05.12 05:45:01;Sell;0.02;AUDJPYr;113.984;0.02;2026.05.12 08:56:00;113.448;;;1072
2026.05.08 08:00:00;Sell;0.01;AUDJPYr;113.238;0.01;2026.05.12 08:56:00;113.448;;;-210
2026.05.11 11:00:00;Sell;0.02;GBPJPYr;213.677;0.02;2026.05.12 08:56:00;212.938;;;1478
2026.05.08 07:45:01;Sell;0.01;GBPJPYr;212.748;0.01;2026.05.12 08:56:00;212.938;;;-190
2026.05.12 03:17:45;Balance;;;;;;;;;-2000
2026.05.11 05:15:01;Sell;0.01;AUDNZDr;1.21553;0.01;2026.05.12 03:15:00;1.2145299999999999;;;94
2026.05.11 19:30:00;Buy;0.01;EURUSDr;1.17763;0.01;2026.05.12 01:02:09;1.17868;;;165
2026.05.11 14:08:01;Buy;0.01;GBPUSDr;1.36082;0.01;2026.05.11 16:10:00;1.36197;;;181
2026.05.11 13:15:00;Buy;0.01;GBPUSDr;1.35946;0.01;2026.05.11 14:08:00;1.36078;;;207
2026.05.11 09:57:01;Buy;0.01;GBPUSDr;1.35964;0.01;2026.05.11 11:18:00;1.36066;;;160
2026.05.11 06:15:01;Buy;0.01;EURUSDr;1.17593;0.01;2026.05.11 10:22:00;1.17692;;;155
2026.05.11 07:45:00;Buy;0.01;GBPUSDr;1.35854;0.01;2026.05.11 09:57:00;1.35955;;;159
2026.05.06 11:25:00;Buy;0.02;AUDNZDr;1.21662;0.02;2026.05.11 09:02:00;1.21698;;;67
2026.05.06 07:00:00;Buy;0.01;AUDNZDr;1.21988;0.01;2026.05.11 09:02:00;1.21698;;;-271
2026.05.06 14:55:00;Buy;0.03;AUDNZDr;1.21404;0.03;2026.05.11 09:02:00;1.21698;;;824
2026.05.01 15:45:01;Buy;0.02;EURGBPr;0.86272;0.02;2026.05.11 00:25:52;0.86608;;;1429
2026.04.22 16:30:00;Buy;0.01;EURGBPr;0.86854;0.01;2026.05.11 00:25:52;0.86608;;;-523
2026.05.09 04:18:37;Balance;;;;;;;;;-5000
2026.05.07 19:30:00;Buy;0.01;EURUSDr;1.17635;0.01;2026.05.08 15:34:00;1.17739;;;163
2026.05.07 19:31:00;Buy;0.02;AUDCADr;0.98702;0.02;2026.05.08 15:32:35;0.98976;;;628
2026.05.07 13:45:02;Buy;0.01;AUDCADr;0.98908;0.01;2026.05.08 15:32:35;0.98976;;;78
2026.05.07 19:15:00;Buy;0.01;GBPUSDr;1.36019;0.01;2026.05.08 11:48:00;1.36125;;;166
2026.05.08 04:30:00;Sell;0.01;AUDNZDr;1.21429;0.01;2026.05.08 11:27:00;1.21326;;;96
2026.05.08 05:45:00;Buy;0.01;AUDUSDr;0.72084;0.01;2026.05.08 06:32:00;0.72184;;;157
2026.05.08 05:15:00;Sell;0.01;GBPJPYr;212.787;0.01;2026.05.08 06:06:00;212.682;;;105
2026.05.07 15:00:00;Sell;0.01;GBPJPYr;212.988;0.01;2026.05.07 19:51:00;212.879;;;109
2026.05.07 07:45:00;Sell;0.01;AUDUSDr;0.72494;0.01;2026.05.07 19:01:00;0.72387;;;167
2026.05.07 12:15:00;Sell;0.01;GBPJPYr;212.979;0.01;2026.05.07 14:18:01;212.862;;;117
2026.05.07 11:15:00;Sell;0.01;GBPJPYr;212.848;0.01;2026.05.07 11:20:00;212.746;;;102
2026.05.06 13:48:01;Buy;0.01;AUDJPYr;113.302;0.01;2026.05.07 10:45:00;113.405;;;103
2026.05.06 16:20:00;Buy;0.01;EURUSDr;1.17534;0.01;2026.05.07 10:11:01;1.17638;;;162
2026.05.07 06:15:00;Sell;0.01;GBPJPYr;212.597;0.01;2026.05.07 09:42:00;212.496;;;101
2026.05.07 02:00:03;Buy;0.01;AUDCADr;0.98673;0.01;2026.05.07 04:52:04;0.98777;;;119
2026.05.06 20:15:00;Sell;0.01;GBPJPYr;212.637;0.01;2026.05.06 23:11:00;212.522;;;115
2026.05.06 18:30:00;Sell;0.01;GBPJPYr;212.569;0.01;2026.05.06 19:58:00;212.459;;;110
2026.05.06 14:30:00;Sell;0.01;GBPJPYr;212.651;0.01;2026.05.06 16:31:00;212.491;;;160
2026.05.06 12:00:00;Sell;0.01;AUDUSDr;0.72599;0.01;2026.05.06 15:01:00;0.72489;;;172
2026.04.21 03:30:00;Buy;0.01;EURUSDr;1.17829;0.01;2026.05.06 13:54:00;1.17945;;;181
2026.05.06 13:15:00;Buy;0.01;AUDJPYr;113.155;0.01;2026.05.06 13:48:00;113.279;;;124
2026.05.06 11:30:00;Sell;0.01;GBPJPYr;212.486;0.01;2026.05.06 13:24:00;212.374;;;112
2026.05.01 20:30:00;Buy;0.01;GBPUSDr;1.35969;0.01;2026.05.06 11:34:00;1.36097;;;200
2026.05.06 10:59:01;Sell;0.01;GBPJPYr;212.028;0.01;2026.05.06 11:00:00;211.906;;;122
2026.05.06 08:45:00;Sell;0.01;GBPJPYr;212.394;0.01;2026.05.06 10:59:00;212.019;;;375
2026.05.06 10:46:01;Sell;0.01;EURJPYr;183.461;0.01;2026.05.06 10:53:00;183.359;;;102
2026.05.06 10:15:00;Sell;0.01;EURJPYr;183.592;0.01;2026.05.06 10:46:00;183.477;;;115
2026.05.06 02:00:00;Sell;0.01;AUDJPYr;113.505;0.01;2026.05.06 07:33:00;113.265;;;240
2026.05.05 10:00:00;Sell;0.01;EURJPYr;183.744;0.01;2026.05.06 07:33:00;183.36;;;384
2026.05.05 07:59:01;Sell;0.01;GBPJPYr;212.584;0.01;2026.05.06 07:33:00;212.37;;;214
2026.05.06 07:26:08;Balance;;;;;;;;;-7000
2026.05.06 02:05:00;Sell;0.02;AUDNZDr;1.22075;0.02;2026.05.06 02:21:00;1.21922;;;285
2026.05.05 14:15:02;Sell;0.01;AUDNZDr;1.21925;0.01;2026.05.06 02:21:00;1.21922;;;3
2026.05.05 18:30:00;Buy;0.01;AUDNZDr;1.21896;0.01;2026.05.05 20:14:00;1.21997;;;94
2026.05.04 19:00:00;Buy;0.01;AUDUSDr;0.71661;0.01;2026.05.05 15:21:00;0.7176;;;156
2026.05.04 10:15:00;Buy;0.01;AUDJPYr;112.939;0.01;2026.05.05 14:25:00;113.044;;;105
2026.05.05 08:52:00;Buy;0.03;AUDCADr;0.97284;0.03;2026.05.05 13:35:00;0.97574;;;1007
2026.05.04 19:20:00;Buy;0.02;AUDCADr;0.97493;0.02;2026.05.05 13:35:00;0.97574;;;188
2026.05.04 10:00:00;Buy;0.01;AUDCADr;0.97878;0.01;2026.05.05 13:35:00;0.97574;;;-352
2026.05.05 08:45:00;Buy;0.01;AUDNZDr;1.21676;0.01;2026.05.05 10:30:00;1.21777;;;93
2026.05.05 05:45:00;Sell;0.01;GBPJPYr;212.703;0.01;2026.05.05 07:59:00;212.598;;;105
2026.05.05 06:45:00;Buy;0.01;AUDNZDr;1.22012;0.01;2026.05.05 07:31:00;1.22156;;;133
2026.05.05 02:00:01;Sell;0.01;AUDNZDr;1.2208;0.01;2026.05.05 07:01:00;1.21977;;;95
2026.05.04 07:30:00;Sell;0.01;EURJPYr;183.788;0.01;2026.05.04 21:59:00;183.688;;;100
2026.05.04 16:24:01;Sell;0.01;GBPJPYr;212.881;0.01;2026.05.04 18:22:00;212.752;;;129
2026.05.04 16:00:00;Sell;0.01;AUDUSDr;0.71869;0.01;2026.05.04 18:21:00;0.71748;;;190
2026.05.04 13:45:00;Sell;0.01;AUDCADr;0.97768;0.01;2026.05.04 18:21:00;0.97646;;;141
2026.05.04 15:30:00;Sell;0.01;GBPJPYr;213;0.01;2026.05.04 16:24:00;212.891;;;109
2026.05.04 15:00:00;Buy;0.01;AUDUSDr;0.71792;0.01;2026.05.04 15:22:00;0.71892;;;157
2026.04.30 13:50:00;Sell;0.02;AUDCADr;0.97679;0.02;2026.05.04 13:09:00;0.9767;;;21
2026.04.30 10:15:00;Sell;0.01;AUDCADr;0.97441;0.01;2026.05.04 13:09:00;0.9767;;;-264
2026.05.01 17:50:00;Sell;0.03;AUDCADr;0.97949;0.03;2026.05.04 13:09:00;0.9767;;;966
2026.05.01 14:30:02;Sell;0.01;AUDUSDr;0.71982;0.01;2026.05.04 13:04:00;0.71865;;;184
2026.05.04 07:05:00;Buy;0.02;AUDNZDr;1.21796;0.02;2026.05.04 13:02:00;1.21998;;;374
2026.04.30 10:00:00;Buy;0.01;AUDNZDr;1.22103;0.01;2026.05.04 13:02:00;1.21998;;;-97
2026.05.04 05:45:00;Sell;0.02;EURJPYr;184.325;0.02;2026.05.04 06:46:00;183.438;;;1774
2026.05.01 13:45:00;Sell;0.01;GBPJPYr;212.975;0.01;2026.05.04 06:46:00;212.515;;;460
2026.05.01 12:45:00;Sell;0.01;EURJPYr;183.778;0.01;2026.05.04 06:46:00;183.438;;;340
2026.05.01 07:45:00;Sell;0.01;AUDNZDr;1.21989;0.01;2026.05.04 06:43:01;1.21888;;;94
2026.05.02 08:30:27;Balance;;;;;;;;;-7000
2026.05.01 03:45:00;Buy;0.01;AUDCADr;0.97756;0.01;2026.05.01 17:02:01;0.97887;;;151
2026.04.30 17:45:00;Sell;0.01;GBPJPYr;212.146;0.01;2026.05.01 09:51:00;211.904;;;242
2026.05.01 02:01:01;Sell;0.01;EURJPYr;183.811;0.01;2026.05.01 09:46:00;183.575;;;236
2026.05.01 06:30:02;Sell;0.01;AUDUSDr;0.72023;0.01;2026.05.01 07:11:07;0.7192;;;162
2026.04.30 19:30:01;Buy;0.01;AUDJPYr;112.522;0.01;2026.04.30 22:03:00;112.626;;;104
2026.04.30 15:50:00;Buy;0.02;AUDCADr;0.97769;0.02;2026.04.30 17:32:00;0.97976;;;476
2026.04.29 05:45:00;Buy;0.01;AUDCADr;0.98028;0.01;2026.04.30 17:32:00;0.97976;;;-60
2026.04.27 20:30:00;Buy;0.01;GBPUSDr;1.3536299999999999;0.01;2026.04.30 17:19:00;1.35489;;;198
2026.04.29 06:00:05;Buy;0.01;AUDUSDr;0.71606;0.01;2026.04.30 17:03:00;0.71717;;;174
2026.04.23 17:05:00;Sell;0.02;AUDNZDr;1.21692;0.02;2026.04.30 15:16:00;1.21882;;;-349
2026.04.22 19:15:03;Sell;0.01;AUDNZDr;1.21212;0.01;2026.04.30 15:16:00;1.21882;;;-615
2026.04.29 06:55:00;Sell;0.05;AUDNZDr;1.22241;0.05;2026.04.30 15:16:00;1.21882;;;1647
2026.04.28 20:35:01;Sell;0.03;AUDNZDr;1.22023;0.03;2026.04.30 15:16:00;1.21882;;;388
2026.04.27 11:05:00;Sell;0.02;AUDJPYr;114.262;0.02;2026.04.30 11:39:00;113.917;;;690
2026.04.20 02:00:00;Sell;0.01;AUDJPYr;113.554;0.01;2026.04.30 11:39:00;113.917;;;-363
2026.04.28 17:45:00;Sell;0.01;EURJPYr;186.73;0.01;2026.04.30 11:39:00;186.617;;;113
2026.04.30 10:00:01;Sell;0.02;GBPJPYr;216.39;0.02;2026.04.30 10:58:00;215.985;;;810
2026.04.28 17:45:00;Sell;0.01;GBPJPYr;215.49;0.01;2026.04.30 10:58:00;215.985;;;-495
2026.04.30 02:30:01;Sell;0.01;AUDCADr;0.97421;0.01;2026.04.30 09:12:00;0.97316;;;123
2026.04.30 02:35:04;Sell;0.01;EURUSDr;1.1681300000000001;0.01;2026.04.30 05:30:00;1.16714;;;159
2026.04.24 10:45:00;Sell;0.01;EURUSDr;1.16848;0.01;2026.04.29 21:11:00;1.16737;;;178
2026.04.27 04:00:00;Sell;0.01;AUDUSDr;0.71582;0.01;2026.04.29 16:24:00;0.71479;;;165
2026.04.29 15:15:00;Sell;0.01;AUDCADr;0.97952;0.01;2026.04.29 16:24:00;0.97835;;;137
2026.04.27 18:26:00;Sell;0.02;AUDCADr;0.97915;0.02;2026.04.29 11:06:00;0.97936;;;-49
2026.04.27 02:00:01;Sell;0.01;AUDCADr;0.97709;0.01;2026.04.29 11:06:00;0.97936;;;-265
2026.04.28 20:45:01;Sell;0.03;AUDCADr;0.98233;0.03;2026.04.29 11:06:00;0.97936;;;1040
2026.04.27 21:30:05;Buy;0.01;AUDCADr;0.9793;0.01;2026.04.28 16:38:01;0.98035;;;123
2026.04.28 13:30:00;Sell;0.01;EURJPYr;186.602;0.01;2026.04.28 15:58:00;186.491;;;111
2026.04.24 14:30:00;Buy;0.01;AUDNZDr;1.21685;0.01;2026.04.28 10:29:00;1.21788;;;97
2026.04.24 10:45:00;Sell;0.01;GBPJPYr;215.095;0.01;2026.04.28 09:43:00;214.99;;;105
2026.04.27 09:06:00;Sell;0.02;EURJPYr;186.885;0.02;2026.04.28 06:05:00;186.467;;;836
2026.04.24 11:00:00;Sell;0.01;EURJPYr;186.667;0.01;2026.04.28 06:05:00;186.467;;;200
2026.04.23 05:00:01;Buy;0.01;AUDUSDr;0.7157;0.01;2026.04.27 04:20:03;0.71679;;;174
2026.04.24 17:12:01;Buy;0.01;AUDCADr;0.97758;0.01;2026.04.27 04:01:00;0.97865;;;125
2026.04.24 19:15:00;Sell;0.01;AUDCADr;0.97772;0.01;2026.04.27 01:11:01;0.97671;;;118
2026.04.24 19:00:00;Sell;0.01;AUDUSDr;0.71527;0.01;2026.04.27 00:10:12;0.71353;;;278
2026.04.26 10:18:41;Balance;;;;;;;;;-6000
2026.04.22 14:15:00;Buy;0.01;GBPUSDr;1.3513899999999999;0.01;2026.04.24 21:16:00;1.35239;;;159
2026.04.24 16:00:00;Buy;0.01;AUDCADr;0.97632;0.01;2026.04.24 17:12:00;0.97742;;;128
2026.04.24 14:45:00;Sell;0.01;AUDCADr;0.9773;0.01;2026.04.24 15:50:00;0.97606;;;145
2026.04.24 14:30:00;Sell;0.01;AUDCADr;0.97866;0.01;2026.04.24 14:43:00;0.97764;;;119
2026.04.24 03:00:00;Buy;0.01;AUDCADr;0.97673;0.01;2026.04.24 14:24:00;0.97792;;;139
2026.04.24 02:00:00;Sell;0.01;EURJPYr;186.629;0.01;2026.04.24 09:41:00;186.515;;;114
2026.04.24 02:45:00;Sell;0.01;GBPJPYr;215.161;0.01;2026.04.24 05:56:01;215.058;;;103
2026.04.23 16:45:00;Sell;0.01;AUDCADr;0.97752;0.01;2026.04.23 20:42:00;0.97613;;;162
2026.04.23 18:00:00;Sell;0.01;AUDUSDr;0.71603;0.01;2026.04.23 20:02:00;0.71493;;;175
2026.04.23 17:30:00;Sell;0.01;EURUSDr;1.17053;0.01;2026.04.23 20:02:00;1.16943;;;175
2026.04.23 17:59:01;Sell;0.01;GBPJPYr;215.339;0.01;2026.04.23 18:22:00;215.217;;;122
2026.04.23 17:30:00;Sell;0.01;GBPJPYr;215.462;0.01;2026.04.23 17:59:00;215.352;;;110
2026.04.23 14:00:00;Buy;0.02;AUDCADr;0.97609;0.02;2026.04.23 17:06:00;0.97817;;;485
2026.04.23 03:42:01;Buy;0.01;AUDCADr;0.97906;0.01;2026.04.23 17:06:00;0.97817;;;-104
2026.04.23 11:30:00;Sell;0.01;GBPJPYr;215.533;0.01;2026.04.23 13:57:00;215.42;;;113
2026.04.23 08:15:10;Sell;0.01;EURJPYr;186.703;0.01;2026.04.23 13:38:00;186.569;;;134
2026.04.08 02:10:00;Sell;0.02;EURUSDr;1.16656;0.02;2026.04.23 13:10:00;1.16871;;;-687
2026.03.31 15:30:00;Sell;0.01;EURUSDr;1.15034;0.01;2026.04.23 13:10:00;1.16871;;;-2934
2026.04.15 07:20:00;Sell;0.03;EURUSDr;1.17872;0.03;2026.04.23 13:10:00;1.16871;;;4797
2026.04.23 09:45:01;Sell;0.01;GBPJPYr;215.413;0.01;2026.04.23 10:32:00;215.299;;;114
2026.04.22 10:55:00;Buy;0.02;AUDNZDr;1.21106;0.02;2026.04.23 05:13:00;1.21294;;;354
2026.04.22 02:00:00;Buy;0.01;AUDNZDr;1.21359;0.01;2026.04.23 05:13:00;1.21294;;;-61
2026.04.22 18:30:00;Sell;0.01;GBPJPYr;215.313;0.01;2026.04.23 03:56:00;215.199;;;114
2026.04.20 02:25:00;Sell;0.02;EURJPYr;186.795;0.02;2026.04.23 03:54:00;186.62;;;350
2026.04.17 21:45:00;Sell;0.01;EURJPYr;186.587;0.01;2026.04.23 03:54:00;186.62;;;-33
2026.04.22 11:45:00;Buy;0.01;AUDCADr;0.97788;0.01;2026.04.23 03:42:00;0.97886;;;114
2026.04.22 03:15:00;Sell;0.01;AUDCADr;0.97768;0.01;2026.04.23 03:16:00;0.97664;;;121
2026.04.22 03:00:00;Sell;0.01;AUDUSDr;0.71563;0.01;2026.04.23 03:15:00;0.71445;;;188
2026.04.22 15:00:00;Buy;0.01;AUDUSDr;0.71533;0.01;2026.04.22 16:46:00;0.71644;;;177
2026.04.21 13:15:00;Sell;0.01;GBPJPYr;215.058;0.01;2026.04.22 15:12:00;214.946;;;112
2026.04.16 08:15:00;Sell;0.01;EURGBPr;0.86988;0.01;2026.04.22 08:48:08;0.86887;;;217
2026.04.21 20:43:01;Buy;0.01;GBPUSDr;1.3517299999999999;0.01;2026.04.22 08:21:00;1.35311;;;220
2026.04.20 17:45:00;Buy;0.01;AUDCADr;0.97954;0.01;2026.04.22 03:52:00;0.97815;;;-162
2026.04.21 20:30:00;Buy;0.02;AUDCADr;0.97588;0.02;2026.04.22 03:52:00;0.97815;;;529
2026.04.22 02:53:24;Balance;;;;;;;;;-18000
2026.04.21 21:30:00;Buy;0.01;AUDUSDr;0.71457;0.01;2026.04.21 22:12:01;0.71569;;;178
2026.04.21 20:39:01;Buy;0.01;AUDUSDr;0.71522;0.01;2026.04.21 20:44:00;0.71627;;;167
2026.04.21 19:45:00;Buy;0.01;GBPUSDr;1.3501400000000001;0.01;2026.04.21 20:43:00;1.35155;;;225
2026.04.21 20:15:00;Buy;0.01;AUDUSDr;0.7135;0.01;2026.04.21 20:39:00;0.71497;;;234
2026.04.20 04:00:00;Sell;0.01;AUDUSDr;0.71495;0.01;2026.04.21 20:13:00;0.7136;;;215
2026.04.21 18:00:00;Sell;0.01;AUDNZDr;1.214;0.01;2026.04.21 19:12:00;1.21299;;;95
2026.04.21 16:45:00;Sell;0.01;AUDCADr;0.97803;0.01;2026.04.21 18:36:00;0.97698;;;123
2026.04.21 03:30:00;Buy;0.01;GBPUSDr;1.35251;0.01;2026.04.21 17:42:00;1.35352;;;161
2026.04.21 10:05:00;Buy;0.02;AUDNZDr;1.21166;0.02;2026.04.21 17:40:01;1.21372;;;388
2026.04.21 02:00:01;Buy;0.01;AUDNZDr;1.21452;0.01;2026.04.21 17:40:01;1.21372;;;-75
2026.04.21 11:15:00;Buy;0.01;AUDUSDr;0.7144;0.01;2026.04.21 11:29:00;0.71543;;;164
2026.04.20 19:00:00;Sell;0.01;GBPJPYr;214.833;0.01;2026.04.21 09:59:00;214.73;;;103
2026.04.20 03:30:00;Sell;0.01;AUDCADr;0.97872;0.01;2026.04.21 09:03:01;0.97762;;;128
2026.04.15 16:35:00;Sell;0.02;AUDNZDr;1.2111399999999999;0.02;2026.04.21 04:41:00;1.21243;;;-243
2026.04.15 02:00:00;Sell;0.01;AUDNZDr;1.20756;0.01;2026.04.21 04:41:00;1.21243;;;-458
2026.04.16 16:00:00;Sell;0.03;AUDNZDr;1.21746;0.03;2026.04.21 04:41:00;1.21243;;;1420
2026.04.20 16:45:00;Buy;0.01;AUDNZDr;1.21738;0.01;2026.04.20 21:50:00;1.21841;;;96
2026.04.20 13:15:05;Sell;0.01;GBPJPYr;214.779;0.01;2026.04.20 15:11:00;214.677;;;102
2026.04.20 11:15:00;Buy;0.01;AUDCADr;0.97916;0.01;2026.04.20 14:52:00;0.98023;;;124
2026.04.20 11:15:00;Sell;0.01;GBPJPYr;214.635;0.01;2026.04.20 12:32:00;214.528;;;107
2026.04.20 03:00:00;Buy;0.02;AUDCADr;0.97804;0.02;2026.04.20 10:22:00;0.98063;;;601
2026.04.17 20:00:00;Buy;0.01;AUDCADr;0.98258;0.01;2026.04.20 10:22:00;0.98063;;;-226
2026.04.20 09:57:01;Buy;0.01;GBPUSDr;1.3503;0.01;2026.04.20 10:18:01;1.3514;;;175
2026.04.20 09:00:00;Buy;0.01;EURUSDr;1.17533;0.01;2026.04.20 10:00:00;1.17663;;;207
2026.04.20 09:00:00;Buy;0.01;GBPUSDr;1.34917;0.01;2026.04.20 09:57:00;1.35025;;;172
2026.04.20 02:00:00;Sell;0.01;GBPJPYr;214.467;0.01;2026.04.20 09:22:00;214.359;;;108
2026.04.20 03:15:00;Buy;0.01;AUDNZDr;1.21616;0.01;2026.04.20 07:55:03;1.2172;;;97
2026.04.07 12:25:01;Sell;0.02;AUDCADr;0.96641;0.02;2026.04.20 01:00:57;0.97556;;;-2123
2026.04.07 05:45:00;Sell;0.01;AUDCADr;0.96205;0.01;2026.04.20 01:00:57;0.97556;;;-1567
2026.04.17 16:00:00;Sell;0.05;AUDCADr;0.98498;0.05;2026.04.20 01:00:57;0.97556;;;5464
2026.04.08 02:55:00;Sell;0.03;AUDCADr;0.97891;0.03;2026.04.20 01:00:57;0.97556;;;1166
2026.04.17 08:05:00;Sell;0.05;AUDJPYr;114.304;0.05;2026.04.20 01:00:56;113.217;;;5435
2026.04.15 08:25:02;Sell;0.03;AUDJPYr;113.47;0.03;2026.04.20 01:00:56;113.217;;;759
2026.04.13 10:45:00;Sell;0.02;AUDJPYr;112.621;0.02;2026.04.20 01:00:56;113.217;;;-1192
2026.04.09 07:45:02;Sell;0.01;AUDJPYr;111.797;0.01;2026.04.20 01:00:56;113.217;;;-1420
2026.04.17 16:30:00;Sell;0.03;AUDUSDr;0.7209;0.03;2026.04.20 00:05:04;0.7128;;;3858
2026.04.15 02:15:03;Sell;0.02;AUDUSDr;0.71293;0.02;2026.04.20 00:05:04;0.7128;;;41
2026.04.13 04:00:00;Sell;0.01;AUDUSDr;0.70336;0.01;2026.04.20 00:05:04;0.7128;;;-1499
2026.04.17 19:00:00;Buy;0.01;AUDNZDr;1.21711;0.01;2026.04.17 23:51:01;1.2183;;;111
2026.04.06 05:35:00;Sell;0.02;GBPJPYr;210.853;0.02;2026.04.17 17:17:00;214.37;;;-7034
2026.04.01 06:12:01;Sell;0.01;GBPJPYr;209.906;0.01;2026.04.17 17:17:00;214.37;;;-4464
2026.04.15 21:15:00;Sell;0.14;GBPJPYr;215.857;0.14;2026.04.17 17:17:00;214.37;;;20818
2026.04.13 14:50:00;Sell;0.08;GBPJPYr;214.543;0.08;2026.04.17 17:17:00;214.37;;;1384
2026.04.10 03:00:00;Sell;0.05;GBPJPYr;213.639;0.05;2026.04.17 17:17:00;214.37;;;-3655
2026.04.08 08:10:00;Sell;0.03;GBPJPYr;212.43;0.03;2026.04.17 17:17:00;214.37;;;-5820
2026.04.06 07:00:01;Sell;0.01;EURJPYr;183.876;0.01;2026.04.17 17:07:00;187.036;;;-3160
2026.04.17 07:10:21;Sell;0.14;EURJPYr;187.81;0.14;2026.04.17 17:07:00;187.036;;;10836
2026.04.15 02:10:04;Sell;0.08;EURJPYr;187.372;0.08;2026.04.17 17:07:00;187.036;;;2688
2026.04.13 04:05:00;Sell;0.05;EURJPYr;186.644;0.05;2026.04.17 17:07:00;187.036;;;-1960
2026.04.09 20:50:01;Sell;0.03;EURJPYr;186.007;0.03;2026.04.17 17:07:00;187.036;;;-3087
2026.04.08 02:10:00;Sell;0.02;EURJPYr;185.301;0.02;2026.04.17 17:07:00;187.036;;;-3470
2026.04.16 10:45:01;Buy;0.01;GBPUSDr;1.35673;0.01;2026.04.17 15:50:00;1.35775;;;162
2026.04.17 03:15:01;Buy;0.02;AUDCADr;0.9807;0.02;2026.04.17 15:48:00;0.98369;;;694
2026.04.16 09:30:00;Buy;0.01;AUDCADr;0.9859;0.01;2026.04.17 15:48:00;0.98369;;;-257
2026.04.16 08:25:00;Buy;0.01;EURUSDr;1.18046;0.01;2026.04.17 15:48:00;1.18228;;;289
2026.04.14 21:00:01;Buy;0.01;EURGBPr;0.86924;0.01;2026.04.16 17:22:00;0.87052;;;276
2026.04.16 04:45:00;Buy;0.01;AUDCADr;0.98479;0.01;2026.04.16 05:32:00;0.98604;;;145
2026.04.16 02:46:23;Balance;;;;;;;;;-10000
2026.04.14 19:00:00;Buy;0.01;EURUSDr;1.17905;0.01;2026.04.15 18:13:00;1.18019;;;181
2026.04.15 14:45:06;Buy;0.01;GBPUSDr;1.35459;0.01;2026.04.15 16:01:00;1.3556;;;161
2026.04.13 03:30:00;Buy;0.01;AUDNZDr;1.20922;0.01;2026.04.15 10:28:01;1.21024;;;96
2026.04.08 21:45:00;Sell;0.01;EURGBPr;0.87039;0.01;2026.04.14 14:43:01;0.86937;;;220
2026.04.14 08:30:00;Buy;0.01;AUDCADr;0.97625;0.01;2026.04.14 10:05:00;0.97738;;;131
2026.04.13 11:15:00;Sell;0.01;AUDNZDr;1.20925;0.01;2026.04.14 06:33:00;1.20824;;;94
2026.04.13 17:30:02;Buy;0.01;AUDCADr;0.97603;0.01;2026.04.13 19:48:00;0.97714;;;128
2026.04.13 14:45:00;Buy;0.01;AUDCADr;0.9748;0.01;2026.04.13 16:50:00;0.97594;;;132
2026.04.13 02:15:01;Buy;0.01;GBPUSDr;1.33901;0.01;2026.04.13 04:00:00;1.34025;;;198
2026.04.13 02:00:00;Buy;0.01;EURUSDr;1.16726;0.01;2026.04.13 03:29:00;1.16827;;;161
2026.04.10 19:05:02;Sell;0.02;AUDNZDr;1.21118;0.02;2026.04.13 01:01:22;1.20816;;;559
2026.04.10 08:45:00;Sell;0.01;AUDNZDr;1.20909;0.01;2026.04.13 01:01:22;1.20816;;;86
2026.04.08 02:55:01;Sell;0.02;AUDUSDr;0.70723;0.02;2026.04.13 00:16:21;0.70072;;;2077
2026.04.06 07:45:03;Sell;0.01;AUDUSDr;0.69083;0.01;2026.04.13 00:16:21;0.70072;;;-1578
2026.04.10 19:30:00;Buy;0.01;AUDCADr;0.97828;0.01;2026.04.10 23:38:01;0.97929;;;116
2026.04.10 19:45:00;Buy;0.01;EURUSDr;1.17141;0.01;2026.04.10 20:44:00;1.17245;;;166
2026.04.10 17:15:00;Buy;0.01;AUDNZDr;1.20864;0.01;2026.04.10 17:51:00;1.2099;;;117
2026.04.10 03:15:00;Buy;0.01;AUDCADr;0.9778;0.01;2026.04.10 16:22:01;0.9789;;;127
2026.04.10 08:15:02;Buy;0.01;GBPUSDr;1.34181;0.01;2026.04.10 12:20:00;1.34337;;;248
2026.04.10 02:00:06;Buy;0.01;EURUSDr;1.16943;0.01;2026.04.10 12:20:00;1.17074;;;209
2026.04.10 07:00:00;Buy;0.01;AUDNZDr;1.20835;0.01;2026.04.10 11:11:00;1.20941;;;99
2026.04.08 08:15:00;Buy;0.01;AUDNZDr;1.2116500000000001;0.01;2026.04.09 23:07:03;1.20906;;;-241
2026.04.09 10:00:00;Buy;0.03;AUDNZDr;1.20648;0.03;2026.04.09 23:07:03;1.20906;;;722
2026.04.09 03:10:00;Buy;0.02;AUDNZDr;1.2085;0.02;2026.04.09 23:07:03;1.20906;;;104
2026.04.09 03:20:00;Buy;0.02;AUDCADr;0.97429;0.02;2026.04.09 18:16:00;0.97665;;;544
2026.04.08 19:30:00;Buy;0.01;AUDCADr;0.97761;0.01;2026.04.09 18:16:00;0.97665;;;-111
2026.04.08 19:15:00;Buy;0.01;EURUSDr;1.16839;0.01;2026.04.09 16:37:00;1.16942;;;164
2026.04.09 08:15:00;Buy;0.01;GBPUSDr;1.33955;0.01;2026.04.09 11:55:00;1.34057;;;162
2026.04.09 02:45:01;Buy;0.01;GBPUSDr;1.33955;0.01;2026.04.09 07:09:00;1.34059;;;165
2026.04.09 02:00:00;Sell;0.01;AUDJPYr;111.726;0.01;2026.04.09 03:09:00;111.619;;;107
2026.04.08 18:00:00;Sell;0.01;AUDJPYr;111.72;0.01;2026.04.08 22:03:00;111.623;;;97
2026.04.08 17:30:00;Buy;0.01;AUDCADr;0.9772;0.01;2026.04.08 18:56:00;0.97837;;;134
2026.04.08 11:15:00;Buy;0.01;AUDCADr;0.97699;0.01;2026.04.08 15:04:00;0.97808;;;124
2026.03.31 18:15:00;Sell;0.02;EURGBPr;0.87244;0.02;2026.04.08 12:22:00;0.86952;;;1243
2026.03.27 18:00:00;Sell;0.01;EURGBPr;0.86668;0.01;2026.04.08 12:22:00;0.86952;;;-604
2026.04.08 09:01:01;Sell;0.01;AUDJPYr;111.879;0.01;2026.04.08 10:08:00;111.748;;;131
2026.04.08 08:45:00;Sell;0.01;AUDJPYr;112.01;0.01;2026.04.08 09:01:00;111.898;;;112
2026.04.08 05:30:00;Buy;0.01;AUDCADr;0.97646;0.01;2026.04.08 07:16:01;0.9776;;;131
2026.04.07 11:45:00;Sell;0.24;AUDNZDr;1.21357;0.24;2026.04.08 06:39:00;1.2119;;;3691
2026.04.03 20:10:02;Sell;0.14;AUDNZDr;1.21056;0.14;2026.04.08 06:39:00;1.2119;;;-1728
2026.04.01 15:50:00;Sell;0.08;AUDNZDr;1.20437;0.08;2026.04.08 06:39:00;1.2119;;;-5547
2026.04.01 03:20:01;Sell;0.05;AUDNZDr;1.20272;0.05;2026.04.08 06:39:00;1.2119;;;-4227
2026.03.31 11:05:00;Sell;0.03;AUDNZDr;1.20105;0.03;2026.04.08 06:39:00;1.2119;;;-2997
2026.03.30 12:50:00;Sell;0.02;AUDNZDr;1.19825;0.02;2026.04.08 06:39:00;1.2119;;;-2514
2026.03.30 02:45:00;Sell;0.01;AUDNZDr;1.19586;0.01;2026.04.08 06:39:00;1.2119;;;-1477
2026.04.07 15:25:00;Sell;0.41;AUDNZDr;1.21617;0.41;2026.04.08 06:39:00;1.2119;;;16122
2026.04.08 06:15:00;Buy;0.01;AUDNZDr;1.21248;0.01;2026.04.08 06:20:00;1.21417;;;155
2026.03.12 02:30:02;Buy;0.05;EURUSDr;1.1540300000000001;0.05;2026.04.08 01:58:00;1.1666;;;9985
2026.03.03 08:11:00;Buy;0.03;EURUSDr;1.16661;0.03;2026.04.08 01:58:00;1.1666;;;-5
2026.02.18 21:40:04;Buy;0.02;EURUSDr;1.17875;0.02;2026.04.08 01:58:00;1.1666;;-54;-3861
2026.02.11 14:15:01;Buy;0.01;EURUSDr;1.19073;0.01;2026.04.08 01:58:00;1.1666;;-118;-3834
2026.04.02 04:30:00;Buy;0.01;GBPUSDr;1.32673;0.01;2026.04.07 11:46:00;1.32774;;;161
2026.04.07 11:38:07;Balance;;;;;;;;;-4000
2026.04.06 16:15:01;Buy;0.01;AUDCADr;0.9635;0.01;2026.04.07 11:16:00;0.96465;;;132
2026.04.06 18:30:00;Buy;0.01;AUDJPYr;110.48;0.01;2026.04.07 11:03:00;110.581;;;101
2026.04.07 05:00:00;Buy;0.01;AUDUSDr;0.69031;0.01;2026.04.07 06:45:00;0.69131;;;160
2026.04.06 11:45:00;Sell;0.02;AUDCADr;0.96462;0.02;2026.04.07 04:40:00;0.96125;;;774
2026.04.02 15:45:00;Sell;0.01;AUDCADr;0.95785;0.01;2026.04.07 04:40:00;0.96125;;;-390
2026.04.06 17:45:00;Buy;0.01;AUDNZDr;1.21021;0.01;2026.04.07 03:14:00;1.21128;;;98
2026.04.03 02:00:05;Buy;0.01;AUDJPYr;110.255;0.01;2026.04.06 09:53:01;110.379;;;124
2026.04.02 02:10:00;Buy;0.02;AUDCADr;0.96096;0.02;2026.04.06 05:12:00;0.96277;;;414
2026.04.01 18:30:00;Buy;0.01;AUDCADr;0.96315;0.01;2026.04.06 05:12:00;0.96277;;;-44
2026.04.03 18:00:00;Buy;0.01;AUDUSDr;0.68936;0.01;2026.04.06 05:10:00;0.69045;;;174
2026.04.03 09:10:00;Sell;0.02;EURJPYr;184.154;0.02;2026.04.03 21:40:00;183.803;;;702
2026.04.01 02:15:00;Sell;0.01;EURJPYr;183.435;0.01;2026.04.03 21:40:00;183.803;;;-368
2026.04.03 02:15:08;Sell;0.01;AUDUSDr;0.69117;0.01;2026.04.03 15:32:00;0.69009;;;172
2026.04.03 10:15:20;Sell;0.01;GBPUSDr;1.3235000000000001;0.01;2026.04.03 15:30:02;1.32067;;;451
2026.04.01 20:45:00;Buy;0.01;AUDJPYr;110.048;0.01;2026.04.02 19:47:01;110.155;;;107
2026.04.02 05:00:00;Buy;0.01;AUDUSDr;0.68858;0.01;2026.04.02 17:07:00;0.68966;;;172
2026.04.02 11:15:00;Buy;0.01;AUDNZDr;1.20392;0.01;2026.04.02 15:46:00;1.20493;;;92
2026.04.01 06:00:00;Sell;0.01;GBPUSDr;1.3238699999999999;0.01;2026.04.02 08:18:00;1.32283;;;166
2026.04.01 02:30:00;Sell;0.01;AUDUSDr;0.69075;0.01;2026.04.02 04:20:00;0.68964;;;176
2026.04.01 09:30:00;Sell;0.01;AUDCADr;0.96203;0.01;2026.04.01 21:22:00;0.96086;;;134
2026.04.01 18:30:00;Buy;0.01;AUDJPYr;109.992;0.01;2026.04.01 18:53:00;110.099;;;107
2026.03.30 10:45:00;Buy;0.02;GBPUSDr;1.32457;0.02;2026.04.01 13:17:03;1.3305799999999999;;;1907
2026.03.25 15:00:00;Buy;0.01;GBPUSDr;1.33954;0.01;2026.04.01 13:17:03;1.3305799999999999;;;-1422
2026.04.01 11:22:45;Balance;;;;;;;;;-6000
2026.04.01 08:15:00;Buy;0.01;AUDJPYr;109.729;0.01;2026.04.01 09:56:01;109.839;;;110
2026.04.01 08:00:00;Buy;0.01;AUDJPYr;109.587;0.01;2026.04.01 08:07:01;109.689;;;102
2026.04.01 06:30:00;Buy;0.01;AUDJPYr;109.51;0.01;2026.04.01 06:53:01;109.625;;;115
2026.03.31 20:45:00;Sell;0.01;AUDCADr;0.95983;0.01;2026.04.01 06:29:05;0.96014;;;-35
2026.04.01 04:09:00;Sell;0.02;AUDCADr;0.96195;0.02;2026.04.01 06:29:05;0.96014;;;413
2026.04.01 04:24:01;Sell;0.01;GBPJPYr;210.032;0.01;2026.04.01 06:12:00;209.919;;;113
2026.04.01 03:45:01;Sell;0.01;GBPJPYr;210.145;0.01;2026.04.01 04:24:00;210.044;;;101
2026.04.01 02:30:00;Sell;0.01;GBPUSDr;1.32372;0.01;2026.04.01 04:06:00;1.32267;;;167
2026.03.31 16:15:00;Buy;0.01;AUDJPYr;109.538;0.01;2026.04.01 02:54:00;109.638;;;100
2026.03.26 14:15:01;Buy;0.02;AUDUSDr;0.6917;0.02;2026.04.01 02:16:03;0.69052;;;-375
2026.03.24 02:00:00;Buy;0.01;AUDUSDr;0.70088;0.01;2026.04.01 02:16:03;0.69052;;;-1644
2026.03.30 17:40:01;Buy;0.03;AUDUSDr;0.68428;0.03;2026.04.01 02:16:03;0.69052;;;2971
2026.03.31 20:30:00;Sell;0.01;GBPUSDr;1.32368;0.01;2026.03.31 22:07:01;1.32254;;;181
2026.03.31 20:45:00;Sell;0.01;GBPJPYr;210.311;0.01;2026.03.31 21:47:01;210.211;;;100
2026.03.31 19:45:00;Sell;0.01;EURJPYr;183.494;0.01;2026.03.31 21:40:00;183.391;;;103
2026.03.31 18:30:00;Buy;0.01;AUDCADr;0.95775;0.01;2026.03.31 19:41:00;0.95952;;;202
2026.03.31 15:15:00;Sell;0.01;EURJPYr;183.329;0.01;2026.03.31 18:06:00;183.207;;;122
2026.03.31 14:55:00;Sell;0.02;AUDCADr;0.95848;0.02;2026.03.31 17:58:00;0.95501;;;791
2026.03.30 04:15:00;Sell;0.01;AUDCADr;0.95177;0.01;2026.03.31 17:58:00;0.95501;;;-369
2026.03.31 15:15:00;Sell;0.01;GBPUSDr;1.32336;0.01;2026.03.31 17:54:00;1.32226;;;175
2026.03.31 12:01:01;Sell;0.01;GBPJPYr;210.796;0.01;2026.03.31 17:52:00;210.651;;;145
2026.03.31 16:45:00;Buy;0.01;AUDCADr;0.95797;0.01;2026.03.31 16:55:00;0.95897;;;114
2026.03.31 12:30:00;Buy;0.01;AUDJPYr;109.45;0.01;2026.03.31 14:16:00;109.565;;;115
2026.03.31 13:45:00;Buy;0.01;AUDCADr;0.95543;0.01;2026.03.31 14:16:00;0.95648;;;120
2026.03.31 11:45:00;Sell;0.01;GBPUSDr;1.32159;0.01;2026.03.31 13:36:01;1.3205;;;174
2026.03.31 11:45:00;Sell;0.01;GBPJPYr;210.941;0.01;2026.03.31 12:01:00;210.82;;;121
2026.03.31 06:00:00;Buy;0.01;AUDJPYr;109.466;0.01;2026.03.31 10:39:00;109.588;;;122
2026.03.31 06:45:01;Buy;0.01;AUDCADr;0.95414;0.01;2026.03.31 10:33:00;0.95515;;;116
2026.03.31 04:00:00;Sell;0.01;EURUSDr;1.1474;0.01;2026.03.31 08:15:02;1.14634;;;169
2026.03.31 03:45:00;Sell;0.01;GBPJPYr;210.773;0.01;2026.03.31 07:59:00;210.667;;;106
2026.03.31 04:30:00;Sell;0.01;GBPUSDr;1.32177;0.01;2026.03.31 05:03:00;1.32064;;;181
2026.03.30 19:30:00;Buy;0.01;AUDCADr;0.95416;0.01;2026.03.31 03:46:00;0.9552;;;119
2026.03.30 17:00:00;Buy;0.02;AUDJPYr;109.172;0.02;2026.03.31 01:57:03;109.516;;;688
2026.03.30 02:00:00;Buy;0.01;AUDJPYr;109.894;0.01;2026.03.31 01:57:03;109.516;;;-378
2026.03.31 01:21:59;Balance;;;;;;;;;-3000
2026.03.20 03:00:00;Buy;0.02;AUDNZDr;1.2039900000000001;0.02;2026.03.30 18:26:00;1.19947;;;-824
2026.03.19 14:45:00;Buy;0.01;AUDNZDr;1.20943;0.01;2026.03.30 18:26:00;1.19947;;;-908
2026.03.27 03:15:00;Buy;0.05;AUDNZDr;1.19497;0.05;2026.03.30 18:26:00;1.19947;;;2050
2026.03.23 19:40:00;Buy;0.03;AUDNZDr;1.19698;0.03;2026.03.30 18:26:00;1.19947;;;681
2026.03.03 16:00:00;Buy;0.01;EURGBPr;0.87143;0.01;2026.03.30 11:57:05;0.86864;;;-590
2026.03.09 10:40:00;Buy;0.02;EURGBPr;0.86573;0.02;2026.03.30 11:57:05;0.86864;;;1230
2026.03.30 10:15:02;Buy;0.01;AUDCADr;0.95333;0.01;2026.03.30 11:50:00;0.9544;;;123
2026.03.30 06:00:01;Sell;0.01;EURUSDr;1.15109;0.01;2026.03.30 10:32:01;1.14981;;;204
2026.03.24 18:40:00;Sell;0.02;EURJPYr;184.044;0.02;2026.03.30 10:13:00;183.811;;;466
2026.03.19 19:15:00;Sell;0.01;EURJPYr;182.422;0.01;2026.03.30 10:13:00;183.811;;;-1389
2026.03.27 15:50:00;Sell;0.03;EURJPYr;184.337;0.03;2026.03.30 10:13:00;183.811;;;1578
2026.03.30 10:01:01;Sell;0.01;GBPJPYr;211.977;0.01;2026.03.30 10:06:00;211.82;;;157
2026.03.30 09:45:00;Sell;0.01;GBPJPYr;212.094;0.01;2026.03.30 10:01:00;211.988;;;106
2026.03.30 02:00:00;Buy;0.01;AUDCADr;0.95228;0.01;2026.03.30 06:09:00;0.95331;;;118
2026.03.30 03:17:03;Balance;;;;;;;;;-2000
2026.03.27 14:15:03;Sell;0.01;AUDNZDr;1.1963300000000001;0.01;2026.03.30 01:08:03;1.19525;;;99
2026.03.27 04:15:02;Sell;0.01;AUDCADr;0.95415;0.01;2026.03.30 01:02:00;0.95312;;;119
2026.03.27 20:30:00;Sell;0.01;GBPJPYr;212.79;0.01;2026.03.27 20:59:00;212.674;;;116
2026.03.27 03:00:00;Buy;0.03;AUDJPYr;109.708;0.03;2026.03.27 18:00:00;110.323;;;1845
2026.03.26 14:10:00;Buy;0.02;AUDJPYr;110.439;0.02;2026.03.27 18:00:00;110.323;;;-232
2026.03.23 17:30:00;Buy;0.01;AUDJPYr;111.312;0.01;2026.03.27 18:00:00;110.323;;;-989
2026.03.27 12:00:00;Buy;0.01;AUDCADr;0.95505;0.01;2026.03.27 17:24:00;0.95627;;;141
2026.03.24 19:45:00;Sell;0.01;GBPJPYr;212.695;0.01;2026.03.27 13:41:00;212.58;;;115
2026.03.27 03:45:01;Sell;0.01;EURUSDr;1.15382;0.01;2026.03.27 09:22:00;1.15276;;;169
2026.03.27 07:15:00;Sell;0.01;GBPUSDr;1.33462;0.01;2026.03.27 08:51:00;1.33361;;;161
2026.03.27 06:00:00;Sell;0.01;AUDNZDr;1.19627;0.01;2026.03.27 08:01:00;1.19524;;;95
2026.03.26 15:00:00;Buy;0.02;AUDCADr;0.9553;0.02;2026.03.27 05:58:00;0.95639;;;251
2026.03.25 14:00:00;Buy;0.01;AUDCADr;0.9613;0.01;2026.03.27 05:58:00;0.95639;;;-566
2026.03.27 03:20:00;Buy;0.03;AUDCADr;0.95328;0.03;2026.03.27 05:58:00;0.95639;;;1075
2026.03.27 01:00:00;Sell;0.01;EURUSDr;1.15381;0.01;2026.03.27 02:22:00;1.15277;;;166
2026.03.27 01:37:38;Balance;;;;;;;;;-4000
2026.03.26 16:30:00;Sell;0.01;GBPUSDr;1.3366799999999999;0.01;2026.03.26 16:55:00;1.33548;;;191
2026.03.26 09:35:01;Sell;0.02;AUDNZDr;1.19937;0.02;2026.03.26 13:53:00;1.1972800000000001;;;385
2026.03.26 06:00:00;Sell;0.01;AUDNZDr;1.1969400000000001;0.01;2026.03.26 13:53:00;1.1972800000000001;;;-31
2026.03.26 03:45:00;Sell;0.01;AUDCADr;0.95927;0.01;2026.03.26 13:40:33;0.95821;;;122
2026.03.26 12:30:00;Sell;0.01;EURUSDr;1.15612;0.01;2026.03.26 13:20:02;1.15509;;;164
2026.03.26 05:30:00;Sell;0.01;EURUSDr;1.15671;0.01;2026.03.26 08:14:00;1.1555900000000001;;;179
2026.03.24 20:35:00;Sell;0.01;EURUSDr;1.15825;0.01;2026.03.25 16:01:00;1.15689;;;216
2026.03.24 16:30:00;Sell;0.01;AUDCADr;0.95746;0.01;2026.03.25 15:50:00;0.95868;;;-141
2026.03.25 13:50:00;Sell;0.02;AUDCADr;0.96082;0.02;2026.03.25 15:50:00;0.95868;;;494
2026.03.25 14:18:01;Sell;0.01;GBPUSDr;1.33947;0.01;2026.03.25 15:47:00;1.33811;;;216
2026.03.25 13:15:00;Sell;0.01;GBPUSDr;1.34118;0.01;2026.03.25 14:18:00;1.33981;;;218
2026.03.24 18:15:00;Sell;0.01;AUDNZDr;1.19772;0.01;2026.03.25 13:38:00;1.19673;;;92
2026.03.25 01:00:00;Sell;0.01;GBPUSDr;1.34177;0.01;2026.03.25 04:11:01;1.34074;;;164
2026.03.24 19:30:00;Buy;0.01;GBPUSDr;1.33723;0.01;2026.03.24 20:32:00;1.33822;;;157
2026.03.24 19:15:00;Buy;0.01;GBPUSDr;1.33588;0.01;2026.03.24 19:24:00;1.3369;;;162
2026.03.24 18:30:00;Sell;0.01;EURUSDr;1.15904;0.01;2026.03.24 19:03:00;1.15794;;;175
2026.03.24 16:15:00;Sell;0.01;EURUSDr;1.15882;0.01;2026.03.24 17:57:00;1.15781;;;160
2026.03.24 16:50:01;Sell;0.01;GBPUSDr;1.33931;0.01;2026.03.24 17:54:00;1.33825;;;168
2026.03.24 16:30:00;Sell;0.01;GBPJPYr;212.65;0.01;2026.03.24 17:52:00;212.549;;;101
2026.03.24 14:00:00;Buy;0.01;GBPUSDr;1.33978;0.01;2026.03.24 16:53:00;1.34164;;;295
2026.03.24 15:39:01;Buy;0.01;AUDCADr;0.9572;0.01;2026.03.24 16:52:00;0.95821;;;117
2026.03.24 16:30:00;Sell;0.01;GBPUSDr;1.34045;0.01;2026.03.24 16:50:00;1.33936;;;173
2026.03.24 15:15:00;Buy;0.01;AUDCADr;0.95599;0.01;2026.03.24 15:39:00;0.95697;;;113
2026.03.24 12:15:00;Sell;0.01;GBPJPYr;212.635;0.01;2026.03.24 15:09:00;212.516;;;119
2026.03.24 09:00:00;Sell;0.01;EURUSDr;1.15899;0.01;2026.03.24 15:09:00;1.15749;;;238
2026.03.24 11:00:00;Buy;0.01;AUDCADr;0.9574;0.01;2026.03.24 13:48:00;0.95843;;;119
2026.03.24 13:35:10;Balance;;;;;;;;;-2000
2026.03.24 11:00:00;Buy;0.01;GBPUSDr;1.3391600000000001;0.01;2026.03.24 11:57:00;1.34026;;;174
2026.03.24 07:14:01;Sell;0.01;GBPJPYr;212.51;0.01;2026.03.24 10:51:00;212.326;;;184
2026.03.24 09:15:00;Sell;0.01;GBPUSDr;1.34396;0.01;2026.03.24 09:21:00;1.34297;;;157
2026.03.24 09:15:00;Sell;0.01;AUDCADr;0.96182;0.01;2026.03.24 09:21:00;0.96073;;;126
2026.03.24 02:15:00;Buy;0.01;AUDCADr;0.96041;0.01;2026.03.24 09:10:00;0.96149;;;125
2026.03.24 04:45:00;Sell;0.01;GBPJPYr;212.629;0.01;2026.03.24 07:14:00;212.525;;;104
2026.03.23 19:45:00;Sell;0.01;EURUSDr;1.15982;0.01;2026.03.24 02:40:00;1.15853;;;205
2026.03.23 20:15:00;Sell;0.01;GBPUSDr;1.34261;0.01;2026.03.24 02:13:00;1.34159;;;162
2026.03.23 19:45:00;Sell;0.01;AUDCADr;0.96249;0.01;2026.03.24 02:03:00;0.9612;;;149
2026.03.24 01:54:23;Balance;;;;;;;;;-17000
2026.03.24 01:54:00;Balance;;;;;;;;;-2000
2026.03.23 19:35:01;Buy;0.01;AUDUSDr;0.70177;0.01;2026.03.23 20:58:00;0.70275;;;155
2026.03.23 20:00:00;Sell;0.01;GBPUSDr;1.34239;0.01;2026.03.23 20:08:00;1.3412;;;189
2026.03.23 18:50:02;Buy;0.01;AUDUSDr;0.70059;0.01;2026.03.23 19:35:00;0.7017;;;176
2026.03.23 18:45:02;Buy;0.01;AUDCADr;0.9605;0.01;2026.03.23 18:55:00;0.96155;;;121
2026.03.23 18:00:00;Buy;0.01;AUDUSDr;0.69933;0.01;2026.03.23 18:50:01;0.70048;;;182
2026.03.23 18:00:00;Buy;0.01;AUDCADr;0.95941;0.01;2026.03.23 18:45:01;0.9603;;;103
2026.03.23 15:45:00;Sell;0.01;EURUSDr;1.15906;0.01;2026.03.23 18:06:00;1.158;;;168
2026.03.23 16:00:00;Sell;0.01;GBPUSDr;1.3415599999999999;0.01;2026.03.23 17:53:00;1.3402;;;216
2026.03.23 17:36:01;Sell;0.01;AUDCADr;0.96203;0.01;2026.03.23 17:53:00;0.96066;;;158
2026.03.23 17:27:01;Sell;0.01;AUDCADr;0.96329;0.01;2026.03.23 17:36:00;0.96212;;;135
2026.03.23 17:21:01;Sell;0.01;AUDUSDr;0.70294;0.01;2026.03.23 17:34:00;0.7019;;;165
2026.03.23 16:30:00;Sell;0.01;AUDCADr;0.96477;0.01;2026.03.23 17:27:00;0.96353;;;143
2026.03.23 17:00:00;Sell;0.01;AUDUSDr;0.70459;0.01;2026.03.23 17:21:00;0.70309;;;238
2026.03.23 16:52:01;Sell;0.01;GBPJPYr;213.003;0.01;2026.03.23 17:13:00;212.868;;;135
2026.03.23 16:30:00;Sell;0.01;GBPJPYr;213.127;0.01;2026.03.23 16:52:00;213.016;;;111
2026.03.23 15:18:01;Sell;0.01;GBPUSDr;1.34029;0.01;2026.03.23 15:33:00;1.3391199999999999;;;186
2026.03.23 14:45:00;Sell;0.01;GBPUSDr;1.34177;0.01;2026.03.23 15:18:00;1.34033;;;228
2026.03.23 15:00:00;Sell;0.01;EURUSDr;1.1613;0.01;2026.03.23 15:02:00;1.16024;;;168
2026.03.23 05:00:00;Buy;0.01;AUDJPYr;111.385;0.01;2026.03.23 14:52:00;111.489;;;104
2026.03.23 07:40:00;Buy;0.02;AUDUSDr;0.69678;0.02;2026.03.23 13:07:00;0.70169;;;1558
2026.03.20 13:10:01;Buy;0.01;AUDUSDr;0.70767;0.01;2026.03.23 13:07:00;0.70169;;;-948
2026.03.20 15:45:00;Buy;0.02;AUDCADr;0.96866;0.02;2026.03.23 13:07:00;0.96106;;;-1760
2026.03.20 11:15:00;Buy;0.01;AUDCADr;0.97145;0.01;2026.03.23 13:07:00;0.96106;;;-1203
2026.03.23 13:00:00;Buy;0.08;AUDCADr;0.95216;0.08;2026.03.23 13:07:00;0.96106;;;8245
2026.03.23 05:00:00;Buy;0.05;AUDCADr;0.95761;0.05;2026.03.23 13:07:00;0.96106;;;1998
2026.03.20 20:30:00;Buy;0.03;AUDCADr;0.96372;0.03;2026.03.23 13:07:00;0.96106;;;-924
2026.03.23 12:35:00;Buy;0.02;GBPUSDr;1.32671;0.02;2026.03.23 13:06:00;1.33796;;;3575
2026.03.20 14:45:00;Buy;0.01;GBPUSDr;1.33874;0.01;2026.03.23 13:06:00;1.33796;;;-124
2026.03.19 14:00:02;Sell;0.01;GBPUSDr;1.32896;0.01;2026.03.23 11:38:00;1.32788;;;172
2026.03.16 12:00:01;Sell;0.01;EURUSDr;1.14497;0.01;2026.03.23 11:20:00;1.15189;;;-1103
2026.03.20 13:31:00;Sell;0.02;EURUSDr;1.15698;0.02;2026.03.23 11:20:00;1.15189;;;1623
2026.03.23 07:45:00;Sell;0.01;EURGBPr;0.86704;0.01;2026.03.23 10:27:00;0.86604;;;213
2026.03.19 20:30:00;Sell;0.01;GBPJPYr;211.511;0.01;2026.03.23 08:09:00;212.097;;;-586
2026.03.23 03:30:00;Sell;0.02;GBPJPYr;212.574;0.02;2026.03.23 08:09:00;212.097;;;954
2026.03.23 01:15:00;Buy;0.01;AUDJPYr;111.562;0.01;2026.03.23 03:08:00;111.685;;;123
2026.03.20 03:15:00;Sell;0.01;AUDJPYr;111.863;0.01;2026.03.20 20:57:00;111.756;;;107
2026.03.20 15:15:00;Sell;0.01;AUDNZDr;1.2062599999999999;0.01;2026.03.20 16:48:00;1.20525;;;94
2026.03.20 14:00:00;Sell;0.01;AUDUSDr;0.70795;0.01;2026.03.20 15:06:00;0.70682;;;179
2026.03.20 12:00:00;Buy;0.01;GBPUSDr;1.3383;0.01;2026.03.20 13:32:00;1.33931;;;160
2026.03.20 12:00:00;Buy;0.01;AUDUSDr;0.70654;0.01;2026.03.20 13:10:00;0.70764;;;174
2026.03.19 19:00:00;Sell;0.01;AUDCADr;0.96723;0.01;2026.03.20 11:43:00;0.97055;;;-384
2026.03.20 07:30:00;Sell;0.02;AUDCADr;0.97375;0.02;2026.03.20 11:43:00;0.97055;;;741
2026.03.20 03:15:00;Sell;0.01;AUDUSDr;0.70897;0.01;2026.03.20 08:49:02;0.70792;;;166
2026.03.20 04:30:00;Buy;0.01;AUDCADr;0.97255;0.01;2026.03.20 07:15:00;0.97359;;;120
2026.03.19 20:15:00;Sell;0.01;GBPJPYr;211.621;0.01;2026.03.19 20:24:00;211.521;;;100
2026.03.19 18:03:01;Buy;0.01;AUDCADr;0.96665;0.01;2026.03.19 19:22:00;0.96766;;;116
2026.03.19 17:45:00;Buy;0.01;AUDUSDr;0.70304;0.01;2026.03.19 18:03:00;0.70436;;;209
2026.03.19 17:45:00;Buy;0.01;AUDCADr;0.96509;0.01;2026.03.19 18:03:00;0.96634;;;144
2026.03.19 17:32:01;Sell;0.01;EURJPYr;182.404;0.01;2026.03.19 17:55:00;182.278;;;126
2026.03.19 17:30:00;Sell;0.01;GBPJPYr;211.74;0.01;2026.03.19 17:37:00;211.642;;;98
2026.03.19 17:15:00;Sell;0.01;EURJPYr;182.519;0.01;2026.03.19 17:32:00;182.416;;;103
2026.03.19 17:15:00;Sell;0.01;GBPJPYr;211.832;0.01;2026.03.19 17:29:00;211.723;;;109
2026.03.19 14:45:00;Buy;0.05;AUDCADr;0.96436;0.05;2026.03.19 17:05:00;0.96768;;;1915
2026.03.19 07:20:00;Buy;0.03;AUDCADr;0.96647;0.03;2026.03.19 17:05:00;0.96768;;;419
2026.03.18 14:40:00;Buy;0.02;AUDCADr;0.96985;0.02;2026.03.19 17:05:00;0.96768;;;-501
2026.03.18 10:15:00;Buy;0.01;AUDCADr;0.97435;0.01;2026.03.19 17:05:00;0.96768;;;-769
2026.03.19 13:30:00;Buy;0.01;AUDUSDr;0.70396;0.01;2026.03.19 16:03:00;0.70505;;;172
2026.03.19 13:27:01;Sell;0.01;EURJPYr;182.475;0.01;2026.03.19 15:26:00;182.299;;;176
2026.03.19 14:15:00;Sell;0.01;GBPJPYr;211.525;0.01;2026.03.19 14:51:00;211.402;;;123
2026.03.19 10:45:00;Sell;0.01;AUDCADr;0.96636;0.01;2026.03.19 14:26:00;0.96487;;;173
2026.03.19 11:30:00;Sell;0.01;AUDNZDr;1.21152;0.01;2026.03.19 14:26:00;1.21004;;;137
2026.03.19 12:15:00;Sell;0.01;EURJPYr;182.598;0.01;2026.03.19 13:27:00;182.489;;;109
2026.03.19 12:15:12;Balance;;;;;;;;;-16000
2026.03.19 12:00:00;Sell;0.01;EURJPYr;182.702;0.01;2026.03.19 12:11:00;182.591;;;111
2026.03.19 02:30:00;Buy;0.01;AUDNZDr;1.21102;0.01;2026.03.19 11:54:00;1.2122;;;109
2026.03.19 06:15:01;Buy;0.01;GBPUSDr;1.32778;0.01;2026.03.19 11:54:00;1.3288;;;162
2026.03.19 06:00:00;Buy;0.01;AUDUSDr;0.70466;0.01;2026.03.19 11:22:00;0.70569;;;164
2026.03.19 04:00:00;Sell;0.01;AUDCADr;0.96608;0.01;2026.03.19 09:58:00;0.965;;;125
2026.03.16 15:15:00;Sell;0.01;GBPJPYr;211.41;0.01;2026.03.19 09:58:00;211.305;;;105
2026.03.19 02:15:00;Sell;0.02;EURJPYr;183.2;0.02;2026.03.19 09:03:00;182.894;;;612
2026.03.16 15:30:00;Sell;0.01;EURJPYr;182.712;0.01;2026.03.19 09:03:00;182.894;;;-182
2026.03.19 04:30:00;Sell;0.01;AUDJPYr;112.592;0.01;2026.03.19 04:55:00;112.482;;;110
2026.03.18 13:30:00;Buy;0.01;AUDNZDr;1.21273;0.01;2026.03.19 00:06:00;1.2138;;;99
2026.03.16 12:30:00;Sell;0.01;GBPUSDr;1.32686;0.01;2026.03.18 22:25:00;1.32579;;;171
2026.03.17 05:45:00;Sell;0.01;AUDUSDr;0.70501;0.01;2026.03.18 21:51:00;0.70392;;;174
2026.03.18 19:00:00;Sell;0.01;AUDCADr;0.96978;0.01;2026.03.18 20:45:00;0.96865;;;132
2026.03.18 17:15:00;Sell;0.01;AUDJPYr;112.885;0.01;2026.03.18 20:16:00;112.784;;;101
2026.03.18 14:45:00;Buy;0.01;GBPUSDr;1.3324099999999999;0.01;2026.03.18 17:07:00;1.33354;;;180
2026.03.18 03:40:04;Sell;0.02;AUDJPYr;113.128;0.02;2026.03.18 14:08:00;112.756;;;744
2026.03.17 05:42:01;Sell;0.01;AUDJPYr;112.409;0.01;2026.03.18 14:08:00;112.756;;;-347
2026.03.17 19:45:00;Sell;0.01;AUDNZDr;1.21246;0.01;2026.03.18 14:08:00;1.21246;;;0
2026.03.18 09:53:00;Sell;0.02;AUDNZDr;1.21403;0.02;2026.03.18 14:08:00;1.21246;;;292
2026.03.18 08:30:00;Sell;0.03;AUDCADr;0.97582;0.03;2026.03.18 13:01:03;0.97299;;;986
2026.03.17 15:15:00;Sell;0.02;AUDCADr;0.97362;0.02;2026.03.18 13:01:03;0.97299;;;146
2026.03.17 11:00:00;Sell;0.01;AUDCADr;0.96944;0.01;2026.03.18 13:01:03;0.97299;;;-412
2026.03.18 02:45:00;Buy;0.01;AUDCADr;0.9735;0.01;2026.03.18 06:30:00;0.9746;;;128
2026.03.17 11:15:00;Sell;0.01;AUDNZDr;1.21299;0.01;2026.03.17 17:30:00;1.21196;;;96
2026.03.17 08:32:03;Buy;0.01;AUDCADr;0.96801;0.01;2026.03.17 10:56:00;0.96918;;;136
2026.03.17 08:45:00;Sell;0.01;AUDCADr;0.96827;0.01;2026.03.17 09:43:00;0.96725;;;119
2026.03.17 08:40:03;Buy;0.01;GBPUSDr;1.32894;0.01;2026.03.17 09:27:00;1.33048;;;245
2026.03.17 08:15:00;Buy;0.01;GBPUSDr;1.32781;0.01;2026.03.17 08:40:02;1.32887;;;169
2026.03.17 08:15:00;Buy;0.01;AUDCADr;0.96688;0.01;2026.03.17 08:32:02;0.96783;;;111
2026.03.17 07:00:00;Sell;0.01;AUDCADr;0.96776;0.01;2026.03.17 08:14:00;0.96676;;;116
2026.03.16 13:05:01;Sell;0.02;AUDCADr;0.96466;0.02;2026.03.17 05:45:00;0.96513;;;-109
2026.03.16 04:45:00;Sell;0.01;AUDCADr;0.96074;0.01;2026.03.17 05:45:00;0.96513;;;-511
2026.03.17 04:25:01;Sell;0.03;AUDCADr;0.96892;0.03;2026.03.17 05:45:00;0.96513;;;1323
2026.03.17 05:31:01;Sell;0.01;AUDUSDr;0.70641;0.01;2026.03.17 05:43:00;0.70541;;;159
2026.03.17 04:30:00;Sell;0.02;AUDJPYr;112.859;0.02;2026.03.17 05:42:00;112.432;;;854
2026.03.16 11:00:00;Sell;0.01;AUDJPYr;111.886;0.01;2026.03.17 05:42:00;112.432;;;-546
2026.03.17 05:15:10;Sell;0.02;AUDNZDr;1.21052;0.02;2026.03.17 05:32:00;1.20761;;;542
2026.03.17 01:45:00;Sell;0.01;AUDNZDr;1.2073;0.01;2026.03.17 05:32:00;1.20761;;;-29
2026.03.17 04:00:00;Sell;0.01;AUDUSDr;0.7081;0.01;2026.03.17 05:31:00;0.7064;;;271
2026.03.17 02:15:00;Buy;0.01;AUDCADr;0.96697;0.01;2026.03.17 03:50:00;0.96797;;;116
2026.03.16 10:45:00;Buy;0.01;AUDNZDr;1.20724;0.01;2026.03.17 03:13:00;1.20835;;;103
2026.03.16 16:15:00;Sell;0.01;AUDNZDr;1.20776;0.01;2026.03.16 17:47:01;1.20674;;;95
2026.03.16 07:05:00;Buy;0.02;GBPUSDr;1.32528;0.02;2026.03.16 17:41:00;1.33169;;;2040
2026.03.11 17:30:00;Buy;0.01;GBPUSDr;1.34122;0.01;2026.03.16 17:41:00;1.33169;;;-1516
2026.03.12 16:15:00;Buy;0.01;AUDUSDr;0.71056;0.01;2026.03.16 13:20:01;0.70538;;;-825
2026.03.13 17:50:00;Buy;0.02;AUDUSDr;0.70124;0.02;2026.03.16 13:20:01;0.70538;;;1318
2026.03.16 12:30:00;Sell;0.01;EURJPYr;182.753;0.01;2026.03.16 12:46:02;182.647;;;106
2026.03.13 20:40:00;Buy;0.02;AUDCADr;0.96137;0.02;2026.03.16 12:23:00;0.96359;;;516
2026.03.13 16:30:00;Buy;0.01;AUDCADr;0.96486;0.01;2026.03.16 12:23:00;0.96359;;;-148
2026.03.16 08:15:00;Sell;0.01;AUDNZDr;1.20805;0.01;2026.03.16 11:06:00;1.207;;;97
2026.03.16 04:00:00;Sell;0.01;AUDJPYr;111.793;0.01;2026.03.16 09:38:00;111.68;;;113
2026.03.16 05:25:00;Buy;0.02;AUDNZDr;1.20584;0.02;2026.03.16 07:56:00;1.20803;;;405
2026.03.13 10:15:00;Buy;0.01;AUDNZDr;1.20906;0.01;2026.03.16 07:56:00;1.20803;;;-95
2026.03.16 02:15:00;Sell;0.01;EURUSDr;1.14461;0.01;2026.03.16 07:53:01;1.14356;;;167
2026.03.16 03:00:00;Sell;0.01;EURJPYr;182.483;0.01;2026.03.16 07:29:00;182.371;;;112
2026.03.16 04:30:00;Sell;0.01;GBPJPYr;211.491;0.01;2026.03.16 07:15:03;211.383;;;108
2026.03.16 02:00:00;Sell;0.01;AUDJPYr;111.76;0.01;2026.03.16 03:33:01;111.593;;;167
2026.03.16 02:15:00;Sell;0.01;AUDNZDr;1.209;0.01;2026.03.16 03:32:00;1.20787;;;104
2026.03.13 20:45:00;Sell;0.01;GBPJPYr;211.439;0.01;2026.03.13 21:07:02;211.334;;;105
2026.03.13 19:30:00;Sell;0.01;EURJPYr;182.634;0.01;2026.03.13 21:04:00;182.525;;;109
2026.03.11 14:50:00;Sell;0.08;AUDNZDr;1.20863;0.08;2026.03.13 17:58:00;1.20717;;;1081
2026.03.11 05:15:00;Sell;0.05;AUDNZDr;1.20674;0.05;2026.03.13 17:58:00;1.20717;;;-199
2026.03.11 01:06:01;Sell;0.03;AUDNZDr;1.2013099999999999;0.03;2026.03.13 17:58:00;1.20717;;;-1628
2026.03.10 17:30:00;Sell;0.02;AUDNZDr;1.19981;0.02;2026.03.13 17:58:00;1.20717;;;-1363
2026.03.09 16:15:00;Sell;0.01;AUDNZDr;1.18969;0.01;2026.03.13 17:58:00;1.20717;;;-1618
2026.03.13 07:10:00;Sell;0.14;AUDNZDr;1.21103;0.14;2026.03.13 17:58:00;1.20717;;;5004
2026.03.13 15:00:00;Sell;0.01;EURUSDr;1.14779;0.01;2026.03.13 16:44:00;1.14673;;;169
2026.03.13 14:45:00;Sell;0.01;AUDCADr;0.96582;0.01;2026.03.13 15:34:00;0.96466;;;135
2026.03.13 09:10:00;Buy;0.08;AUDCADr;0.96102;0.08;2026.03.13 14:33:00;0.96476;;;3482
2026.03.13 05:50:00;Buy;0.05;AUDCADr;0.96435;0.05;2026.03.13 14:33:00;0.96476;;;239
2026.03.12 16:05:00;Buy;0.03;AUDCADr;0.96641;0.03;2026.03.13 14:33:00;0.96476;;;-576
2026.03.12 05:00:00;Buy;0.02;AUDCADr;0.96949;0.02;2026.03.13 14:33:00;0.96476;;;-1101
2026.03.11 19:00:00;Buy;0.01;AUDCADr;0.97173;0.01;2026.03.13 14:33:00;0.96476;;;-811
2026.03.11 17:10:00;Sell;0.03;GBPJPYr;212.976;0.03;2026.03.13 09:07:00;211.961;;;3045
2026.03.09 20:35:00;Sell;0.02;GBPJPYr;212;0.02;2026.03.13 09:07:00;211.961;;;78
2026.03.05 10:29:01;Sell;0.01;GBPJPYr;209.497;0.01;2026.03.13 09:07:00;211.961;;;-2464
2026.03.09 12:18:01;Sell;0.01;GBPUSDr;1.33301;0.01;2026.03.13 08:36:00;1.33181;;;191
2026.03.10 08:50:00;Sell;0.02;AUDCADr;0.96269;0.02;2026.03.13 08:27:00;0.96251;;;42
2026.03.09 12:11:01;Sell;0.01;AUDCADr;0.95004;0.01;2026.03.13 08:27:00;0.96251;;;-1457
2026.03.10 17:35:00;Sell;0.03;AUDCADr;0.9686;0.03;2026.03.13 08:27:00;0.96251;;;2134
2026.03.13 04:15:00;Sell;0.01;EURJPYr;183.404;0.01;2026.03.13 08:08:00;183.27;;;134
2026.03.13 04:15:00;Sell;0.01;AUDJPYr;112.772;0.01;2026.03.13 05:31:00;112.618;;;154
2026.03.13 01:05:01;Sell;0.01;EURUSDr;1.15195;0.01;2026.03.13 05:21:00;1.1509;;;167
2026.03.12 18:15:00;Sell;0.01;EURJPYr;183.457;0.01;2026.03.13 02:02:00;183.354;;;103
2026.03.09 04:15:00;Sell;0.01;AUDJPYr;110.726;0.01;2026.03.12 17:17:00;112.643;;;-1917
2026.03.11 13:50:00;Sell;0.03;AUDJPYr;113.482;0.03;2026.03.12 17:17:00;112.643;;;2517
2026.03.10 17:25:00;Sell;0.02;AUDJPYr;112.691;0.02;2026.03.12 17:17:00;112.643;;;96
2026.03.10 08:15:00;Sell;0.01;AUDUSDr;0.70867;0.01;2026.03.12 17:13:00;0.70756;;;177
2026.03.12 09:49:01;Sell;0.01;EURJPYr;183.391;0.01;2026.03.12 14:36:00;183.289;;;102
2026.03.12 08:25:00;Sell;0.01;EURUSDr;1.15466;0.01;2026.03.12 14:34:00;1.15355;;;176
2026.03.12 11:45:00;Buy;0.01;AUDNZDr;1.2077499999999999;0.01;2026.03.12 13:32:01;1.20877;;;96
2026.03.12 09:56:44;Balance;;;;;;;;;-5000
2026.03.09 03:52:02;Sell;0.01;EURJPYr;182.619;0.01;2026.03.12 09:49:00;183.402;;;-783
2026.03.11 04:05:00;Sell;0.02;EURJPYr;184.003;0.02;2026.03.12 09:49:00;183.402;;;1202
2026.03.09 11:30:00;Sell;0.01;EURUSDr;1.15492;0.01;2026.03.12 02:07:02;1.15378;;;181
2026.03.11 14:15:00;Buy;0.01;AUDCADr;0.97139;0.01;2026.03.11 15:19:00;0.97239;;;117
2026.03.11 15:00:00;Buy;0.01;GBPUSDr;1.3397999999999999;0.01;2026.03.11 15:10:01;1.34094;;;181
2026.03.10 20:45:00;Buy;0.01;GBPUSDr;1.34289;0.01;2026.03.11 03:18:00;1.34391;;;161
2026.03.10 03:45:00;Buy;0.01;AUDCADr;0.96075;0.01;2026.03.10 08:11:00;0.96188;;;131
2026.03.10 03:18:01;Sell;0.01;AUDUSDr;0.70655;0.01;2026.03.10 05:48:00;0.70543;;;177
2026.03.10 02:45:00;Sell;0.01;AUDUSDr;0.70764;0.01;2026.03.10 03:18:00;0.70661;;;162
2026.03.10 01:30:02;Sell;0.01;AUDUSDr;0.70753;0.01;2026.03.10 02:05:00;0.70651;;;161
2026.03.02 08:35:00;Buy;0.02;GBPUSDr;1.33864;0.02;2026.03.09 21:40:00;1.34385;;;1644
2026.02.26 18:30:00;Buy;0.01;GBPUSDr;1.3511;0.01;2026.03.09 21:40:00;1.34385;;;-1144
2026.03.09 09:00:00;Buy;0.01;AUDNZDr;1.19017;0.01;2026.03.09 21:20:00;1.19137;;;112
2026.03.09 13:00:00;Buy;0.02;AUDCADr;0.95002;0.02;2026.03.09 16:04:00;0.95402;;;933
2026.03.06 11:30:00;Buy;0.01;AUDCADr;0.95887;0.01;2026.03.09 16:04:00;0.95402;;;-566
2026.03.09 11:45:00;Sell;0.01;GBPUSDr;1.33422;0.01;2026.03.09 12:18:00;1.33313;;;173
2026.03.09 11:45:00;Sell;0.01;AUDCADr;0.95126;0.01;2026.03.09 12:11:00;0.95029;;;113
2026.03.09 11:02:01;Buy;0.01;AUDUSDr;0.69952;0.01;2026.03.09 11:18:01;0.70057;;;166
2026.03.09 10:30:00;Buy;0.01;AUDUSDr;0.69828;0.01;2026.03.09 11:02:00;0.69947;;;189
2026.03.09 09:45:00;Sell;0.01;GBPUSDr;1.33381;0.01;2026.03.09 10:17:00;1.3327;;;176
2026.03.09 07:45:00;Sell;0.01;AUDCADr;0.94982;0.01;2026.03.09 09:03:00;0.94866;;;136
2026.03.09 02:15:00;Buy;0.01;AUDNZDr;1.1903299999999999;0.01;2026.03.09 05:58:00;1.19132;;;92
2026.03.06 04:00:00;Sell;0.01;AUDNZDr;1.18976;0.01;2026.03.09 04:19:00;1.18868;;;101
2026.03.09 01:45:01;Buy;0.01;AUDUSDr;0.69699;0.01;2026.03.09 04:13:00;0.69807;;;171
2026.03.09 02:45:00;Sell;0.01;EURJPYr;182.734;0.01;2026.03.09 03:52:01;182.633;;;101
2026.03.09 01:00:00;Sell;0.01;AUDJPYr;110.504;0.01;2026.03.09 01:32:00;110.385;;;119
2026.03.06 18:00:00;Buy;0.01;AUDNZDr;1.19011;0.01;2026.03.09 00:03:00;1.19127;;;108
2026.03.06 17:30:00;Sell;0.01;GBPUSDr;1.3354599999999999;0.01;2026.03.09 00:02:32;1.33463;;;131
2026.03.06 18:45:00;Sell;0.01;EURJPYr;182.88;0.01;2026.03.09 00:00:42;182.672;;;208
2026.03.06 19:00:00;Sell;0.01;AUDJPYr;110.69;0.01;2026.03.09 00:00:40;110.488;;;202
2026.03.07 01:50:43;Balance;;;;;;;;;-8000
2026.03.06 11:30:00;Buy;0.01;AUDUSDr;0.70159;0.01;2026.03.06 18:46:00;0.70275;;;183
2026.03.06 17:45:01;Sell;0.01;AUDJPYr;110.571;0.01;2026.03.06 17:51:00;110.404;;;167
2026.03.06 17:15:00;Sell;0.01;GBPUSDr;1.33745;0.01;2026.03.06 17:20:00;1.33636;;;172
2026.03.06 16:15:00;Buy;0.01;AUDNZDr;1.19051;0.01;2026.03.06 17:01:00;1.19173;;;113
2026.03.06 15:45:00;Sell;0.01;GBPUSDr;1.33764;0.01;2026.03.06 15:47:00;1.33594;;;268
2026.03.05 21:16:01;Sell;0.01;EURJPYr;182.703;0.01;2026.03.06 14:05:01;182.595;;;108
2026.03.06 02:45:00;Sell;0.01;AUDJPYr;110.559;0.01;2026.03.06 13:56:01;110.45;;;109
2026.03.06 02:45:00;Sell;0.01;AUDCADr;0.95919;0.01;2026.03.06 11:38:01;0.95799;;;139
2026.03.05 03:00:00;Buy;0.01;AUDNZDr;1.19167;0.01;2026.03.06 11:24:00;1.19273;;;99
2026.03.06 02:00:00;Sell;0.01;GBPUSDr;1.33555;0.01;2026.03.06 11:19:00;1.3345099999999999;;;164
2026.03.06 03:15:02;Sell;0.01;EURUSDr;1.1615;0.01;2026.03.06 08:04:00;1.16042;;;171
2026.03.05 15:00:00;Buy;0.01;AUDCADr;0.96037;0.01;2026.03.06 05:01:00;0.96138;;;116
2026.03.05 18:30:00;Buy;0.02;AUDUSDr;0.69877;0.02;2026.03.06 03:38:00;0.70317;;;1386
2026.03.03 08:00:00;Buy;0.01;AUDUSDr;0.70897;0.01;2026.03.06 03:38:00;0.70317;;;-913
2026.03.05 20:45:00;Sell;0.01;EURJPYr;182.816;0.01;2026.03.05 21:16:00;182.714;;;102
2026.03.05 20:00:00;Sell;0.01;EURJPYr;182.723;0.01;2026.03.05 20:20:00;182.6;;;123
2026.03.05 17:15:00;Sell;0.01;AUDNZDr;1.19048;0.01;2026.03.05 17:38:00;1.18942;;;98
2026.03.05 14:30:00;Sell;0.01;EURJPYr;182.839;0.01;2026.03.05 17:05:00;182.717;;;122
2026.03.05 13:32:01;Sell;0.01;AUDJPYr;110.873;0.01;2026.03.05 16:40:00;110.727;;;146
2026.03.05 13:00:00;Sell;0.01;AUDNZDr;1.19038;0.01;2026.03.05 15:41:00;1.18934;;;97
2026.03.05 13:15:00;Sell;0.01;AUDJPYr;110.998;0.01;2026.03.05 13:32:00;110.889;;;109
2026.03.05 11:30:00;Sell;0.01;EURUSDr;1.16262;0.01;2026.03.05 11:56:00;1.1616;;;160
2026.03.05 11:30:00;Sell;0.01;GBPUSDr;1.33609;0.01;2026.03.05 11:38:01;1.33503;;;166
2026.03.05 11:15:00;Sell;0.01;EURUSDr;1.16402;0.01;2026.03.05 11:18:00;1.16284;;;185
2026.03.05 08:30:00;Buy;0.02;AUDCADr;0.96113;0.02;2026.03.05 11:09:00;0.9633;;;500
2026.03.05 04:15:00;Buy;0.01;AUDCADr;0.96454;0.01;2026.03.05 11:09:00;0.9633;;;-143
2026.03.05 10:04:01;Sell;0.01;GBPJPYr;209.637;0.01;2026.03.05 10:29:00;209.515;;;122
2026.03.04 08:30:00;Sell;0.01;AUDJPYr;110.479;0.01;2026.03.05 10:24:00;110.371;;;108
2026.03.05 10:00:00;Sell;0.01;EURJPYr;182.489;0.01;2026.03.05 10:07:00;182.395;;;94
2026.03.05 09:45:00;Sell;0.01;GBPJPYr;209.771;0.01;2026.03.05 10:04:00;209.666;;;105
2026.03.04 12:25:01;Sell;0.02;AUDCADr;0.96399;0.02;2026.03.05 08:07:00;0.96137;;;603
2026.03.04 09:15:00;Sell;0.01;AUDCADr;0.95976;0.01;2026.03.05 08:07:00;0.96137;;;-185
2026.03.04 10:29:02;Sell;0.01;GBPUSDr;1.3342800000000001;0.01;2026.03.05 06:30:00;1.33317;;;174
2026.03.05 05:15:00;Sell;0.01;EURJPYr;182.405;0.01;2026.03.05 05:31:00;182.293;;;112
2026.03.04 20:00:00;Sell;0.01;AUDUSDr;0.70708;0.01;2026.03.05 05:19:00;0.70603;;;165
2026.03.05 03:00:00;Sell;0.01;EURUSDr;1.16444;0.01;2026.03.05 03:42:00;1.16337;;;168
2026.03.04 12:15:00;Sell;0.01;AUDNZDr;1.19254;0.01;2026.03.04 22:58:00;1.19148;;;99
2026.03.04 16:30:00;Sell;0.01;EURJPYr;183.001;0.01;2026.03.04 16:46:00;182.883;;;118
2026.03.04 13:30:00;Sell;0.01;EURUSDr;1.1644;0.01;2026.03.04 13:53:00;1.1634;;;157
2026.03.04 13:34:01;Sell;0.01;GBPJPYr;210.353;0.01;2026.03.04 13:51:00;210.223;;;130
2026.03.04 13:30:00;Sell;0.01;EURJPYr;182.959;0.01;2026.03.04 13:51:00;182.811;;;148
2026.03.04 13:15:00;Sell;0.01;GBPJPYr;210.521;0.01;2026.03.04 13:34:00;210.381;;;140
2026.03.04 13:15:00;Sell;0.01;EURJPYr;183.092;0.01;2026.03.04 13:28:01;182.96;;;132
2026.03.04 10:10:01;Sell;0.01;EURJPYr;182.603;0.01;2026.03.04 11:06:00;182.501;;;102
2026.03.04 08:30:00;Sell;0.01;EURUSDr;1.16056;0.01;2026.03.04 11:03:00;1.15944;;;176
2026.03.04 10:13:01;Sell;0.01;GBPJPYr;210.046;0.01;2026.03.04 11:01:01;209.947;;;99
2026.03.04 09:30:00;Sell;0.01;GBPUSDr;1.3358400000000001;0.01;2026.03.04 10:29:01;1.33449;;;212
2026.03.04 09:30:00;Sell;0.01;GBPJPYr;210.168;0.01;2026.03.04 10:13:00;210.06;;;108
2026.03.04 08:15:00;Sell;0.01;EURJPYr;182.761;0.01;2026.03.04 10:10:00;182.622;;;139
2026.03.04 03:03:01;Buy;0.01;AUDCADr;0.96015;0.01;2026.03.04 09:44:00;0.96121;;;122
2026.03.04 06:05:00;Buy;0.02;AUDNZDr;1.1877;0.02;2026.03.04 09:37:00;1.19091;;;597
2026.03.04 03:02:01;Buy;0.01;AUDNZDr;1.1936499999999999;0.01;2026.03.04 09:37:00;1.19091;;;-255
2026.03.04 05:00:00;Sell;0.01;AUDJPYr;110.477;0.01;2026.03.04 05:04:00;110.375;;;102
2026.03.04 03:51:06;Balance;;;;;;;;;-12000
2026.03.03 18:33:01;Sell;0.01;GBPJPYr;209.941;0.01;2026.03.04 03:24:00;209.837;;;104
2026.03.04 02:45:00;Buy;0.01;AUDCADr;0.95893;0.01;2026.03.04 03:03:00;0.95992;;;114
2026.03.04 02:45:00;Buy;0.01;AUDNZDr;1.19235;0.01;2026.03.04 03:02:00;1.1933799999999999;;;95
2026.03.03 21:11:01;Sell;0.01;GBPUSDr;1.33448;0.01;2026.03.04 02:38:00;1.33338;;;173
2026.03.04 02:30:00;Sell;0.01;AUDJPYr;110.807;0.01;2026.03.04 02:32:02;110.704;;;103
2026.03.04 02:15:00;Sell;0.01;AUDJPYr;110.845;0.01;2026.03.04 02:24:00;110.707;;;138
2026.03.04 02:15:00;Sell;0.01;EURJPYr;183.032;0.01;2026.03.04 02:23:00;182.925;;;107
2026.03.04 02:00:00;Sell;0.01;AUDNZDr;1.19539;0.01;2026.03.04 02:12:01;1.1942599999999999;;;105
2026.03.04 02:00:00;Sell;0.01;EURJPYr;183.18;0.01;2026.03.04 02:10:00;183.072;;;108
2026.03.04 02:00:00;Sell;0.01;AUDCADr;0.96248;0.01;2026.03.04 02:09:00;0.96142;;;122
2026.03.04 02:00:00;Sell;0.01;AUDJPYr;111.052;0.01;2026.03.04 02:08:00;110.926;;;126
2026.03.03 21:00:00;Sell;0.01;EURJPYr;183.118;0.01;2026.03.04 01:00:01;183.032;;;86
2026.03.03 21:45:00;Sell;0.01;EURUSDr;1.16218;0.01;2026.03.03 23:47:01;1.16117;;;159
2026.03.03 20:45:01;Sell;0.01;EURUSDr;1.16165;0.01;2026.03.03 21:17:00;1.1605699999999999;;;170
2026.03.03 20:45:00;Sell;0.01;GBPUSDr;1.33564;0.01;2026.03.03 21:11:00;1.3345500000000001;;;172
2026.03.03 17:25:00;Buy;0.03;AUDCADr;0.95626;0.03;2026.03.03 20:58:00;0.96305;;;2350
2026.03.03 11:00:00;Buy;0.02;AUDCADr;0.96612;0.02;2026.03.03 20:58:00;0.96305;;;-708
2026.03.03 07:15:00;Buy;0.01;AUDCADr;0.9713;0.01;2026.03.03 20:58:00;0.96305;;;-952
2026.03.03 13:45:00;Buy;0.01;AUDNZDr;1.19316;0.01;2026.03.03 19:19:00;1.19417;;;94
2026.03.03 18:15:00;Sell;0.01;GBPJPYr;210.058;0.01;2026.03.03 18:33:00;209.948;;;110
2026.02.12 03:25:00;Sell;0.05;AUDUSDr;0.7136;0.05;2026.03.03 17:13:00;0.69499;;;14671
2026.02.04 15:05:00;Sell;0.03;AUDUSDr;0.70299;0.03;2026.03.03 17:13:00;0.69499;;;3784
2025.12.05 06:45:10;Sell;0.02;AUDUSDr;0.66176;0.02;2026.03.03 17:13:00;0.69499;;-279;-10478
2025.12.01 09:30:04;Sell;0.01;AUDUSDr;0.65475;0.01;2026.03.03 17:13:00;0.69499;;-148;-6344
2026.02.26 04:30:00;Sell;0.01;EURGBPr;0.87149;0.01;2026.03.03 16:20:01;0.87045;;;218
2026.03.02 10:15:00;Sell;0.01;AUDNZDr;1.18748;0.01;2026.03.03 14:42:00;1.19196;;;-417
2026.03.03 07:10:00;Sell;0.05;AUDNZDr;1.19616;0.05;2026.03.03 14:42:00;1.19196;;;1953
2026.03.02 20:25:00;Sell;0.03;AUDNZDr;1.19237;0.03;2026.03.03 14:42:00;1.19196;;;114
2026.03.02 15:55:00;Sell;0.02;AUDNZDr;1.18903;0.02;2026.03.03 14:42:00;1.19196;;;-545
2026.03.03 03:40:00;Sell;0.08;AUDJPYr;111.95;0.08;2026.03.03 12:34:00;110.852;;;8784
2026.02.26 12:10:00;Sell;0.05;AUDJPYr;111.033;0.05;2026.03.03 12:34:00;110.852;;;905
2026.02.24 10:15:00;Sell;0.03;AUDJPYr;110.284;0.03;2026.03.03 12:34:00;110.852;;;-1704
2026.02.18 17:35:01;Sell;0.02;AUDJPYr;109.125;0.02;2026.03.03 12:34:00;110.852;;;-3454
2026.02.17 20:15:00;Sell;0.01;AUDJPYr;108.42;0.01;2026.03.03 12:34:00;110.852;;;-2432
2026.03.02 20:10:00;Sell;0.02;AUDCADr;0.97009;0.02;2026.03.03 10:01:00;0.96804;;;472
2026.03.02 17:01:03;Sell;0.01;AUDCADr;0.96722;0.01;2026.03.03 10:01:00;0.96804;;;-94
2026.03.02 12:15:00;Sell;0.01;GBPJPYr;209.982;0.01;2026.03.03 09:09:00;209.872;;;110
2026.03.03 03:45:00;Sell;0.01;GBPUSDr;1.34143;0.01;2026.03.03 04:03:00;1.34026;;;184
2026.03.03 03:31:01;Sell;0.01;EURJPYr;184.125;0.01;2026.03.03 04:00:00;183.986;;;139
2026.03.03 03:15:00;Sell;0.01;EURJPYr;184.296;0.01;2026.03.03 03:31:00;184.139;;;157
2026.03.02 21:30:00;Sell;0.01;EURUSDr;1.17081;0.01;2026.03.02 22:09:00;1.16936;;;228
2026.03.02 21:45:00;Sell;0.01;GBPUSDr;1.34265;0.01;2026.03.02 22:08:00;1.3414;;;197
2026.03.02 14:15:02;Buy;0.01;AUDUSDr;0.70769;0.01;2026.03.02 21:07:00;0.70877;;;170
2026.03.02 11:15:00;Sell;0.01;EURJPYr;184.144;0.01;2026.03.02 18:32:00;183.987;;;157
2026.03.02 16:38:01;Buy;0.01;AUDCADr;0.96748;0.01;2026.03.02 17:11:00;0.96876;;;147
2026.03.02 14:30:00;Buy;0.01;AUDCADr;0.96608;0.01;2026.03.02 16:38:00;0.96727;;;137
2026.03.02 14:00:00;Sell;0.01;AUDCADr;0.96739;0.01;2026.03.02 14:20:00;0.96634;;;121
2026.02.27 12:15:00;Buy;0.01;AUDNZDr;1.18772;0.01;2026.03.02 10:45:00;1.18883;;;104
2026.03.02 02:27:04;Sell;0.01;EURJPYr;184.068;0.01;2026.03.02 09:21:00;183.954;;;114
2026.03.02 02:28:01;Sell;0.01;GBPJPYr;209.823;0.01;2026.03.02 09:18:00;209.692;;;131
2026.02.20 11:30:00;Sell;0.01;EURUSDr;1.17669;0.01;2026.03.02 08:15:01;1.17541;;;201
2026.03.02 03:15:04;Sell;0.01;AUDCADr;0.96922;0.01;2026.03.02 07:11:32;0.9679;;;151
2026.03.02 02:00:00;Sell;0.01;GBPJPYr;209.964;0.01;2026.03.02 02:28:00;209.839;;;125
2026.03.02 02:00:00;Sell;0.01;EURJPYr;184.19;0.01;2026.03.02 02:27:03;184.085;;;105
2026.02.17 18:00:00;Sell;0.01;AUDNZDr;1.17102;0.01;2026.03.02 01:04:00;1.18537;;;-1336
2026.02.27 08:16:03;Sell;0.08;AUDNZDr;1.18944;0.08;2026.03.02 01:04:00;1.18537;;;3032
2026.02.25 11:15:00;Sell;0.05;AUDNZDr;1.18786;0.05;2026.03.02 01:04:00;1.18537;;;1159
2026.02.20 09:55:00;Sell;0.03;AUDNZDr;1.18425;0.03;2026.03.02 01:04:00;1.18537;;;-313
2026.02.18 04:20:00;Sell;0.02;AUDNZDr;1.17709;0.02;2026.03.02 01:04:00;1.18537;;;-1542
2026.02.27 15:30:05;Sell;0.01;EURJPYr;184.139;0.01;2026.03.02 01:01:41;184.032;;;107
2026.02.27 20:45:00;Sell;0.01;GBPJPYr;210.176;0.01;2026.03.02 01:01:21;209.715;;;461
2026.02.27 15:50:00;Buy;0.02;AUDCADr;0.97049;0.02;2026.02.27 17:50:00;0.97215;;;380
2026.02.27 12:00:00;Buy;0.01;AUDCADr;0.9725;0.01;2026.02.27 17:50:00;0.97215;;;-40
2026.02.27 02:15:00;Sell;0.01;AUDCADr;0.97161;0.01;2026.02.27 15:38:00;0.97041;;;137
2026.02.27 12:51:31;Balance;;;;;;;;;-3000
2026.02.27 10:00:00;Sell;0.01;GBPJPYr;210.529;0.01;2026.02.27 12:03:00;210.398;;;131
2026.02.27 09:30:00;Sell;0.01;EURJPYr;184.227;0.01;2026.02.27 11:58:00;184.076;;;151
2026.02.26 17:40:00;Buy;0.02;AUDCADr;0.97126;0.02;2026.02.27 04:58:00;0.9731;;;419
2026.02.26 09:30:01;Buy;0.01;AUDCADr;0.97357;0.01;2026.02.27 04:58:00;0.9731;;;-54
2026.02.25 21:45:00;Sell;0.02;EURJPYr;184.706;0.02;2026.02.27 02:36:00;183.8;;;1812
2026.02.23 20:47:01;Sell;0.01;EURJPYr;182.305;0.01;2026.02.27 02:36:00;183.8;;;-1495
2026.02.26 21:45:00;Sell;0.01;GBPJPYr;210.638;0.01;2026.02.26 23:33:05;210.532;;;106
2026.02.26 17:30:00;Buy;0.01;AUDNZDr;1.18662;0.01;2026.02.26 20:35:01;1.18762;;;93
2026.02.20 11:30:00;Sell;0.01;GBPUSDr;1.34661;0.01;2026.02.26 19:49:00;1.34559;;;160
2026.02.25 13:05:01;Sell;0.02;GBPJPYr;211.727;0.02;2026.02.26 19:44:00;210.566;;;2322
2026.02.23 20:45:00;Sell;0.01;GBPJPYr;208.573;0.01;2026.02.26 19:44:00;210.566;;;-1993
2026.02.25 21:55:00;Sell;0.03;AUDCADr;0.9741;0.03;2026.02.26 17:15:00;0.97112;;;1018
2026.02.25 17:05:00;Sell;0.02;AUDCADr;0.97153;0.02;2026.02.26 17:15:00;0.97112;;;93
2026.02.25 02:45:01;Sell;0.01;AUDCADr;0.96876;0.01;2026.02.26 17:15:00;0.97112;;;-269
2026.02.26 14:16:02;Buy;0.01;GBPUSDr;1.3541400000000001;0.01;2026.02.26 15:12:00;1.35535;;;189
2026.02.26 14:00:00;Buy;0.01;GBPUSDr;1.35294;0.01;2026.02.26 14:16:01;1.35406;;;175
2026.02.26 10:15:00;Buy;0.01;GBPUSDr;1.35328;0.01;2026.02.26 13:17:01;1.35432;;;162
2026.02.26 11:24:24;Balance;;;;;;;;;-3000
2026.02.25 20:00:00;Buy;0.01;EURGBPr;0.87106;0.01;2026.02.26 09:51:00;0.87212;;;224
2026.02.26 04:00:00;Buy;0.01;AUDNZDr;1.18658;0.01;2026.02.26 08:48:05;1.18758;;;94
2026.02.18 20:50:00;Buy;0.02;GBPUSDr;1.35102;0.02;2026.02.25 19:17:00;1.35621;;;1622
2026.02.16 15:15:00;Buy;0.01;GBPUSDr;1.36334;0.01;2026.02.25 19:17:00;1.35621;;;-1114
2026.02.24 21:00:00;Sell;0.01;EURGBPr;0.87197;0.01;2026.02.25 19:06:00;0.87096;;;214
2026.02.25 02:31:01;Buy;0.01;AUDNZDr;1.1852;0.01;2026.02.25 04:58:01;1.18635;;;107
2026.02.24 12:30:00;Buy;0.01;AUDUSDr;0.70631;0.01;2026.02.25 02:31:00;0.70768;;;214
2026.02.24 10:45:00;Buy;0.01;AUDNZDr;1.18453;0.01;2026.02.25 02:31:00;1.1844000000000001;;;-12
2026.02.24 16:40:00;Buy;0.02;AUDNZDr;1.18273;0.02;2026.02.25 02:31:00;1.1844000000000001;;;311
2026.02.24 20:15:00;Buy;0.01;AUDCADr;0.96793;0.01;2026.02.25 02:31:00;0.96925;;;150
2026.02.24 16:20:02;Buy;0.02;AUDCADr;0.96481;0.02;2026.02.24 17:24:00;0.96673;;;437
2026.02.24 12:15:00;Buy;0.01;AUDCADr;0.96751;0.01;2026.02.24 17:24:00;0.96673;;;-89
2026.02.19 14:20:03;Sell;0.02;EURGBPr;0.87465;0.02;2026.02.24 17:15:00;0.87166;;;1259
2026.02.09 03:00:00;Sell;0.01;EURGBPr;0.86914;0.01;2026.02.24 17:15:00;0.87166;;;-531
2026.02.24 02:00:00;Sell;0.01;AUDCADr;0.96668;0.01;2026.02.24 14:20:05;0.96562;;;121
2026.02.24 12:29:58;Balance;;;;;;;;;-3000
2026.02.24 07:00:00;Buy;0.01;AUDUSDr;0.70596;0.01;2026.02.24 09:35:00;0.70711;;;179
2026.02.23 18:00:00;Buy;0.01;AUDUSDr;0.70604;0.01;2026.02.24 05:01:01;0.70706;;;158
2026.02.23 14:15:00;Buy;0.01;AUDCADr;0.96715;0.01;2026.02.24 04:40:00;0.96823;;;122
2026.02.23 18:15:00;Buy;0.01;AUDNZDr;1.1835499999999999;0.01;2026.02.23 21:57:00;1.18461;;;98
2026.02.23 20:30:00;Sell;0.01;EURJPYr;182.417;0.01;2026.02.23 20:47:00;182.314;;;103
2026.02.23 20:30:00;Sell;0.01;GBPJPYr;208.721;0.01;2026.02.23 20:40:00;208.605;;;116
2026.02.23 15:45:00;Sell;0.01;AUDCADr;0.96777;0.01;2026.02.23 17:50:00;0.96671;;;120
2026.02.23 15:00:00;Buy;0.01;AUDUSDr;0.70651;0.01;2026.02.23 16:17:04;0.70754;;;159
2026.02.23 07:30:02;Sell;0.01;EURJPYr;182.52;0.01;2026.02.23 15:12:00;182.414;;;106
2026.02.23 09:00:00;Sell;0.01;GBPJPYr;208.989;0.01;2026.02.23 14:19:00;208.864;;;125
2026.02.23 03:30:00;Buy;0.01;AUDCADr;0.9671;0.01;2026.02.23 10:24:00;0.96809;;;112
2026.02.23 02:30:00;Buy;0.01;AUDNZDr;1.18351;0.01;2026.02.23 09:49:00;1.18317;;;-31
2026.02.23 06:15:00;Buy;0.02;AUDNZDr;1.18137;0.02;2026.02.23 09:49:00;1.18317;;;333
2026.02.23 02:15:00;Sell;0.02;AUDCADr;0.96978;0.02;2026.02.23 03:15:00;0.96803;;;395
2026.02.20 17:15:00;Sell;0.01;AUDCADr;0.96761;0.01;2026.02.23 03:15:00;0.96803;;;-47
2026.02.20 02:00:00;Sell;0.02;GBPJPYr;208.889;0.02;2026.02.23 03:01:00;208.361;;;1056
2026.02.18 02:00:00;Sell;0.01;GBPJPYr;207.691;0.01;2026.02.23 03:01:00;208.361;;;-670
2026.02.20 19:45:00;Sell;0.01;EURJPYr;182.631;0.01;2026.02.23 02:05:00;182.516;;;115
2026.02.13 06:15:03;Buy;0.01;AUDUSDr;0.70876;0.01;2026.02.23 01:39:00;0.70976;;;155
2026.02.21 00:38:59;Balance;;;;;;;;;-2000
2026.02.20 20:30:00;Buy;0.01;AUDCADr;0.96812;0.01;2026.02.20 20:46:00;0.96937;;;142
2026.02.20 16:38:01;Sell;0.01;EURJPYr;182.791;0.01;2026.02.20 17:16:00;182.692;;;99
2026.02.20 16:15:00;Sell;0.01;EURJPYr;182.915;0.01;2026.02.20 16:38:00;182.803;;;112
2026.02.20 13:45:00;Buy;0.01;AUDCADr;0.96493;0.01;2026.02.20 16:37:00;0.96596;;;117
2026.02.20 11:35:00;Sell;0.02;AUDCADr;0.96623;0.02;2026.02.20 14:23:00;0.96441;;;413
2026.02.20 08:00:00;Sell;0.01;AUDCADr;0.96383;0.01;2026.02.20 14:23:00;0.96441;;;-66
2026.02.20 11:50:01;Sell;0.01;EURJPYr;182.839;0.01;2026.02.20 12:25:00;182.736;;;103
2026.02.20 11:00:00;Sell;0.01;EURJPYr;182.952;0.01;2026.02.20 11:50:00;182.85;;;102
2026.02.20 09:15:00;Sell;0.01;EURUSDr;1.17609;0.01;2026.02.20 09:57:00;1.17508;;;157
2026.02.20 07:45:00;Sell;0.01;EURJPYr;182.48;0.01;2026.02.20 09:14:01;182.367;;;113
2026.02.20 05:00:00;Buy;0.02;AUDCADr;0.96201;0.02;2026.02.20 08:55:00;0.96426;;;510
2026.02.19 12:00:00;Buy;0.01;AUDCADr;0.96538;0.01;2026.02.20 08:55:00;0.96426;;;-127
2026.02.20 03:45:00;Sell;0.01;EURJPYr;182.565;0.01;2026.02.20 03:57:01;182.453;;;112
2026.02.19 18:00:00;Sell;0.01;AUDCADr;0.96545;0.01;2026.02.20 03:36:00;0.96444;;;115
2026.02.20 02:25:01;Sell;0.01;EURJPYr;182.53;0.01;2026.02.20 02:53:00;182.427;;;103
2026.02.20 02:37:21;Balance;;;;;;;;;-2000
2026.02.20 02:00:00;Sell;0.01;EURJPYr;182.649;0.01;2026.02.20 02:25:00;182.541;;;108
2026.02.05 03:15:00;Sell;0.05;GBPUSDr;1.3652;0.05;2026.02.19 16:25:00;1.34361;;;16760
2025.12.04 16:50:00;Sell;0.03;GBPUSDr;1.33628;0.03;2026.02.19 16:25:00;1.34361;;-536;-3414
2025.12.01 11:55:00;Sell;0.02;GBPUSDr;1.32298;0.02;2026.02.19 16:25:00;1.34361;;-383;-6406
2025.11.24 20:00:00;Sell;0.01;GBPUSDr;1.31003;0.01;2026.02.19 16:25:00;1.34361;;-228;-5214
2026.02.17 12:00:00;Sell;0.01;EURJPYr;181.13;0.01;2026.02.19 13:29:00;182.209;;;-1079
2026.02.19 06:15:00;Sell;0.02;EURJPYr;182.934;0.02;2026.02.19 13:29:00;182.209;;;1450
2026.02.19 04:00:00;Sell;0.01;EURUSDr;1.17942;0.01;2026.02.19 13:19:01;1.17835;;;165
2026.02.19 04:05:00;Sell;0.02;AUDCADr;0.96705;0.02;2026.02.19 11:50:00;0.96514;;;432
2026.02.17 18:15:00;Sell;0.01;AUDCADr;0.96437;0.01;2026.02.19 11:50:00;0.96514;;;-87
2026.02.19 07:15:03;Buy;0.01;AUDCADr;0.96551;0.01;2026.02.19 08:32:02;0.96651;;;113
2026.02.18 20:30:00;Buy;0.01;AUDCADr;0.96579;0.01;2026.02.19 03:43:00;0.96685;;;120
2026.02.19 01:19:17;Balance;;;;;;;;;-2000
2026.02.18 14:00:00;Buy;0.01;AUDCADr;0.96474;0.01;2026.02.18 17:03:00;0.96591;;;132
2026.02.18 14:20:00;Sell;0.01;EURUSDr;1.18384;0.01;2026.02.18 15:56:00;1.18265;;;183
2026.02.18 03:00:00;Buy;0.01;AUDCADr;0.96552;0.01;2026.02.18 10:41:01;0.96654;;;115
2026.02.18 09:00:00;Sell;0.01;EURUSDr;1.18436;0.01;2026.02.18 10:06:01;1.18325;;;171
2026.02.17 13:15:00;Buy;0.03;AUDNZDr;1.16888;0.03;2026.02.18 03:00:14;1.1734;;;1253
2026.02.16 17:05:00;Buy;0.02;AUDNZDr;1.17206;0.02;2026.02.18 03:00:14;1.1734;;;248
2026.02.12 08:45:00;Buy;0.01;AUDNZDr;1.1762299999999999;0.01;2026.02.18 03:00:14;1.1734;;;-262
2026.02.16 12:00:00;Buy;0.01;AUDCADr;0.96478;0.01;2026.02.17 20:36:01;0.96585;;;120
2026.02.17 15:52:01;Buy;0.01;AUDJPYr;108.162;0.01;2026.02.17 17:46:00;108.319;;;157
2026.02.17 16:45:00;Sell;0.01;AUDCADr;0.96342;0.01;2026.02.17 17:12:00;0.96244;;;110
2026.02.17 15:00:00;Buy;0.01;AUDJPYr;107.98;0.01;2026.02.17 15:52:00;108.136;;;156
2026.02.17 08:15:00;Sell;0.01;AUDCADr;0.96361;0.01;2026.02.17 15:10:00;0.96259;;;114
2026.02.17 11:30:01;Sell;0.01;EURUSDr;1.18474;0.01;2026.02.17 13:50:00;1.1837;;;159
2026.02.17 10:43:36;Balance;;;;;;;;;-2000
2026.02.17 09:45:00;Sell;0.01;AUDNZDr;1.1719;0.01;2026.02.17 10:40:00;1.17083;;;99
2026.02.17 09:40:01;Buy;0.01;AUDJPYr;108.068;0.01;2026.02.17 10:01:00;108.176;;;108
2026.02.17 09:15:00;Buy;0.01;AUDJPYr;107.939;0.01;2026.02.17 09:40:00;108.051;;;112
2026.02.16 02:15:00;Buy;0.01;EURGBPr;0.86942;0.01;2026.02.17 09:01:00;0.8714;;;411
2026.02.17 04:00:00;Buy;0.01;AUDJPYr;108.101;0.01;2026.02.17 07:00:00;108.202;;;101
2026.02.16 02:00:00;Sell;0.01;AUDNZDr;1.1719;0.01;2026.02.17 05:35:01;1.17084;;;98
2026.02.13 17:15:00;Sell;0.01;AUDCADr;0.96199;0.01;2026.02.17 04:03:00;0.96244;;;-51
2026.02.16 03:45:00;Sell;0.02;AUDCADr;0.96423;0.02;2026.02.17 04:03:00;0.96244;;;402
2026.02.16 03:23:01;Sell;0.01;GBPJPYr;208.715;0.01;2026.02.17 03:56:01;208.604;;;111
2026.02.16 04:00:00;Sell;0.01;AUDJPYr;108.398;0.01;2026.02.17 02:42:00;108.281;;;117
2026.02.16 07:00:00;Sell;0.01;EURJPYr;181.77;0.01;2026.02.17 02:20:00;181.665;;;105
2026.02.16 08:30:01;Sell;0.01;EURUSDr;1.18659;0.01;2026.02.16 14:37:00;1.18559;;;153
2026.02.16 04:38:12;Balance;;;;;;;;;-22000
2026.02.16 02:30:00;Sell;0.01;GBPJPYr;208.845;0.01;2026.02.16 03:23:00;208.735;;;110
2026.02.16 02:15:00;Sell;0.01;GBPJPYr;208.843;0.01;2026.02.16 02:24:00;208.735;;;108
2026.02.13 21:45:00;Buy;0.01;AUDJPYr;108.094;0.01;2026.02.16 02:15:00;108.223;;;129
2026.02.13 19:15:00;Sell;0.01;EURUSDr;1.18817;0.01;2026.02.13 21:16:01;1.18713;;;159
2026.02.13 18:25:02;Buy;0.01;GBPUSDr;1.36272;0.01;2026.02.13 18:40:00;1.36387;;;176
2026.02.13 18:00:00;Buy;0.01;GBPUSDr;1.36135;0.01;2026.02.13 18:25:01;1.36264;;;197
2026.02.13 14:45:01;Sell;0.01;EURUSDr;1.186;0.01;2026.02.13 17:59:01;1.18498;;;156
2026.02.13 14:05:00;Buy;0.03;AUDCADr;0.96067;0.03;2026.02.13 17:37:00;0.96365;;;1005
2026.02.13 07:42:00;Buy;0.02;AUDCADr;0.96347;0.02;2026.02.13 17:37:00;0.96365;;;40
2026.02.12 20:00:00;Buy;0.01;AUDCADr;0.96548;0.01;2026.02.13 17:37:00;0.96365;;;-206
2026.02.12 18:45:00;Buy;0.01;GBPUSDr;1.3631;0.01;2026.02.13 17:11:00;1.36419;;;167
2026.02.13 16:30:00;Sell;0.01;AUDCADr;0.96265;0.01;2026.02.13 16:40:00;0.96155;;;123
2026.02.13 10:00:00;Sell;0.01;EURJPYr;181.908;0.01;2026.02.13 13:42:00;181.779;;;129
2026.02.13 10:00:00;Sell;0.01;GBPJPYr;208.836;0.01;2026.02.13 13:39:00;208.685;;;151
2026.02.13 12:00:00;Sell;0.01;AUDJPYr;108.551;0.01;2026.02.13 12:49:00;108.447;;;104
2026.02.13 09:15:00;Buy;0.01;AUDJPYr;108.26;0.01;2026.02.13 10:02:00;108.381;;;121
2026.02.13 09:45:00;Sell;0.01;GBPJPYr;208.929;0.01;2026.02.13 09:47:00;208.819;;;110
2026.02.11 15:25:00;Sell;0.14;AUDCADr;0.96404;0.14;2026.02.13 08:05:00;0.96275;;;2033
2026.02.09 05:15:02;Sell;0.08;AUDCADr;0.95993;0.08;2026.02.13 08:05:00;0.96275;;;-2539
2026.02.06 19:15:00;Sell;0.05;AUDCADr;0.95734;0.05;2026.02.13 08:05:00;0.96275;;;-3044
2026.02.06 14:05:00;Sell;0.03;AUDCADr;0.95512;0.03;2026.02.13 08:05:00;0.96275;;;-2576
2026.02.05 18:50:00;Sell;0.02;AUDCADr;0.95299;0.02;2026.02.13 08:05:00;0.96275;;;-2197
2025.12.19 08:45:01;Sell;0.01;AUDCADr;0.91071;0.01;2026.02.13 08:05:00;0.96275;;-98;-5857
2026.02.12 03:20:00;Sell;0.24;AUDCADr;0.96862;0.24;2026.02.13 08:05:00;0.96275;;;15856
2026.02.13 07:16:01;Sell;0.01;AUDJPYr;108.404;0.01;2026.02.13 07:30:00;108.302;;;102
2026.02.13 07:15:00;Sell;0.01;GBPJPYr;208.488;0.01;2026.02.13 07:27:01;208.386;;;102
2026.02.13 07:00:00;Sell;0.01;AUDJPYr;108.537;0.01;2026.02.13 07:16:00;108.424;;;113
2026.02.13 03:00:00;Sell;0.01;EURUSDr;1.1872;0.01;2026.02.13 06:52:00;1.18609;;;170
2026.02.13 04:00:00;Sell;0.01;EURJPYr;181.876;0.01;2026.02.13 04:25:00;181.765;;;111
2026.02.13 03:30:00;Sell;0.01;EURJPYr;181.929;0.01;2026.02.13 03:40:00;181.822;;;107
2026.02.13 03:15:00;Buy;0.01;AUDJPYr;108.633;0.01;2026.02.13 03:29:00;108.735;;;102
2026.02.13 03:00:00;Buy;0.01;AUDJPYr;108.225;0.01;2026.02.13 03:03:00;108.343;;;118
2026.02.12 21:45:01;Sell;0.01;AUDNZDr;1.17566;0.01;2026.02.13 02:59:00;1.1745700000000001;;;100
2026.02.12 18:30:00;Buy;0.01;GBPUSDr;1.36227;0.01;2026.02.12 18:43:00;1.36342;;;176
2026.02.12 10:30:00;Sell;0.01;EURUSDr;1.18776;0.01;2026.02.12 18:25:00;1.1865999999999999;;;177
2026.02.12 07:15:00;Sell;0.01;GBPJPYr;208.35;0.01;2026.02.12 18:08:00;208.238;;;112
2026.02.12 12:15:00;Sell;0.01;AUDJPYr;108.933;0.01;2026.02.12 17:41:00;108.757;;;176
2026.02.12 12:30:00;Sell;0.01;EURJPYr;181.754;0.01;2026.02.12 17:38:00;181.631;;;123
2026.02.12 16:00:00;Sell;0.01;AUDNZDr;1.17559;0.01;2026.02.12 17:37:00;1.17456;;;95
2026.02.12 15:34:01;Buy;0.01;GBPUSDr;1.3643;0.01;2026.02.12 16:10:00;1.36537;;;164
2026.02.12 15:00:00;Buy;0.01;GBPUSDr;1.3630499999999999;0.01;2026.02.12 15:34:00;1.36418;;;173
2026.02.12 10:30:00;Buy;0.01;AUDCADr;0.96645;0.01;2026.02.12 15:32:13;0.96757;;;127
2026.02.12 13:00:00;Buy;0.01;GBPUSDr;1.36389;0.01;2026.02.12 13:59:01;1.36498;;;167
2026.02.11 21:15:02;Buy;0.01;GBPUSDr;1.3637299999999999;0.01;2026.02.12 11:11:00;1.36483;;;168
2026.02.06 17:45:00;Sell;0.02;AUDNZDr;1.16577;0.02;2026.02.12 10:37:00;1.17434;;;-1589
2026.02.06 08:15:04;Sell;0.01;AUDNZDr;1.164;0.01;2026.02.12 10:37:00;1.17434;;;-959
2026.02.11 20:05:00;Sell;0.14;AUDNZDr;1.17783;0.14;2026.02.12 10:37:00;1.17434;;;4530
2026.02.11 16:55:01;Sell;0.08;AUDNZDr;1.17622;0.08;2026.02.12 10:37:00;1.17434;;;1394
2026.02.09 19:45:00;Sell;0.05;AUDNZDr;1.1719;0.05;2026.02.12 10:37:00;1.17434;;;-1131
2026.02.09 11:05:00;Sell;0.03;AUDNZDr;1.17036;0.03;2026.02.12 10:37:00;1.17434;;;-1107
2026.02.12 10:00:00;Sell;0.01;EURJPYr;181.69;0.01;2026.02.12 10:07:01;181.512;;;178
2026.02.12 07:45:01;Sell;0.01;EURJPYr;181.638;0.01;2026.02.12 09:36:00;181.517;;;121
2026.02.12 03:15:00;Sell;0.01;EURUSDr;1.18802;0.01;2026.02.12 05:58:12;1.18693;;;166
2026.02.12 02:30:00;Sell;0.01;AUDJPYr;109.199;0.01;2026.02.12 04:11:00;109.094;;;105
2026.02.12 02:22:01;Sell;0.01;GBPJPYr;208.647;0.01;2026.02.12 03:10:00;208.492;;;155
2026.02.12 02:22:02;Sell;0.01;EURJPYr;181.866;0.01;2026.02.12 03:01:00;181.767;;;99
2026.02.12 02:00:00;Sell;0.01;EURJPYr;181.997;0.01;2026.02.12 02:22:01;181.877;;;120
2026.02.12 02:00:00;Sell;0.01;GBPJPYr;208.789;0.01;2026.02.12 02:22:00;208.664;;;125
2026.02.11 12:45:02;Sell;0.01;AUDJPYr;109.146;0.01;2026.02.11 15:40:00;108.669;;;477
2026.02.11 12:45:00;Sell;0.01;GBPJPYr;210.03;0.01;2026.02.11 15:40:00;208.828;;;1202
2026.02.11 13:00:00;Sell;0.01;EURJPYr;182.766;0.01;2026.02.11 15:40:00;181.618;;;1148
2026.02.06 04:00:00;Sell;0.01;EURUSDr;1.17849;0.01;2026.02.11 15:31:00;1.18445;;;-920
2026.02.09 16:35:00;Sell;0.02;EURUSDr;1.19098;0.02;2026.02.11 15:31:00;1.18445;;;2016
2026.02.11 08:45:00;Buy;0.01;AUDCADr;0.96099;0.01;2026.02.11 13:24:00;0.962;;;115
2026.02.10 19:15:00;Buy;0.01;GBPUSDr;1.36635;0.01;2026.02.11 08:07:00;1.36752;;;179
2026.02.10 19:15:00;Buy;0.01;EURUSDr;1.19016;0.01;2026.02.11 04:39:00;1.1912099999999999;;;161
2026.02.10 02:00:00;Buy;0.01;AUDCADr;0.9607;0.01;2026.02.11 03:43:00;0.96018;;;-59
2026.02.10 09:00:00;Buy;0.02;AUDCADr;0.9584;0.02;2026.02.11 03:43:00;0.96018;;;405
2026.02.10 10:45:00;Buy;0.01;AUDNZDr;1.17033;0.01;2026.02.11 02:57:04;1.17146;;;105
2026.02.11 02:00:00;Sell;0.01;AUDJPYr;109.277;0.01;2026.02.11 02:31:00;109.175;;;102
2026.02.05 02:35:00;Sell;0.03;GBPJPYr;214.156;0.03;2026.02.10 17:16:00;210.81;;;10038
2025.12.18 07:05:00;Sell;0.02;GBPJPYr;208.188;0.02;2026.02.10 17:16:00;210.81;;-464;-5244
2025.12.05 10:30:00;Sell;0.01;GBPJPYr;206.7;0.01;2026.02.10 17:16:00;210.81;;-638;-4110
2026.02.10 13:30:00;Buy;0.01;EURUSDr;1.19035;0.01;2026.02.10 16:15:00;1.19154;;;184
2026.02.06 17:45:00;Sell;0.02;AUDJPYr;110.075;0.02;2026.02.10 15:38:00;109.552;;;1046
2026.02.06 07:30:00;Sell;0.01;AUDJPYr;108.837;0.01;2026.02.10 15:38:00;109.552;;;-715
2026.02.10 12:30:00;Buy;0.01;GBPUSDr;1.36611;0.01;2026.02.10 14:11:00;1.36713;;;158
2026.02.10 07:45:00;Buy;0.01;EURUSDr;1.1905000000000001;0.01;2026.02.10 11:11:00;1.19175;;;194
2026.02.10 02:00:00;Buy;0.01;EURUSDr;1.1904;0.01;2026.02.10 05:01:00;1.19141;;;157
2026.02.09 17:55:00;Sell;0.02;EURJPYr;185.586;0.02;2026.02.10 04:49:00;185.124;;;924
2026.02.06 10:23:01;Sell;0.01;EURJPYr;184.872;0.01;2026.02.10 04:49:00;185.124;;;-252
2026.02.04 17:45:00;Buy;0.01;GBPUSDr;1.36742;0.01;2026.02.09 17:41:00;1.36859;;;182
2026.02.09 10:00:00;Buy;0.01;AUDCADr;0.95958;0.01;2026.02.09 15:33:00;0.96059;;;116
2026.02.04 10:50:00;Buy;0.01;EURUSDr;1.18253;0.01;2026.02.09 07:43:02;1.18359;;;166
2026.02.05 11:00:00;Buy;0.01;AUDUSDr;0.69789;0.01;2026.02.06 15:23:00;0.69906;;;184
2026.02.05 16:00:00;Sell;0.01;EURGBPr;0.86942;0.01;2026.02.06 13:03:02;0.86836;;;226
2026.02.06 05:30:00;Buy;0.01;AUDNZDr;1.1639;0.01;2026.02.06 11:35:00;1.16495;;;99
2026.02.06 10:00:00;Sell;0.01;EURJPYr;184.989;0.01;2026.02.06 10:23:00;184.884;;;105
2026.02.06 07:45:00;Sell;0.01;EURJPYr;184.884;0.01;2026.02.06 09:13:03;184.771;;;113
2026.02.06 02:25:00;Buy;0.03;AUDCADr;0.94813;0.03;2026.02.06 08:08:00;0.95232;;;1440
2026.02.05 21:05:00;Buy;0.02;AUDCADr;0.9526;0.02;2026.02.06 08:08:00;0.95232;;;-64
2026.02.04 17:45:00;Buy;0.01;AUDCADr;0.95804;0.01;2026.02.06 08:08:00;0.95232;;;-655
2026.02.05 19:45:00;Sell;0.01;AUDNZDr;1.16459;0.01;2026.02.06 02:18:00;1.16354;;;98
2026.02.05 19:00:00;Sell;0.01;EURUSDr;1.1801300000000001;0.01;2026.02.05 22:06:00;1.17912;;;158
2026.02.05 05:00:00;Buy;0.01;AUDNZDr;1.16466;0.01;2026.02.05 19:44:00;1.1645699999999999;;;-8
2026.02.05 15:10:00;Buy;0.02;AUDNZDr;1.16289;0.02;2026.02.05 19:44:00;1.1645699999999999;;;316
2026.02.05 13:50:00;Sell;0.01;EURUSDr;1.17947;0.01;2026.02.05 17:46:00;1.17838;;;171
2026.02.05 08:15:01;Sell;0.01;EURJPYr;184.967;0.01;2026.02.05 17:30:00;184.851;;;116
2026.02.05 08:15:00;Sell;0.01;AUDJPYr;109.4;0.01;2026.02.05 14:49:00;109.281;;;119
2026.02.05 09:00:00;Sell;0.01;AUDNZDr;1.16524;0.01;2026.02.05 14:32:00;1.16417;;;101
2026.02.05 05:15:00;Buy;0.01;AUDUSDr;0.69688;0.01;2026.02.05 09:01:00;0.69793;;;165
2026.02.05 02:30:00;Buy;0.01;EURGBPr;0.86478;0.01;2026.02.05 08:09:04;0.86578;;;214
2026.02.05 02:45:01;Sell;0.03;AUDJPYr;109.901;0.03;2026.02.05 05:36:00;109.165;;;2208
2026.02.03 06:20:00;Sell;0.02;AUDJPYr;109.117;0.02;2026.02.05 05:36:00;109.165;;;-96
2026.02.02 13:30:00;Sell;0.01;AUDJPYr;107.74;0.01;2026.02.05 05:36:00;109.165;;;-1425
2026.02.05 05:00:00;Buy;0.01;AUDUSDr;0.69615;0.01;2026.02.05 05:11:00;0.69727;;;176
2026.02.05 02:00:00;Sell;0.01;AUDNZDr;1.1661299999999999;0.01;2026.02.05 04:17:00;1.16432;;;170
2026.02.05 04:00:00;Sell;0.01;EURJPYr;185.152;0.01;2026.02.05 04:17:00;185.031;;;121
2026.02.05 03:15:00;Sell;0.01;EURUSDr;1.1804999999999999;0.01;2026.02.05 04:16:00;1.17947;;;162
2026.02.05 03:45:06;Sell;0.01;EURJPYr;185.267;0.01;2026.02.05 03:58:00;185.156;;;111
2026.02.04 21:45:00;Sell;0.01;EURJPYr;185.173;0.01;2026.02.05 02:53:00;185.061;;;112
2026.02.04 17:15:00;Sell;0.01;EURUSDr;1.18201;0.01;2026.02.04 17:29:01;1.18083;;;185
2026.02.04 12:00:00;Buy;0.01;AUDCADr;0.95814;0.01;2026.02.04 13:37:00;0.9592;;;122
2026.02.04 12:30:01;Buy;0.01;GBPUSDr;1.37005;0.01;2026.02.04 12:51:00;1.37115;;;172
2026.02.04 10:04:48;Balance;;;;;;;;;702
2026.02.04 10:03:18;Balance;;;;;;;;;-4000
2026.02.02 12:00:00;Sell;0.01;AUDJPYr;107.776;0.01;2026.02.02 12:38:01;107.658;;;118
2026.01.30 16:45:00;Sell;0.02;AUDJPYr;108.288;0.02;2026.01.30 18:22:00;107.844;;;888
2026.01.29 19:15:00;Sell;0.01;AUDJPYr;107.32;0.01;2026.01.30 18:22:00;107.844;;;-524
2026.01.28 13:22:02;Sell;0.01;AUDJPYr;106.82;0.01;2026.01.29 17:17:00;107.486;;;-666
2026.01.29 05:35:00;Sell;0.02;AUDJPYr;108.094;0.02;2026.01.29 17:17:00;107.486;;;1216
2026.01.28 12:30:00;Sell;0.01;AUDJPYr;106.944;0.01;2026.01.28 13:22:01;106.838;;;106
2026.01.28 03:45:00;Sell;0.01;AUDJPYr;106.873;0.01;2026.01.28 05:47:00;106.771;;;102
2026.01.27 17:00:00;Sell;0.01;AUDJPYr;106.634;0.01;2026.01.27 19:44:00;106.505;;;129
2026.01.27 04:30:00;Sell;0.01;AUDJPYr;106.784;0.01;2026.01.27 11:53:00;106.284;;;500
2025.12.19 02:45:01;Sell;0.01;EURJPYr;182.545;0.01;2026.01.26 09:47:01;182.44;;;105
2026.01.22 09:30:00;Sell;0.03;AUDJPYr;108.155;0.03;2026.01.23 21:14:00;107.371;;;2352
2026.01.21 17:25:00;Sell;0.02;AUDJPYr;107.123;0.02;2026.01.23 21:14:00;107.371;;;-496
2026.01.20 15:15:00;Sell;0.01;AUDJPYr;106.255;0.01;2026.01.23 21:14:00;107.371;;;-1116
2026.01.20 13:45:00;Sell;0.01;EURGBPr;0.87146;0.01;2026.01.21 23:09:05;0.87044;;;217
2026.01.05 05:35:00;Buy;0.02;EURGBPr;0.87015;0.02;2026.01.21 12:25:03;0.87308;;;1242
2025.12.19 20:30:11;Buy;0.01;EURGBPr;0.87581;0.01;2026.01.21 12:25:03;0.87308;;;-579
2026.01.20 08:35:00;Sell;0.02;AUDJPYr;106.594;0.02;2026.01.20 11:09:00;106.119;;;950
2026.01.19 04:45:00;Sell;0.01;AUDJPYr;105.514;0.01;2026.01.20 11:09:00;106.119;;;-605
2026.01.20 00:37:47;Balance;;;;;;;;;-14000
2025.12.26 16:55:00;Sell;0.08;AUDJPYr;105.081;0.08;2026.01.19 01:00:34;105.322;;;-1928
2025.12.19 21:45:00;Sell;0.05;AUDJPYr;104.257;0.05;2026.01.19 01:00:34;105.322;;;-5325
2025.12.19 10:15:01;Sell;0.03;AUDJPYr;103.546;0.03;2026.01.19 01:00:34;105.322;;;-5328
2025.12.04 19:20:01;Sell;0.02;AUDJPYr;102.494;0.02;2026.01.19 01:00:34;105.322;;;-5656
2025.12.01 18:45:02;Sell;0.01;AUDJPYr;101.775;0.01;2026.01.19 01:00:34;105.301;;-26;-3526
2026.01.13 05:15:02;Sell;0.24;AUDJPYr;106.508;0.24;2026.01.19 01:00:34;105.322;;;28464
2026.01.12 05:10:02;Sell;0.14;AUDJPYr;105.79;0.14;2026.01.19 01:00:34;105.322;;;6552
2025.12.01 15:10:00;Sell;0.02;EURUSDr;1.16459;0.02;2026.01.19 00:05:07;1.15823;;;2008
2025.11.06 02:00:00;Sell;0.01;EURUSDr;1.1495199999999999;0.01;2026.01.19 00:05:07;1.15823;;;-1375
2026.01.13 04:27:32;Balance;;;;;;;;;-1000
2025.12.19 10:35:00;Sell;0.02;AUDNZDr;1.14876;0.02;2025.12.23 04:30:00;1.14661;;;391
2025.12.18 05:45:00;Sell;0.01;AUDNZDr;1.14532;0.01;2025.12.23 04:30:00;1.14661;;;-117
2025.12.19 02:15:02;Sell;0.01;USDJPYr;155.685;0.01;2025.12.23 03:15:00;156.561;;;-876
2025.12.19 12:10:00;Sell;0.02;USDJPYr;157.186;0.02;2025.12.23 03:15:00;156.561;;;1250
2025.12.18 18:50:00;Buy;0.01;EURUSDr;1.17292;0.01;2025.12.22 14:09:02;1.1739600000000001;;;164
2025.12.18 21:15:00;Buy;0.01;AUDUSDr;0.66152;0.01;2025.12.22 05:34:00;0.66253;;;159
2025.12.20 03:57:39;Balance;;;;;;;;;-5000
2025.12.19 02:45:01;Buy;0.01;GBPUSDr;1.33798;0.01;2025.12.19 21:58:02;1.3390900000000001;;;175
2025.12.19 07:30:00;Buy;0.01;AUDCADr;0.91091;0.01;2025.12.19 21:18:00;0.91195;;;119
2025.12.19 08:30:01;Buy;0.01;EURGBPr;0.87611;0.01;2025.12.19 16:40:00;0.87715;;;219
2025.12.19 03:00:01;Sell;0.01;AUDCADr;0.91171;0.01;2025.12.19 08:00:00;0.91069;;;115
2025.12.18 18:30:00;Buy;0.01;AUDNZDr;1.14519;0.01;2025.12.19 05:09:01;1.14625;;;95
2025.12.18 19:15:00;Buy;0.01;AUDUSDr;0.66081;0.01;2025.12.18 20:32:03;0.66184;;;160
2025.12.18 17:30:00;Buy;0.01;EURUSDr;1.17236;0.01;2025.12.18 18:05:00;1.17366;;;202
2025.12.18 16:15:00;Buy;0.01;EURGBPr;0.87448;0.01;2025.12.18 17:37:00;0.87548;;;208
2025.12.17 16:15:01;Sell;0.01;EURJPYr;182.425;0.01;2025.12.18 16:44:00;182.321;;;104
2025.12.18 02:20:00;Buy;0.02;AUDCADr;0.90979;0.02;2025.12.18 15:34:40;0.91174;;;441
2025.12.17 16:45:00;Buy;0.01;AUDCADr;0.91182;0.01;2025.12.18 15:34:40;0.91174;;;-9
2025.12.17 19:00:00;Buy;0.01;AUDUSDr;0.66074;0.01;2025.12.18 15:31:00;0.66182;;;168
2025.12.18 10:00:00;Buy;0.01;EURUSDr;1.17344;0.01;2025.12.18 15:31:00;1.17466;;;190
2025.12.18 04:15:00;Sell;0.01;USDJPYr;155.753;0.01;2025.12.18 15:31:00;155.582;;;171
2025.12.18 02:00:00;Buy;0.01;GBPUSDr;1.33741;0.01;2025.12.18 14:02:00;1.33906;;;257
2025.12.17 20:30:00;Sell;0.01;EURGBPr;0.87785;0.01;2025.12.18 14:01:00;0.87625;;;333
2025.12.18 03:45:02;Buy;0.01;EURUSDr;1.17375;0.01;2025.12.18 09:04:00;1.17485;;;171
2025.12.17 18:20:00;Buy;0.02;AUDNZDr;1.14356;0.02;2025.12.18 05:38:00;1.14538;;;327
2025.12.17 13:00:00;Buy;0.01;AUDNZDr;1.14585;0.01;2025.12.18 05:38:00;1.14538;;;-42
2025.12.18 04:00:00;Sell;0.01;USDJPYr;155.773;0.01;2025.12.18 04:08:00;155.667;;;106
2025.12.17 19:00:00;Sell;0.01;USDJPYr;155.595;0.01;2025.12.18 01:55:00;155.499;;;96
2025.12.17 16:45:00;Sell;0.01;EURGBPr;0.87887;0.01;2025.12.17 17:58:00;0.87773;;;237
2025.12.17 10:45:00;Sell;0.01;AUDCADr;0.91197;0.01;2025.12.17 17:43:00;0.91088;;;123
2025.12.17 16:52:03;Sell;0.01;USDJPYr;155.48;0.01;2025.12.17 17:40:00;155.367;;;113
2025.12.17 12:15:02;Buy;0.01;AUDUSDr;0.66169;0.01;2025.12.17 17:14:00;0.6627;;;157
2025.12.17 16:30:00;Sell;0.01;USDJPYr;155.602;0.01;2025.12.17 16:52:02;155.49;;;112
2025.12.17 15:15:00;Sell;0.01;EURJPYr;182.377;0.01;2025.12.17 15:46:00;182.274;;;103
2025.12.17 11:30:00;Buy;0.01;AUDCADr;0.91189;0.01;2025.12.17 14:50:00;0.91293;;;117
2025.12.17 09:15:00;Sell;0.01;AUDNZDr;1.14644;0.01;2025.12.17 13:03:00;1.14543;;;91
2025.12.17 08:45:01;Sell;0.01;EURJPYr;182.113;0.01;2025.12.17 08:57:01;181.994;;;119
2025.12.12 11:45:01;Sell;0.01;EURGBPr;0.87693;0.01;2025.12.16 12:52:00;0.87584;;;227
2025.12.05 11:00:00;Sell;0.01;USDJPYr;154.851;0.01;2025.12.16 05:03:00;154.718;;;133
2025.12.08 18:45:00;Sell;0.01;AUDCADr;0.91674;0.01;2025.12.12 17:25:00;0.91571;;;117
2025.12.03 15:00:01;Buy;0.01;EURGBPr;0.877;0.01;2025.12.12 16:54:00;0.87806;;;221
2025.12.04 15:05:00;Buy;0.01;EURUSDr;1.16685;0.01;2025.12.10 21:58:00;1.16804;;;186
2025.12.10 09:29:19;Balance;;;;;;;;;-11000
2025.12.05 16:15:02;Buy;0.01;AUDCADr;0.92206;0.01;2025.12.09 07:01:00;0.92015;;;-215
2025.12.08 10:00:00;Buy;0.02;AUDCADr;0.91768;0.02;2025.12.09 07:01:00;0.92015;;;557
2025.10.23 02:00:00;Sell;0.01;AUDNZDr;1.13084;0.01;2025.12.09 05:31:00;1.14459;;-7;-1238
2025.12.05 02:15:01;Sell;0.08;AUDNZDr;1.14673;0.08;2025.12.09 05:31:00;1.14459;;;1541
2025.12.02 11:45:00;Sell;0.05;AUDNZDr;1.14512;0.05;2025.12.09 05:31:00;1.14459;;;239
2025.12.01 13:15:00;Sell;0.03;AUDNZDr;1.14221;0.03;2025.12.09 05:31:00;1.14459;;;-643
2025.10.28 15:00:00;Sell;0.02;AUDNZDr;1.13647;0.02;2025.12.09 05:31:00;1.14459;;;-1462
2025.12.05 12:50:01;Sell;0.14;AUDNZDr;1.14838;0.14;2025.12.09 05:31:00;1.14459;;;4777
2025.12.08 07:00:00;Sell;0.01;AUDCADr;0.91843;0.01;2025.12.08 10:06:00;0.91741;;;115
2025.12.05 12:15:00;Sell;0.01;EURJPYr;180.693;0.01;2025.12.08 03:15:00;180.589;;;104
2025.12.05 18:15:00;Buy;0.01;GBPUSDr;1.33233;0.01;2025.12.05 20:04:00;1.33343;;;171
2025.12.01 02:15:00;Sell;0.01;AUDCADr;0.91477;0.01;2025.12.05 17:56:00;0.91984;;;-568
2025.12.05 07:20:01;Sell;0.05;AUDCADr;0.9234;0.05;2025.12.05 17:56:00;0.91984;;;1995
2025.12.03 21:45:00;Sell;0.03;AUDCADr;0.9203;0.03;2025.12.05 17:56:00;0.91984;;;155
2025.12.02 14:35:01;Sell;0.02;AUDCADr;0.91768;0.02;2025.12.05 17:56:00;0.91984;;;-484
2025.12.05 13:30:00;Buy;0.01;GBPUSDr;1.33322;0.01;2025.12.05 14:03:08;1.33435;;;175
2025.12.04 15:00:00;Buy;0.01;AUDCADr;0.92331;0.01;2025.12.05 10:10:00;0.92432;;;112
2025.12.01 18:15:00;Sell;0.01;GBPJPYr;205.377;0.01;2025.12.05 07:35:00;206.336;;;-959
2025.12.03 20:10:00;Sell;0.02;GBPJPYr;206.978;0.02;2025.12.05 07:35:00;206.336;;;1284
2025.12.05 06:29:01;Sell;0.01;EURJPYr;180.483;0.01;2025.12.05 07:27:02;180.355;;;128
2025.12.04 19:00:00;Sell;0.01;USDJPYr;154.903;0.01;2025.12.05 07:25:00;154.792;;;111
2025.12.05 05:45:00;Buy;0.01;GBPUSDr;1.3327499999999999;0.01;2025.12.05 07:18:00;1.33378;;;159
2025.12.04 21:15:00;Sell;0.01;EURJPYr;180.586;0.01;2025.12.05 06:29:00;180.485;;;101
2025.12.04 17:00:00;Sell;0.01;EURJPYr;180.606;0.01;2025.12.04 17:35:00;180.502;;;104
2025.12.04 17:00:00;Sell;0.01;USDJPYr;154.763;0.01;2025.12.04 17:35:00;154.658;;;105
2025.10.23 16:00:01;Sell;0.01;EURGBPr;0.86935;0.01;2025.12.04 17:17:01;0.87246;;;-644
2025.10.28 11:00:00;Sell;0.02;EURGBPr;0.87558;0.02;2025.12.04 17:17:01;0.87246;;;1291
2025.12.04 15:45:00;Sell;0.01;USDJPYr;154.842;0.01;2025.12.04 16:03:00;154.741;;;101
2025.12.02 02:45:00;Sell;0.01;EURJPYr;180.626;0.01;2025.12.04 13:06:00;180.489;;;137
2025.12.04 02:30:01;Buy;0.01;EURUSDr;1.16609;0.01;2025.12.04 10:20:01;1.1671;;;156
2025.12.02 11:05:01;Sell;0.03;USDJPYr;155.948;0.03;2025.12.04 10:11:00;154.91;;;3114
2025.12.01 19:30:07;Sell;0.02;USDJPYr;155.296;0.02;2025.12.04 10:11:00;154.91;;;772
2025.10.29 04:57:01;Sell;0.01;USDJPYr;151.978;0.01;2025.12.04 10:11:00;154.91;;;-2932
2025.12.03 17:30:00;Buy;0.01;AUDNZDr;1.14452;0.01;2025.12.04 02:33:00;1.14556;;;93
2025.12.03 14:30:00;Buy;0.01;AUDCADr;0.91843;0.01;2025.12.03 17:04:00;0.91958;;;128
2025.12.03 04:45:02;Buy;0.01;AUDNZDr;1.14341;0.01;2025.12.03 08:15:00;1.14449;;;97
2025.12.01 18:30:00;Buy;0.01;GBPUSDr;1.32244;0.01;2025.12.03 07:09:02;1.32345;;;157
2025.12.01 18:30:01;Buy;0.01;EURUSDr;1.16247;0.01;2025.12.03 03:26:00;1.16356;;;170
2025.12.02 19:00:00;Buy;0.01;AUDCADr;0.91706;0.01;2025.12.03 01:40:02;0.91811;;;117
2025.12.01 16:45:00;Buy;0.01;AUDCADr;0.91554;0.01;2025.12.02 04:44:02;0.91655;;;112
2025.12.01 19:30:02;Sell;0.01;EURJPYr;180.577;0.01;2025.12.01 21:45:42;180.475;;;102
2025.12.01 15:00:01;Buy;0.01;AUDNZDr;1.1419;0.01;2025.12.01 16:59:00;1.14294;;;93
2025.12.01 04:30:00;Buy;0.01;GBPUSDr;1.32295;0.01;2025.12.01 14:14:00;1.324;;;163
2025.12.01 10:00:01;Sell;0.01;AUDJPYr;101.772;0.01;2025.12.01 12:32:01;101.662;;;110
2025.12.01 02:30:00;Buy;0.01;AUDCADr;0.91508;0.01;2025.12.01 12:05:02;0.91615;;;119
2025.12.01 11:15:00;Sell;0.01;EURJPYr;180.595;0.01;2025.12.01 11:48:00;180.463;;;132
2025.12.01 04:20:04;Buy;0.01;EURUSDr;1.15989;0.01;2025.12.01 09:27:04;1.16097;;;168
2025.12.01 08:15:03;Sell;0.01;EURJPYr;180.486;0.01;2025.12.01 08:39:02;180.375;;;111
2025.12.01 02:15:00;Buy;0.01;EURGBPr;0.87625;0.01;2025.12.01 08:05:00;0.87727;;;210
2025.12.01 00:26:29;Balance;;;;;;;;;-2300
2025.10.31 19:50:00;Buy;0.03;GBPUSDr;1.31342;0.03;2025.11.26 18:06:00;1.32344;;;4702
2025.10.28 15:40:00;Buy;0.02;GBPUSDr;1.32612;0.02;2025.11.26 18:06:00;1.32344;;;-838
2025.10.20 17:22:01;Buy;0.01;GBPUSDr;1.34215;0.01;2025.11.26 18:06:00;1.32344;;;-2927
2025.11.24 14:45:00;Sell;0.01;GBPUSDr;1.31121;0.01;2025.11.24 16:06:00;1.31013;;;169
2025.11.24 05:45:07;Sell;0.01;GBPUSDr;1.30996;0.01;2025.11.24 09:57:00;1.30895;;;158
2025.11.21 21:45:00;Sell;0.01;GBPUSDr;1.31055;0.01;2025.11.24 01:27:01;1.30949;;;166
2025.11.21 16:00:00;Sell;0.01;GBPUSDr;1.30836;0.01;2025.11.21 16:26:01;1.30722;;;179
2025.11.21 02:00:00;Sell;0.01;GBPUSDr;1.3083;0.01;2025.11.21 11:34:00;1.30724;;;166
2025.11.20 21:30:00;Sell;0.01;GBPUSDr;1.3084500000000001;0.01;2025.11.20 22:49:00;1.30735;;;173
2025.11.20 17:08:04;Sell;0.01;GBPUSDr;1.3106200000000001;0.01;2025.11.20 17:32:01;1.30955;;;169
2025.11.20 16:45:00;Sell;0.01;GBPUSDr;1.31195;0.01;2025.11.20 17:08:03;1.31073;;;192
2025.11.20 15:51:46;Balance;;;;;;;;;-3300
2025.11.19 09:03:01;Sell;0.01;GBPUSDr;1.31349;0.01;2025.11.19 10:59:02;1.3124500000000001;;;162
2025.11.19 08:30:00;Sell;0.01;GBPUSDr;1.31501;0.01;2025.11.19 09:03:00;1.31362;;;216
2025.11.18 20:45:04;Sell;0.01;GBPUSDr;1.31548;0.01;2025.11.18 23:32:06;1.31443;;;163
2025.11.17 10:52:01;Sell;0.01;GBPUSDr;1.31605;0.01;2025.11.17 21:56:02;1.31498;;;166
2025.11.17 09:45:00;Sell;0.01;GBPUSDr;1.31721;0.01;2025.11.17 10:52:00;1.31616;;;162
2025.11.17 03:45:08;Sell;0.01;GBPUSDr;1.31607;0.01;2025.11.17 05:04:01;1.31498;;;169
2025.11.14 14:45:05;Sell;0.01;GBPUSDr;1.31674;0.01;2025.11.14 16:06:00;1.31548;;;194
2025.11.13 15:33:01;Sell;0.01;GBPUSDr;1.31671;0.01;2025.11.14 01:11:00;1.3147199999999999;;;308
2025.11.13 15:15:00;Sell;0.01;GBPUSDr;1.31786;0.01;2025.11.13 15:33:00;1.31685;;;156
2025.10.30 15:25:00;Buy;0.02;EURUSDr;1.1566;0.02;2025.11.13 10:54:01;1.16208;;;1694
2025.10.17 12:00:00;Buy;0.01;EURUSDr;1.16981;0.01;2025.11.13 10:54:01;1.16208;;;-1195
2025.11.12 18:45:01;Sell;0.01;GBPUSDr;1.3134700000000001;0.01;2025.11.13 02:04:06;1.31246;;;156
2025.11.12 10:15:02;Sell;0.01;GBPUSDr;1.31536;0.01;2025.11.12 10:48:01;1.31422;;;176
2025.11.11 15:30:00;Sell;0.01;GBPUSDr;1.31697;0.01;2025.11.11 23:21:00;1.3159399999999999;;;159
2025.11.10 10:45:00;Sell;0.02;GBPUSDr;1.31772;0.02;2025.11.11 09:01:00;1.31226;;;1684
2025.11.06 02:00:01;Sell;0.01;GBPUSDr;1.30517;0.01;2025.11.11 09:01:00;1.31226;;;-1093
2025.11.09 07:49:20;Balance;;;;;;;;;-2000
2025.11.05 03:30:00;Sell;0.01;EURUSDr;1.14865;0.01;2025.11.05 15:51:00;1.14765;;;154
2025.11.05 15:00:00;Sell;0.01;GBPUSDr;1.30413;0.01;2025.11.05 15:49:00;1.3030599999999999;;;165
2025.11.05 11:00:00;Sell;0.01;GBPUSDr;1.3044;0.01;2025.11.05 12:03:00;1.30329;;;171
2025.10.23 17:06:00;Sell;0.02;AUDJPYr;99.385;0.02;2025.11.05 03:16:00;99.043;;;684
2025.10.23 03:15:00;Sell;0.01;AUDJPYr;98.683;0.01;2025.11.05 03:16:00;99.043;;;-360
2025.10.23 04:40:00;Sell;0.02;EURJPYr;176.822;0.02;2025.11.04 14:24:00;176.334;;;976
2025.10.21 04:45:00;Sell;0.01;EURJPYr;175.677;0.01;2025.11.04 14:24:00;176.334;;;-657
2025.11.04 07:55:00;Sell;0.01;EURUSDr;1.15131;0.01;2025.11.04 11:56:00;1.15029;;;157
2025.11.03 18:00:00;Sell;0.01;EURUSDr;1.15247;0.01;2025.11.04 02:02:00;1.15147;;;154
2025.11.03 19:30:00;Sell;0.01;GBPUSDr;1.3153000000000001;0.01;2025.11.03 20:14:00;1.31425;;;162
2025.11.03 14:45:01;Sell;0.01;GBPUSDr;1.3140399999999999;0.01;2025.11.03 15:23:02;1.31291;;;174
2025.11.03 04:15:03;Sell;0.01;EURUSDr;1.15312;0.01;2025.11.03 10:38:00;1.15208;;;160
2025.11.03 04:30:00;Sell;0.01;GBPUSDr;1.31402;0.01;2025.11.03 10:10:00;1.31303;;;153
2025.11.02 01:13:31;Balance;;;;;;;;;-7000
2025.10.31 11:00:00;Sell;0.01;EURUSDr;1.15702;0.01;2025.10.31 13:42:00;1.15592;;;170
2025.10.31 01:50:00;Sell;0.01;EURUSDr;1.15708;0.01;2025.10.31 09:03:00;1.15584;;;191
2025.10.28 17:20:00;Sell;0.02;AUDUSDr;0.65749;0.02;2025.10.30 14:59:04;0.6539;;;1107
2025.10.23 10:00:00;Sell;0.01;AUDUSDr;0.65003;0.01;2025.10.30 14:59:04;0.6539;;;-597
2025.10.30 04:00:00;Sell;0.01;EURUSDr;1.16134;0.01;2025.10.30 13:45:00;1.16027;;;165
2025.10.23 15:45:01;Sell;0.01;EURUSDr;1.15994;0.01;2025.10.29 20:48:00;1.15871;;;188
2025.10.29 09:20:01;Sell;0.08;AUDCADr;0.92122;0.08;2025.10.29 20:37:00;0.91649;;;4152
2025.10.28 12:30:00;Sell;0.05;AUDCADr;0.91768;0.05;2025.10.29 20:37:00;0.91649;;;653
2025.10.24 15:55:00;Sell;0.03;AUDCADr;0.9135;0.03;2025.10.29 20:37:00;0.91649;;;-984
2025.10.23 18:40:00;Sell;0.02;AUDCADr;0.91145;0.02;2025.10.29 20:37:00;0.91649;;;-1106
2025.10.23 04:00:00;Sell;0.01;AUDCADr;0.90805;0.01;2025.10.29 20:37:00;0.91649;;;-926
2025.10.29 02:31:41;Buy;0.01;AUDCADr;0.92034;0.01;2025.10.29 09:38:00;0.92134;;;109
2025.10.29 04:57:01;Sell;0.01;GBPJPYr;201.541;0.01;2025.10.29 05:33:00;201.405;;;136
2025.10.29 04:30:00;Sell;0.01;GBPJPYr;201.679;0.01;2025.10.29 04:57:00;201.556;;;123
2025.10.29 04:30:02;Sell;0.01;USDJPYr;152.093;0.01;2025.10.29 04:57:00;151.986;;;107
2025.10.29 01:15:11;Buy;0.01;AUDCADr;0.91802;0.01;2025.10.29 02:31:40;0.91999;;;215
2025.10.29 01:53:01;Sell;0.01;USDJPYr;152.029;0.01;2025.10.29 01:56:00;151.91;;;119
2025.10.29 01:00:01;Sell;0.01;USDJPYr;152.17;0.01;2025.10.29 01:53:00;152.044;;;126
2025.10.28 20:58:01;Sell;0.01;USDJPYr;152.095;0.01;2025.10.28 21:25:01;151.993;;;102
2025.10.28 20:30:00;Sell;0.01;USDJPYr;152.213;0.01;2025.10.28 20:58:00;152.112;;;101
2025.10.28 18:45:00;Sell;0.01;USDJPYr;152.212;0.01;2025.10.28 19:36:00;152.111;;;101
2025.10.28 17:45:00;Buy;0.01;AUDCADr;0.91741;0.01;2025.10.28 18:52:00;0.91841;;;109
2025.10.28 07:45:01;Buy;0.01;AUDCADr;0.91729;0.01;2025.10.28 16:49:00;0.91828;;;108
2025.10.27 18:45:00;Sell;0.01;GBPUSDr;1.33311;0.01;2025.10.28 10:39:00;1.33179;;;201
2025.10.21 03:09:01;Sell;0.01;USDJPYr;150.509;0.01;2025.10.28 06:20:00;152.15;;;-1641
2025.10.24 05:10:00;Sell;0.05;USDJPYr;152.837;0.05;2025.10.28 06:20:00;152.15;;;3435
2025.10.23 03:50:00;Sell;0.03;USDJPYr;152.19;0.03;2025.10.28 06:20:00;152.15;;;120
2025.10.21 12:30:00;Sell;0.02;USDJPYr;151.686;0.02;2025.10.28 06:20:00;152.15;;;-928
2025.10.27 11:45:00;Sell;0.01;GBPUSDr;1.33404;0.01;2025.10.27 15:47:00;1.3326500000000001;;;213
2025.10.27 01:00:00;Sell;0.01;GBPUSDr;1.33222;0.01;2025.10.27 09:23:02;1.3311899999999999;;;158
2025.10.10 18:45:00;Buy;0.02;AUDUSDr;0.65009;0.02;2025.10.27 08:28:01;0.65453;;;1359
2025.10.07 09:00:00;Buy;0.01;AUDUSDr;0.66025;0.01;2025.10.27 08:28:01;0.65453;;;-875
2025.10.24 19:45:01;Buy;0.01;AUDCADr;0.91173;0.01;2025.10.27 00:05:00;0.91514;;;373
2025.10.25 04:04:44;Balance;;;;;;;;;-10000
2025.10.24 03:15:01;Buy;0.01;AUDNZDr;1.13178;0.01;2025.10.24 18:38:09;1.13282;;;91
2025.10.22 15:00:00;Sell;0.01;GBPJPYr;202.298;0.01;2025.10.24 17:52:00;203.186;;;-888
2025.10.24 17:00:00;Sell;0.02;GBPJPYr;203.835;0.02;2025.10.24 17:52:00;203.186;;;1298
2025.10.23 21:15:00;Buy;0.01;AUDCADr;0.9118;0.01;2025.10.24 15:30:26;0.91343;;;177
2025.10.06 02:15:00;Buy;0.01;EURGBPr;0.87177;0.01;2025.10.24 11:02:00;0.8728;;;210
2025.10.23 09:30:00;Sell;0.01;GBPUSDr;1.33514;0.01;2025.10.23 13:50:00;1.33415;;;151
2025.10.23 08:50:00;Sell;0.01;EURUSDr;1.16006;0.01;2025.10.23 13:45:00;1.15905;;;154
2025.10.21 20:50:02;Buy;0.02;AUDCADr;0.90979;0.02;2025.10.23 11:02:01;0.91035;;;122
2025.10.21 08:00:00;Buy;0.01;AUDCADr;0.91383;0.01;2025.10.23 11:02:01;0.91035;;;-379
2025.10.23 07:05:00;Buy;0.03;AUDCADr;0.90755;0.03;2025.10.23 11:02:01;0.91035;;;915
2025.10.23 04:00:00;Sell;0.01;EURGBPr;0.8695;0.01;2025.10.23 10:01:01;0.86847;;;210
2025.10.21 17:10:00;Buy;0.02;AUDNZDr;1.13221;0.02;2025.10.23 09:27:00;1.13259;;;66
2025.10.21 11:30:00;Buy;0.01;AUDNZDr;1.13405;0.01;2025.10.23 09:27:00;1.13259;;;-128
2025.10.21 21:05:02;Buy;0.03;AUDNZDr;1.13016;0.03;2025.10.23 09:27:00;1.13259;;;638
2025.10.22 19:00:00;Sell;0.01;AUDUSDr;0.65009;0.01;2025.10.22 19:31:00;0.64896;;;171
2025.10.22 16:00:00;Sell;0.01;AUDJPYr;98.571;0.01;2025.10.22 19:31:00;98.393;;;178
2025.10.22 07:15:01;Sell;0.01;AUDCADr;0.90996;0.01;2025.10.22 17:22:00;0.90895;;;110
2025.10.22 08:00:00;Sell;0.01;AUDUSDr;0.64994;0.01;2025.10.22 13:58:00;0.6488;;;173
2025.10.22 13:00:00;Sell;0.01;GBPJPYr;202.2;0.01;2025.10.22 13:08:00;202.088;;;112
2025.10.22 08:00:00;Sell;0.01;AUDJPYr;98.631;0.01;2025.10.22 11:23:00;98.531;;;100
2025.10.22 03:15:00;Sell;0.01;EURUSDr;1.16055;0.01;2025.10.22 11:05:02;1.15955;;;152
2025.10.21 05:00:00;Sell;0.01;GBPJPYr;202.313;0.01;2025.10.22 10:01:03;202.167;;;146
2025.10.22 09:01:01;Sell;0.01;GBPUSDr;1.33454;0.01;2025.10.22 09:20:00;1.33356;;;149
2025.10.22 08:15:02;Sell;0.01;GBPUSDr;1.33839;0.01;2025.10.22 09:01:00;1.33466;;;567
2025.10.22 04:00:00;Buy;0.01;AUDJPYr;98.343;0.01;2025.10.22 04:47:00;98.457;;;114
2025.10.22 02:00:00;Sell;0.01;AUDCADr;0.91;0.01;2025.10.22 04:06:01;0.90895;;;114
2025.10.21 18:30:00;Sell;0.01;AUDJPYr;98.546;0.01;2025.10.22 03:17:00;98.444;;;102
2025.10.21 18:30:01;Sell;0.01;EURUSDr;1.16153;0.01;2025.10.21 20:23:02;1.16048;;;160
2025.10.21 18:15:00;Sell;0.01;AUDJPYr;98.625;0.01;2025.10.21 18:22:00;98.51;;;115
2025.10.20 21:30:09;Sell;0.02;AUDNZDr;1.13343;0.02;2025.10.21 16:53:00;1.13183;;;278
2025.10.17 14:15:00;Sell;0.01;AUDNZDr;1.13175;0.01;2025.10.21 16:53:00;1.13183;;;-7
2025.10.17 12:30:00;Sell;0.01;AUDCADr;0.90796;0.01;2025.10.21 16:51:01;0.90886;;;-97
2025.10.20 15:30:00;Sell;0.02;AUDCADr;0.91117;0.02;2025.10.21 16:51:01;0.90886;;;500
2025.10.21 08:18:02;Buy;0.01;AUDJPYr;98.412;0.01;2025.10.21 13:12:01;98.517;;;105
2025.10.21 08:00:00;Buy;0.01;AUDJPYr;98.281;0.01;2025.10.21 08:18:01;98.385;;;104
2025.10.21 02:30:00;Sell;0.01;AUDUSDr;0.65164;0.01;2025.10.21 06:46:00;0.65066;;;148
2025.10.21 03:15:00;Sell;0.01;EURUSDr;1.16511;0.01;2025.10.21 05:11:00;1.16397;;;172
2025.10.20 20:00:00;Sell;0.01;USDJPYr;150.679;0.01;2025.10.21 03:09:00;150.521;;;158
2025.10.20 11:00:00;Buy;0.01;AUDNZDr;1.13318;0.01;2025.10.21 02:50:00;1.13432;;;99
2025.10.20 06:30:01;Buy;0.01;AUDJPYr;98.142;0.01;2025.10.20 21:13:01;98.246;;;104
2025.10.20 17:30:01;Sell;0.01;EURUSDr;1.16586;0.01;2025.10.20 20:19:00;1.1648399999999999;;;154
2025.10.20 13:50:00;Sell;0.02;USDJPYr;150.706;0.02;2025.10.20 17:38:00;150.433;;;546
2025.10.17 14:15:00;Sell;0.01;USDJPYr;150.242;0.01;2025.10.20 17:38:00;150.433;;;-191
2025.10.20 16:45:01;Buy;0.01;GBPUSDr;1.34105;0.01;2025.10.20 17:22:00;1.34204;;;149
2025.10.20 07:15:00;Buy;0.01;AUDCADr;0.91113;0.01;2025.10.20 16:29:01;0.91232;;;128
2025.10.20 14:00:00;Buy;0.01;GBPUSDr;1.34107;0.01;2025.10.20 15:42:01;1.34233;;;190
2025.10.20 12:30:00;Sell;0.01;GBPUSDr;1.34367;0.01;2025.10.20 13:04:00;1.34267;;;151
2025.10.20 09:30:00;Buy;0.01;GBPUSDr;1.34237;0.01;2025.10.20 12:11:00;1.34338;;;152
2025.10.20 10:30:00;Sell;0.01;EURJPYr;175.89;0.01;2025.10.20 11:04:00;175.787;;;103
2025.10.20 02:00:01;Sell;0.01;AUDUSDr;0.65055;0.01;2025.10.20 10:02:00;0.64956;;;149
2025.10.20 05:30:01;Sell;0.01;EURUSDr;1.16684;0.01;2025.10.20 09:58:01;1.16582;;;154
2025.10.20 04:00:00;Sell;0.01;GBPUSDr;1.34336;0.01;2025.10.20 09:22:00;1.34232;;;157
2025.10.20 02:25:01;Sell;0.02;EURJPYr;175.864;0.02;2025.10.20 07:41:00;175.65;;;428
2025.10.17 21:15:00;Sell;0.01;EURJPYr;175.589;0.01;2025.10.20 07:41:00;175.65;;;-61
2025.10.17 20:02:01;Sell;0.01;GBPJPYr;201.743;0.01;2025.10.20 07:33:00;202.36;;;-617
2025.10.20 04:40:00;Sell;0.02;GBPJPYr;202.878;0.02;2025.10.20 07:33:00;202.36;;;1036
2025.10.20 03:00:01;Buy;0.01;GBPUSDr;1.34256;0.01;2025.10.20 04:14:02;1.34363;;;162
2025.10.15 15:00:00;Buy;0.01;AUDCADr;0.91493;0.01;2025.10.20 04:03:00;0.91179;;;-338
2025.10.17 05:25:01;Buy;0.02;AUDCADr;0.90871;0.02;2025.10.20 04:03:00;0.91179;;;663
2025.10.19 04:00:27;Balance;;;;;;;;;-7000
2025.10.17 21:45:01;Sell;0.01;GBPUSDr;1.34363;0.01;2025.10.17 23:34:06;1.34262;;;152
2025.10.15 20:00:00;Buy;0.01;AUDJPYr;98.49;0.01;2025.10.17 23:21:00;97.832;;;-658
2025.10.17 03:10:00;Buy;0.02;AUDJPYr;97.355;0.02;2025.10.17 23:21:00;97.832;;;954
2025.10.16 21:00:00;Sell;0.01;EURGBPr;0.86977;0.01;2025.10.17 21:33:00;0.8687;;;216
2025.10.17 19:15:00;Sell;0.01;GBPJPYr;201.88;0.01;2025.10.17 20:02:00;201.758;;;122
2025.10.17 15:30:00;Buy;0.01;GBPUSDr;1.3419699999999999;0.01;2025.10.17 19:22:00;1.34295;;;147
2025.10.17 14:00:00;Sell;0.01;GBPJPYr;201.433;0.01;2025.10.17 18:25:00;201.334;;;99
2025.10.17 06:25:02;Sell;0.02;GBPUSDr;1.34484;0.02;2025.10.17 17:56:00;1.33962;;;1571
2025.10.15 02:45:01;Sell;0.01;GBPUSDr;1.33244;0.01;2025.10.17 17:56:00;1.33962;;;-1080
2025.10.17 09:05:01;Sell;0.02;EURUSDr;1.17237;0.02;2025.10.17 17:06:00;1.16629;;;1830
2025.10.14 16:30:00;Sell;0.01;EURUSDr;1.1575;0.01;2025.10.17 17:06:00;1.16629;;;-1323
2025.10.17 14:30:00;Sell;0.01;EURJPYr;175.606;0.01;2025.10.17 16:23:00;175.505;;;101
2025.10.17 14:15:00;Sell;0.01;EURJPYr;175.609;0.01;2025.10.17 14:19:00;175.508;;;101
2025.10.17 07:00:00;Buy;0.02;AUDNZDr;1.12939;0.02;2025.10.17 14:14:00;1.13144;;;354
2025.10.16 18:45:00;Buy;0.01;AUDNZDr;1.13265;0.01;2025.10.17 14:14:00;1.13144;;;-104
2025.10.17 11:49:01;Buy;0.01;GBPUSDr;1.34295;0.01;2025.10.17 14:07:00;1.34399;;;156
2025.10.17 11:15:00;Buy;0.01;GBPUSDr;1.34188;0.01;2025.10.17 11:49:00;1.34286;;;147
2025.10.17 09:15:00;Sell;0.01;AUDCADr;0.9088;0.01;2025.10.17 10:10:00;0.90777;;;110
2025.10.17 04:15:00;Sell;0.01;EURJPYr;175.875;0.01;2025.10.17 05:27:00;175.769;;;106
2025.10.16 08:00:00;Sell;0.01;AUDCADr;0.91069;0.01;2025.10.17 04:51:00;0.90963;;;113
2025.10.15 13:00:00;Sell;0.01;GBPJPYr;202.05;0.01;2025.10.16 19:33:00;201.818;;;232
2025.10.16 06:00:00;Sell;0.01;EURJPYr;175.898;0.01;2025.10.16 19:27:00;175.792;;;106
2025.10.16 06:15:00;Sell;0.01;USDJPYr;150.787;0.01;2025.10.16 17:10:00;150.99;;;-203
2025.10.16 12:45:00;Sell;0.02;USDJPYr;151.265;0.02;2025.10.16 17:10:00;150.99;;;550
2025.10.16 14:30:00;Buy;0.01;EURUSDr;1.1647;0.01;2025.10.16 15:54:00;1.1658;;;166
2025.10.16 10:15:01;Buy;0.01;EURUSDr;1.16514;0.01;2025.10.16 12:46:00;1.16624;;;166
2025.10.16 05:30:00;Buy;0.01;AUDNZDr;1.12992;0.01;2025.10.16 09:08:01;1.131;;;94
2025.10.16 03:30:51;Sell;0.01;AUDCADr;0.91053;0.01;2025.10.16 06:38:00;0.90948;;;113
2025.10.01 15:17:01;Buy;0.01;EURUSDr;1.17534;0.01;2025.10.16 04:50:01;1.16722;;;-1222
2025.10.08 08:20:00;Buy;0.02;EURUSDr;1.16158;0.02;2025.10.16 04:50:01;1.16722;;;1698
2025.10.16 03:30:26;Sell;0.01;AUDNZDr;1.1344;0.01;2025.10.16 03:34:00;1.13321;;;103
2025.10.15 21:50:03;Sell;0.02;AUDCADr;0.91406;0.02;2025.10.16 03:30:50;0.91119;;;615
2025.10.14 18:15:00;Sell;0.01;AUDCADr;0.91024;0.01;2025.10.16 03:30:50;0.91119;;;-102
2025.10.15 07:00:00;Sell;0.02;AUDNZDr;1.13805;0.02;2025.10.16 03:30:25;1.13554;;;432
2025.10.15 02:00:00;Sell;0.01;AUDNZDr;1.1360000000000001;0.01;2025.10.16 03:30:25;1.13554;;;40
2025.10.15 10:00:00;Sell;0.01;EURJPYr;175.707;0.01;2025.10.16 03:18:00;175.596;;;111
2025.10.13 11:45:00;Buy;0.02;GBPUSDr;1.33183;0.02;2025.10.15 18:17:00;1.33775;;;1791
2025.10.07 08:15:00;Buy;0.01;GBPUSDr;1.34634;0.01;2025.10.15 18:17:00;1.33775;;;-1299
2025.10.15 12:45:00;Sell;0.01;USDJPYr;151.388;0.01;2025.10.15 18:14:00;151.278;;;110
2025.10.15 10:30:00;Sell;0.01;EURGBPr;0.87154;0.01;2025.10.15 13:41:01;0.87052;;;206
2025.10.15 12:49:09;Balance;;;;;;;;;-7000
2025.10.15 11:30:00;Sell;0.01;USDJPYr;151.241;0.01;2025.10.15 11:51:01;151.134;;;107
2025.10.15 11:32:01;Sell;0.01;GBPJPYr;201.906;0.01;2025.10.15 11:46:00;201.788;;;118
2025.10.15 11:15:00;Sell;0.01;GBPJPYr;202.021;0.01;2025.10.15 11:32:00;201.921;;;100
2025.10.14 21:15:01;Buy;0.01;AUDJPYr;98.521;0.01;2025.10.15 11:16:00;98.639;;;118
2025.10.15 04:30:00;Sell;0.01;EURGBPr;0.87136;0.01;2025.10.15 06:27:10;0.87036;;;202
2025.10.14 07:15:01;Buy;0.01;AUDNZDr;1.13662;0.01;2025.10.15 05:58:00;1.13764;;;88
2025.10.14 19:15:01;Sell;0.01;GBPJPYr;202.065;0.01;2025.10.15 03:46:00;201.958;;;107
2025.10.15 02:15:06;Sell;0.01;USDJPYr;151.801;0.01;2025.10.15 03:01:00;151.659;;;142
2025.10.15 02:00:00;Sell;0.01;EURJPYr;176.146;0.01;2025.10.15 03:00:00;176.042;;;104
2025.10.14 19:00:00;Sell;0.01;EURJPYr;176.173;0.01;2025.10.14 22:38:00;176.067;;;106
2025.10.14 18:00:00;Sell;0.01;EURGBPr;0.87189;0.01;2025.10.14 21:31:01;0.87078;;;225
2025.10.14 20:30:03;Sell;0.01;USDJPYr;151.845;0.01;2025.10.14 20:54:01;151.727;;;118
2025.10.14 19:00:00;Sell;0.01;GBPJPYr;202.136;0.01;2025.10.14 19:14:00;202.028;;;108
2025.10.14 15:24:01;Sell;0.01;USDJPYr;151.872;0.01;2025.10.14 18:41:00;151.755;;;117
2025.10.10 17:55:00;Buy;0.02;AUDCADr;0.91596;0.02;2025.10.14 18:31:02;0.91055;;;-1170
2025.10.10 10:00:00;Buy;0.01;AUDCADr;0.91943;0.01;2025.10.14 18:31:02;0.91055;;;-960
2025.10.14 15:50:00;Buy;0.08;AUDCADr;0.90692;0.08;2025.10.14 18:31:01;0.91055;;;3140
2025.10.14 08:30:00;Buy;0.05;AUDCADr;0.90922;0.05;2025.10.14 18:31:01;0.91055;;;719
2025.10.13 14:20:00;Buy;0.03;AUDCADr;0.91251;0.03;2025.10.14 18:31:01;0.91055;;;-636
2025.10.14 17:30:00;Sell;0.01;EURJPYr;176.115;0.01;2025.10.14 18:17:00;176.003;;;112
2025.10.14 17:01:01;Buy;0.01;AUDJPYr;98.268;0.01;2025.10.14 17:22:00;98.374;;;106
2025.10.14 16:04:02;Buy;0.01;AUDJPYr;98.116;0.01;2025.10.14 17:01:00;98.252;;;136
2025.10.14 15:30:01;Buy;0.01;AUDJPYr;97.977;0.01;2025.10.14 16:04:01;98.096;;;119
2025.10.14 12:38:01;Sell;0.01;USDJPYr;152.009;0.01;2025.10.14 15:24:00;151.891;;;118
2025.10.14 12:15:00;Sell;0.01;USDJPYr;152.137;0.01;2025.10.14 12:38:00;152.015;;;122
2025.10.14 04:25:01;Sell;0.01;EURUSDr;1.15701;0.01;2025.10.14 10:31:00;1.15583;;;179
2025.10.06 06:35:00;Sell;0.02;GBPJPYr;201.795;0.02;2025.10.14 09:04:00;202.122;;;-654
2025.10.02 19:45:00;Sell;0.01;GBPJPYr;197.862;0.01;2025.10.14 09:04:00;202.122;;;-4260
2025.10.13 21:15:02;Sell;0.01;GBPUSDr;1.33362;0.01;2025.10.14 09:04:00;1.33224;;;209
2025.10.08 02:30:00;Sell;0.03;GBPJPYr;203.976;0.03;2025.10.14 09:04:00;202.122;;;5562
2025.10.13 19:30:00;Sell;0.01;EURJPYr;176.218;0.01;2025.10.14 07:03:01;176.105;;;113
2025.10.13 15:45:00;Sell;0.01;USDJPYr;152.185;0.01;2025.10.14 06:50:00;152.076;;;109
2025.10.13 09:45:00;Sell;0.01;AUDJPYr;99.04;0.01;2025.10.14 06:35:00;98.895;;;145
2025.10.13 17:00:00;Sell;0.01;AUDCADr;0.91347;0.01;2025.10.14 06:31:00;0.91238;;;118
2025.10.13 11:15:08;Sell;0.01;AUDNZDr;1.1375899999999999;0.01;2025.10.14 05:26:01;1.13763;;;-3
2025.10.14 03:15:01;Sell;0.02;AUDNZDr;1.13924;0.02;2025.10.14 05:26:01;1.13763;;;281
2025.10.10 03:55:00;Sell;0.01;EURUSDr;1.15703;0.01;2025.10.13 17:56:01;1.15589;;;174
2025.10.13 13:00:00;Sell;0.01;GBPUSDr;1.3336999999999999;0.01;2025.10.13 15:51:00;1.33263;;;163
2025.10.13 10:45:01;Sell;0.01;AUDCADr;0.91314;0.01;2025.10.13 14:28:00;0.91209;;;114
2025.10.13 10:00:00;Sell;0.01;EURGBPr;0.87005;0.01;2025.10.13 13:22:01;0.86903;;;207
2025.10.13 10:15:00;Sell;0.01;USDJPYr;152.255;0.01;2025.10.13 13:19:00;152.147;;;108
2025.10.13 10:15:00;Sell;0.01;EURJPYr;176.653;0.01;2025.10.13 11:38:00;176.516;;;137
2025.10.10 18:41:01;Sell;0.01;GBPUSDr;1.33366;0.01;2025.10.13 11:26:02;1.33266;;;152
2025.10.10 08:15:02;Buy;0.01;AUDNZDr;1.1406100000000001;0.01;2025.10.13 11:15:07;1.1375899999999999;;;-264
2025.10.10 18:40:00;Buy;0.03;AUDNZDr;1.13352;0.03;2025.10.13 11:15:07;1.1375899999999999;;;1066
2025.10.10 12:15:00;Buy;0.02;AUDNZDr;1.13902;0.02;2025.10.13 11:15:07;1.1375899999999999;;;-250
2025.10.13 03:36:54;Balance;;;;;;;;;-13000
2025.10.10 18:15:00;Sell;0.01;GBPUSDr;1.33468;0.01;2025.10.10 18:41:00;1.33368;;;152
2025.10.06 03:30:00;Sell;0.02;EURJPYr;175.364;0.02;2025.10.10 18:22:00;176.319;;;-1910
2025.10.02 20:30:00;Sell;0.01;EURJPYr;172.463;0.01;2025.10.10 18:22:00;176.319;;;-3856
2025.10.09 15:00:00;Sell;0.05;EURJPYr;177.42;0.05;2025.10.10 18:22:00;176.319;;;5505
2025.10.07 20:55:01;Sell;0.03;EURJPYr;176.803;0.03;2025.10.10 18:22:00;176.319;;;1452
2025.10.07 03:25:02;Sell;0.02;USDJPYr;150.516;0.02;2025.10.10 18:21:00;151.804;;;-2576
2025.10.06 04:00:00;Sell;0.01;USDJPYr;149.697;0.01;2025.10.10 18:21:00;151.804;;;-2107
2025.10.08 12:50:00;Sell;0.05;USDJPYr;152.961;0.05;2025.10.10 18:21:00;151.804;;;5785
2025.10.08 02:30:00;Sell;0.03;USDJPYr;151.945;0.03;2025.10.10 18:21:00;151.804;;;423
2025.10.07 06:30:00;Sell;0.02;AUDNZDr;1.13466;0.02;2025.10.10 18:04:00;1.13762;;;-517
2025.10.06 09:00:00;Sell;0.01;AUDNZDr;1.13264;0.01;2025.10.10 18:04:00;1.13762;;;-435
2025.10.09 13:45:00;Sell;0.05;AUDNZDr;1.14109;0.05;2025.10.10 18:04:00;1.13762;;;1515
2025.10.08 17:05:00;Sell;0.03;AUDNZDr;1.13925;0.03;2025.10.10 18:04:00;1.13762;;;427
2025.10.06 04:00:00;Sell;0.01;AUDJPYr;98.772;0.01;2025.10.10 18:00:00;99.676;;;-904
2025.10.08 12:45:03;Sell;0.03;AUDJPYr;100.365;0.03;2025.10.10 18:00:00;99.676;;;2067
2025.10.07 17:15:00;Sell;0.02;AUDJPYr;99.502;0.02;2025.10.10 18:00:00;99.676;;;-348
2025.10.10 15:45:00;Sell;0.01;EURGBPr;0.87166;0.01;2025.10.10 17:26:02;0.87066;;;203
2025.10.10 02:00:00;Sell;0.01;AUDCADr;0.91924;0.01;2025.10.10 15:31:38;0.91731;;;211
2025.10.09 18:30:00;Buy;0.01;AUDCADr;0.9181;0.01;2025.10.10 01:21:00;0.9191;;;109
2025.10.09 12:30:00;Sell;0.01;AUDCADr;0.91905;0.01;2025.10.09 18:36:00;0.91798;;;117
2025.10.09 13:00:00;Sell;0.01;AUDUSDr;0.65953;0.01;2025.10.09 16:47:00;0.65842;;;170
2025.10.09 10:00:00;Buy;0.01;AUDCADr;0.91799;0.01;2025.10.09 12:26:00;0.91903;;;114
2025.09.26 15:30:00;Sell;0.01;GBPUSDr;1.3364500000000001;0.01;2025.10.09 10:41:00;1.33522;;;188
2025.10.09 08:15:03;Sell;0.02;AUDCADr;0.92067;0.02;2025.10.09 09:53:00;0.91821;;;539
2025.10.08 09:15:00;Sell;0.01;AUDCADr;0.91631;0.01;2025.10.09 09:53:00;0.91821;;;-208
2025.10.09 02:00:00;Sell;0.01;AUDUSDr;0.65901;0.01;2025.10.09 09:49:04;0.65802;;;152
2025.10.09 03:45:00;Buy;0.01;AUDNZDr;1.13852;0.01;2025.10.09 09:21:00;1.13957;;;93
2025.10.09 03:45:00;Sell;0.01;EURUSDr;1.16387;0.01;2025.10.09 09:20:00;1.16282;;;161
2025.10.07 08:15:00;Buy;0.01;AUDCADr;0.92167;0.01;2025.10.09 03:32:00;0.91956;;;-231
2025.10.08 15:15:00;Buy;0.03;AUDCADr;0.91685;0.03;2025.10.09 03:32:00;0.91956;;;889
2025.10.07 18:05:00;Buy;0.02;AUDCADr;0.91924;0.02;2025.10.09 03:32:00;0.91956;;;70
2025.10.08 13:45:09;Sell;0.01;EURUSDr;1.16294;0.01;2025.10.08 18:05:00;1.16184;;;168
2025.09.29 18:00:00;Sell;0.01;AUDUSDr;0.65759;0.01;2025.10.08 04:35:00;0.65657;;;156
2025.10.08 04:00:18;Buy;0.01;AUDNZDr;1.1412499999999999;0.01;2025.10.08 04:02:04;1.14296;;;150
2025.10.01 04:45:00;Buy;0.01;AUDNZDr;1.13986;0.01;2025.10.08 04:00:17;1.14035;;;43
2025.10.03 09:10:01;Buy;0.03;AUDNZDr;1.13279;0.03;2025.10.08 04:00:17;1.14035;;;1991
2025.10.01 16:40:00;Buy;0.02;AUDNZDr;1.13586;0.02;2025.10.08 04:00:17;1.14035;;;788
2025.10.07 18:15:00;Sell;0.01;EURUSDr;1.1672;0.01;2025.10.07 21:35:02;1.16615;;;159
2025.09.29 02:30:00;Sell;0.01;AUDCADr;0.91303;0.01;2025.10.07 21:32:00;0.91861;;;-607
2025.10.03 19:10:00;Sell;0.03;AUDCADr;0.92203;0.03;2025.10.07 21:32:00;0.91861;;;1116
2025.09.30 12:00:00;Sell;0.02;AUDCADr;0.91931;0.02;2025.10.07 21:32:00;0.91861;;;152
2025.10.06 16:15:00;Sell;0.01;EURUSDr;1.16922;0.01;2025.10.07 10:07:00;1.16819;;;155
2025.10.07 03:45:00;Buy;0.01;AUDCADr;0.92243;0.01;2025.10.07 06:13:01;0.92349;;;114
2025.10.02 09:45:00;Buy;0.01;AUDCADr;0.92204;0.01;2025.10.06 16:08:00;0.9231;;;114
2025.10.06 12:15:00;Buy;0.01;GBPUSDr;1.34306;0.01;2025.10.06 16:04:00;1.3441100000000001;;;157
2025.10.06 12:00:00;Buy;0.01;AUDUSDr;0.65994;0.01;2025.10.06 15:55:00;0.66097;;;154
2025.09.26 16:00:00;Sell;0.01;EURUSDr;1.16832;0.01;2025.10.06 10:45:00;1.1669;;;213
2025.10.02 04:00:00;Sell;0.01;EURGBPr;0.87081;0.01;2025.10.06 10:08:00;0.86977;;;210
2025.10.06 02:00:01;Buy;0.01;GBPUSDr;1.34355;0.01;2025.10.06 04:41:10;1.34458;;;154
2025.10.06 03:45:00;Sell;0.01;USDJPYr;149.848;0.01;2025.10.06 03:47:00;149.736;;;112
2025.10.03 07:45:00;Buy;0.01;AUDJPYr;97.398;0.01;2025.10.06 01:03:47;98.383;;;985
2025.10.04 19:00:28;Balance;;;;;;;;;-2000
2025.10.03 11:15:00;Buy;0.01;USDJPYr;147.397;0.01;2025.10.03 19:45:01;147.52;;;123
2025.10.03 10:15:00;Sell;0.01;AUDNZDr;1.13382;0.01;2025.10.03 11:17:00;1.13281;;;87
2025.10.03 08:30:00;Buy;0.01;GBPUSDr;1.34347;0.01;2025.10.03 10:30:00;1.3445;;;152
2025.10.03 08:00:00;Buy;0.01;AUDUSDr;0.65913;0.01;2025.10.03 09:33:02;0.6602;;;158
2025.10.03 07:15:15;Buy;0.01;USDJPYr;147.659;0.01;2025.10.03 08:08:01;147.76;;;101
2025.10.03 04:15:01;Sell;0.01;AUDNZDr;1.13428;0.01;2025.10.03 05:29:00;1.13327;;;87
2025.10.02 11:15:00;Buy;0.01;AUDJPYr;97.304;0.01;2025.10.03 05:09:00;97.406;;;102
2025.10.02 16:00:00;Sell;0.01;EURJPYr;172.723;0.01;2025.10.02 16:46:01;172.61;;;113
2025.10.02 13:05:01;Buy;0.02;USDJPYr;146.702;0.02;2025.10.02 15:41:03;147.004;;;604
2025.10.02 09:44:01;Buy;0.01;USDJPYr;147.281;0.01;2025.10.02 15:41:03;147.004;;;-277
2025.10.02 02:30:01;Buy;0.01;EURGBPr;0.87044;0.01;2025.10.02 13:48:01;0.87148;;;206
2025.10.02 02:45:01;Sell;0.01;EURJPYr;172.592;0.01;2025.10.02 12:03:02;172.484;;;108
2025.10.02 09:15:02;Buy;0.01;USDJPYr;147.105;0.01;2025.10.02 09:44:00;147.267;;;162
2025.10.02 05:45:00;Sell;0.01;GBPJPYr;198.332;0.01;2025.10.02 06:54:00;198.229;;;103
2025.10.02 05:48:40;Balance;;;;;;;;;-5000
2025.10.02 04:45:01;Buy;0.01;USDJPYr;147.044;0.01;2025.10.02 05:47:00;147.15;;;106
2025.10.01 15:15:04;Buy;0.01;AUDJPYr;97.261;0.01;2025.10.02 05:43:23;97.361;;;100
2025.10.01 21:15:00;Sell;0.01;USDJPYr;147.091;0.01;2025.10.02 04:40:00;146.979;;;112
2025.10.02 03:15:01;Sell;0.01;GBPJPYr;198.414;0.01;2025.10.02 03:55:00;198.301;;;113
2025.10.02 02:00:00;Buy;0.01;USDJPYr;147.015;0.01;2025.10.02 03:01:00;147.148;;;133
2025.09.24 04:00:01;Buy;0.01;GBPUSDr;1.35153;0.01;2025.10.01 16:36:00;1.3526799999999999;;;169
2025.09.15 02:25:00;Sell;0.02;AUDNZDr;1.11657;0.02;2025.10.01 15:52:00;1.13634;;;-3383
2025.09.09 10:15:00;Sell;0.01;AUDNZDr;1.11047;0.01;2025.10.01 15:52:00;1.13634;;;-2214
2025.09.22 02:50:00;Sell;0.08;AUDNZDr;1.12637;0.08;2025.10.01 15:52:00;1.13634;;;-6825
2025.09.18 10:10:00;Sell;0.05;AUDNZDr;1.12275;0.05;2025.10.01 15:52:00;1.13634;;;-5814
2025.09.18 03:00:00;Sell;0.03;AUDNZDr;1.12088;0.03;2025.10.01 15:52:00;1.13634;;;-3968
2025.09.24 17:45:00;Sell;0.24;AUDNZDr;1.1336;0.24;2025.10.01 15:52:00;1.13634;;;-5627
2025.09.24 05:15:01;Sell;0.14;AUDNZDr;1.12833;0.14;2025.10.01 15:52:00;1.13634;;;-9595
2025.09.30 16:40:00;Sell;0.7;AUDNZDr;1.14102;0.7;2025.10.01 15:52:00;1.13634;;;28030
2025.09.30 12:00:00;Sell;0.41;AUDNZDr;1.13941;0.41;2025.10.01 15:52:00;1.13634;;;10770
2025.09.30 21:15:00;Buy;0.01;AUDCADr;0.92113;0.01;2025.10.01 15:22:00;0.9223;;;123
2025.10.01 12:45:00;Buy;0.01;EURUSDr;1.17429;0.01;2025.10.01 15:17:00;1.17536;;;157
2025.09.23 19:15:04;Sell;0.02;EURGBPr;0.87306;0.02;2025.10.01 13:56:00;0.87018;;;1142
2025.09.17 18:00:00;Sell;0.01;EURGBPr;0.86749;0.01;2025.10.01 13:56:00;0.87018;;;-533
2025.09.30 21:45:00;Buy;0.01;EURUSDr;1.17383;0.01;2025.10.01 07:45:05;1.17485;;;151
2025.10.01 02:00:00;Sell;0.01;USDJPYr;147.904;0.01;2025.10.01 07:33:00;147.791;;;113
2025.10.01 03:00:00;Sell;0.01;EURJPYr;173.692;0.01;2025.10.01 05:16:29;173.59;;;102
2025.10.01 03:00:00;Sell;0.01;GBPJPYr;198.972;0.01;2025.10.01 05:03:00;198.863;;;109
2025.09.30 15:15:00;Sell;0.01;AUDJPYr;97.846;0.01;2025.10.01 04:25:00;97.741;;;105
2025.09.30 16:15:01;Buy;0.01;EURUSDr;1.1728;0.01;2025.09.30 17:09:00;1.17408;;;189
2025.09.30 16:30:00;Sell;0.01;USDJPYr;147.993;0.01;2025.09.30 16:49:00;147.867;;;126
2025.09.30 10:00:00;Buy;0.01;AUDCADr;0.91804;0.01;2025.09.30 11:03:00;0.91909;;;112
2025.09.30 10:45:00;Buy;0.01;AUDNZDr;1.13679;0.01;2025.09.30 10:54:01;1.1378300000000001;;;89
2025.09.29 18:00:00;Sell;0.01;AUDJPYr;97.745;0.01;2025.09.30 10:42:00;97.489;;;256
2025.09.29 18:55:00;Buy;0.01;EURUSDr;1.17292;0.01;2025.09.30 09:32:00;1.17391;;;147
2025.09.23 13:30:00;Sell;0.01;GBPJPYr;199.465;0.01;2025.09.30 08:27:00;199.312;;;153
2025.09.29 20:30:00;Sell;0.01;USDJPYr;148.595;0.01;2025.09.30 07:26:01;148.471;;;124
2025.09.25 15:00:00;Buy;0.02;AUDCADr;0.91454;0.02;2025.09.30 04:02:17;0.91638;;;393
2025.09.24 14:15:03;Buy;0.01;AUDCADr;0.91657;0.01;2025.09.30 04:02:17;0.91638;;;-20
2025.09.30 01:02:46;Balance;;;;;;;;;-4000
2025.09.29 15:45:00;Sell;0.01;EURJPYr;174.506;0.01;2025.09.29 17:22:00;174.394;;;112
2025.09.25 16:00:00;Buy;0.02;EURUSDr;1.16985;0.02;2025.09.29 15:59:00;1.17499;;;1528
2025.09.18 14:45:00;Buy;0.01;EURUSDr;1.18232;0.01;2025.09.29 15:59:00;1.17499;;;-1089
2025.09.29 11:00:00;Buy;0.01;AUDNZDr;1.13401;0.01;2025.09.29 14:42:00;1.13499;;;84
2025.09.15 21:15:01;Sell;0.03;EURJPYr;173.319;0.03;2025.09.29 09:14:44;174.376;;;-3171
2025.09.12 10:10:00;Sell;0.02;EURJPYr;173.033;0.02;2025.09.29 09:14:44;174.376;;;-2686
2025.09.10 13:33:01;Sell;0.01;EURJPYr;172.478;0.01;2025.09.29 09:14:44;174.376;;;-1898
2025.09.22 13:55:00;Sell;0.08;EURJPYr;174.108;0.08;2025.09.29 09:14:44;174.376;;;-2144
2025.09.18 10:00:00;Sell;0.05;EURJPYr;173.862;0.05;2025.09.29 09:14:44;174.376;;;-2570
2025.09.26 05:20:07;Sell;0.24;EURJPYr;174.844;0.24;2025.09.29 09:14:44;174.376;;;11232
2025.09.24 07:45:01;Sell;0.14;EURJPYr;174.561;0.14;2025.09.29 09:14:44;174.376;;;2590
2025.09.24 14:00:00;Buy;0.01;AUDUSDr;0.66062;0.01;2025.09.29 06:50:07;0.65665;;;-591
2025.09.25 21:20:00;Buy;0.02;AUDUSDr;0.65316;0.02;2025.09.29 06:50:07;0.65665;;;1039
2025.09.26 17:27:02;Sell;0.01;AUDJPYr;97.798;0.01;2025.09.29 05:22:02;97.686;;;112
2025.09.25 09:20:00;Sell;0.02;USDJPYr;148.786;0.02;2025.09.29 03:55:00;149.16;;;-748
2025.09.24 04:30:00;Sell;0.01;USDJPYr;147.768;0.01;2025.09.29 03:55:00;149.16;;;-1392
2025.09.25 19:00:00;Sell;0.05;USDJPYr;149.788;0.05;2025.09.29 03:55:00;149.16;;;3140
2025.09.25 16:00:00;Sell;0.03;USDJPYr;149.241;0.03;2025.09.29 03:55:00;149.16;;;243
2025.09.29 01:40:07;Balance;;;;;;;;;-6000
2025.09.26 16:45:00;Sell;0.01;AUDJPYr;97.92;0.01;2025.09.26 17:27:01;97.813;;;107
2025.09.26 09:45:00;Buy;0.01;AUDNZDr;1.13357;0.01;2025.09.26 16:50:00;1.13459;;;88
2025.09.26 06:00:00;Sell;0.01;EURUSDr;1.16768;0.01;2025.09.26 13:48:05;1.1666400000000001;;;156
2025.09.26 05:45:00;Sell;0.01;AUDCADr;0.91167;0.01;2025.09.26 10:40:01;0.91055;;;120
2025.09.25 15:30:10;Buy;0.01;AUDNZDr;1.13245;0.01;2025.09.25 16:55:00;1.1336;;;99
2025.09.25 09:50:01;Sell;0.02;AUDJPYr;98.144;0.02;2025.09.25 16:41:00;97.779;;;730
2025.09.23 06:30:01;Sell;0.01;AUDJPYr;97.362;0.01;2025.09.25 16:41:00;97.779;;;-417
2025.09.24 06:25:00;Sell;0.02;AUDCADr;0.91609;0.02;2025.09.25 15:33:00;0.91286;;;693
2025.09.22 18:15:02;Sell;0.01;AUDCADr;0.90978;0.01;2025.09.25 15:33:00;0.91286;;;-330
2025.09.25 13:15:05;Sell;0.01;EURUSDr;1.17509;0.01;2025.09.25 14:15:00;1.17403;;;158
2025.09.24 05:30:04;Sell;0.01;AUDUSDr;0.66177;0.01;2025.09.24 13:14:29;0.66073;;;154
2025.09.22 19:15:05;Sell;0.01;EURUSDr;1.17828;0.01;2025.09.24 11:26:00;1.1771099999999999;;;173
2025.09.23 15:00:00;Sell;0.01;GBPUSDr;1.3514300000000001;0.01;2025.09.24 08:50:00;1.3501699999999999;;;186
2025.09.24 04:33:01;Buy;0.01;AUDCADr;0.91423;0.01;2025.09.24 05:02:00;0.91534;;;119
2025.09.23 18:30:00;Buy;0.01;AUDUSDr;0.66004;0.01;2025.09.24 04:41:00;0.66111;;;158
2025.09.23 18:15:00;Buy;0.01;AUDCADr;0.91282;0.01;2025.09.24 04:33:00;0.91396;;;122
2025.09.23 13:30:00;Sell;0.01;USDJPYr;147.685;0.01;2025.09.23 20:39:01;147.579;;;106
2025.09.18 02:45:01;Buy;0.01;AUDUSDr;0.66545;0.01;2025.09.23 16:03:00;0.66143;;;-594
2025.09.22 10:25:00;Buy;0.02;AUDUSDr;0.65792;0.02;2025.09.23 16:03:00;0.66143;;;1037
2025.09.22 18:45:00;Sell;0.01;GBPUSDr;1.35004;0.01;2025.09.23 11:37:00;1.34886;;;174
2025.09.23 11:30:09;Sell;0.01;GBPJPYr;199.551;0.01;2025.09.23 11:31:00;199.453;;;98
2025.09.23 11:15:00;Sell;0.01;GBPJPYr;199.728;0.01;2025.09.23 11:30:08;199.611;;;117
2025.09.23 08:00:00;Buy;0.01;AUDJPYr;97.309;0.01;2025.09.23 11:25:00;97.422;;;113
2025.09.23 06:15:00;Sell;0.01;USDJPYr;147.84;0.01;2025.09.23 09:45:00;147.72;;;120
2025.09.23 07:00:01;Sell;0.01;GBPJPYr;199.694;0.01;2025.09.23 09:17:01;199.582;;;112
2025.09.22 15:45:02;Buy;0.01;AUDNZDr;1.12507;0.01;2025.09.23 08:28:03;1.12606;;;86
2025.09.22 03:15:00;Buy;0.02;GBPUSDr;1.3467799999999999;0.02;2025.09.23 04:42:00;1.35252;;;1695
2025.09.18 15:45:01;Buy;0.01;GBPUSDr;1.36046;0.01;2025.09.23 04:42:00;1.35252;;;-1172
2025.09.22 19:15:00;Sell;0.01;AUDJPYr;97.454;0.01;2025.09.23 04:31:00;97.348;;;106
2025.09.22 21:45:01;Sell;0.01;GBPJPYr;199.718;0.01;2025.09.23 01:01:07;199.607;;;111
2025.09.18 21:00:00;Buy;0.01;AUDCADr;0.91284;0.01;2025.09.22 19:18:01;0.91097;;;-200
2025.09.19 19:10:00;Buy;0.03;AUDCADr;0.90836;0.03;2025.09.22 19:18:01;0.91097;;;838
2025.09.19 15:11:00;Buy;0.02;AUDCADr;0.91089;0.02;2025.09.22 19:18:01;0.91097;;;17
2025.09.22 17:30:00;Sell;0.01;USDJPYr;147.911;0.01;2025.09.22 19:16:00;147.788;;;123
2025.09.22 12:00:01;Sell;0.01;AUDCADr;0.91028;0.01;2025.09.22 16:47:00;0.90934;;;101
2025.09.22 13:54:01;Sell;0.01;GBPJPYr;199.565;0.01;2025.09.22 14:52:00;199.455;;;110
2025.09.22 13:30:00;Sell;0.01;GBPJPYr;199.689;0.01;2025.09.22 13:54:00;199.578;;;111
2025.09.22 11:30:00;Sell;0.01;GBPJPYr;199.612;0.01;2025.09.22 12:10:00;199.501;;;111
2025.09.22 02:00:00;Sell;0.01;USDJPYr;147.99;0.01;2025.09.22 11:27:00;147.87;;;120
2025.09.22 11:05:09;Balance;;;;;;;;;-11000
2025.09.22 06:15:01;Sell;0.01;AUDCADr;0.90932;0.01;2025.09.22 10:15:00;0.90831;;;108
2025.09.22 02:30:00;Sell;0.01;AUDJPYr;97.596;0.01;2025.09.22 10:11:00;97.494;;;102
2025.09.19 13:00:00;Sell;0.01;USDJPYr;147.957;0.01;2025.09.19 16:46:01;147.853;;;104
2025.09.19 10:30:00;Sell;0.01;AUDJPYr;97.661;0.01;2025.09.19 16:34:00;97.551;;;110
2025.09.19 12:45:00;Sell;0.01;GBPJPYr;199.676;0.01;2025.09.19 15:10:00;199.565;;;111
2025.09.19 12:15:00;Sell;0.01;AUDCADr;0.91236;0.01;2025.09.19 14:54:01;0.9113;;;114
2025.09.19 10:45:00;Sell;0.01;AUDCADr;0.9123;0.01;2025.09.19 11:19:01;0.91129;;;108
2025.09.10 17:50:01;Sell;0.02;AUDUSDr;0.66286;0.02;2025.09.19 09:03:15;0.65926;;;1063
2025.09.08 03:00:00;Sell;0.01;AUDUSDr;0.65545;0.01;2025.09.19 09:03:15;0.65926;;;-562
2025.09.19 06:30:02;Sell;0.01;AUDCADr;0.91231;0.01;2025.09.19 07:39:04;0.91132;;;106
2025.09.19 06:30:00;Sell;0.01;EURUSDr;1.17907;0.01;2025.09.19 07:28:00;1.17791;;;171
2025.09.18 10:45:02;Sell;0.01;AUDJPYr;97.691;0.01;2025.09.19 06:48:00;97.588;;;103
2025.09.18 04:30:00;Sell;0.01;GBPJPYr;200.235;0.01;2025.09.19 06:48:00;199.979;;;256
2025.09.19 03:55:00;Sell;0.01;EURUSDr;1.17886;0.01;2025.09.19 04:20:02;1.17783;;;153
2025.09.19 03:00:00;Sell;0.01;EURUSDr;1.17888;0.01;2025.09.19 03:12:00;1.17784;;;154
2025.09.18 16:45:00;Buy;0.01;AUDCADr;0.9125;0.01;2025.09.18 17:07:00;0.91359;;;117
2025.09.18 12:00:01;Sell;0.01;AUDCADr;0.91459;0.01;2025.09.18 16:38:00;0.91348;;;119
2025.09.16 13:00:00;Sell;0.02;GBPUSDr;1.3642;0.02;2025.09.18 16:20:00;1.35843;;;1707
2025.09.08 08:30:00;Sell;0.01;GBPUSDr;1.35009;0.01;2025.09.18 16:20:00;1.35843;;;-1234
2025.09.18 11:45:00;Sell;0.01;EURUSDr;1.18307;0.01;2025.09.18 14:49:00;1.18204;;;152
2025.09.18 09:20:00;Buy;0.02;AUDCADr;0.9132;0.02;2025.09.18 10:47:00;0.91516;;;419
2025.09.18 03:15:00;Buy;0.01;AUDCADr;0.91553;0.01;2025.09.18 10:47:00;0.91516;;;-40
2025.09.18 07:00:01;Buy;0.01;GBPUSDr;1.36213;0.01;2025.09.18 10:42:00;1.36319;;;156
2025.09.18 06:45:00;Buy;0.01;EURUSDr;1.18139;0.01;2025.09.18 10:39:00;1.18263;;;182
2025.09.16 20:00:00;Sell;0.02;EURUSDr;1.1864;0.02;2025.09.18 07:33:01;1.1807699999999999;;;1657
2025.09.12 20:00:01;Sell;0.01;EURUSDr;1.17268;0.01;2025.09.18 07:33:01;1.1807699999999999;;;-1190
2025.09.18 05:30:00;Sell;0.01;AUDJPYr;97.738;0.01;2025.09.18 07:31:00;97.637;;;101
2025.09.18 05:30:01;Sell;0.01;AUDCADr;0.91591;0.01;2025.09.18 07:24:03;0.91474;;;125
2025.09.18 06:00:10;Buy;0.01;USDJPYr;146.906;0.01;2025.09.18 06:49:08;147.011;;;105
2025.09.18 04:30:01;Sell;0.01;AUDJPYr;97.756;0.01;2025.09.18 04:31:00;97.647;;;109
2025.09.18 03:05:01;Buy;0.01;USDJPYr;146.973;0.01;2025.09.18 04:16:00;147.115;;;142
2025.09.18 02:00:00;Buy;0.01;USDJPYr;146.845;0.01;2025.09.18 03:05:00;146.962;;;117
2025.09.16 08:00:00;Buy;0.01;AUDNZDr;1.11744;0.01;2025.09.18 01:49:00;1.11882;;;121
2025.09.03 12:50:00;Sell;0.02;AUDCADr;0.90094;0.02;2025.09.17 21:54:00;0.91589;;;-3184
2025.09.02 16:45:00;Sell;0.01;AUDCADr;0.89738;0.01;2025.09.17 21:54:00;0.91589;;;-1971
2025.09.09 08:15:00;Sell;0.05;AUDCADr;0.91194;0.05;2025.09.17 21:54:00;0.91589;;;-2103
2025.09.05 16:55:01;Sell;0.03;AUDCADr;0.90892;0.03;2025.09.17 21:54:00;0.91589;;;-2226
2025.09.10 17:25:00;Sell;0.14;AUDCADr;0.91741;0.14;2025.09.17 21:54:00;0.91589;;;2266
2025.09.10 06:10:00;Sell;0.08;AUDCADr;0.91414;0.08;2025.09.17 21:54:00;0.91589;;;-1491
2025.09.11 17:50:00;Sell;0.24;AUDCADr;0.92011;0.24;2025.09.17 21:54:00;0.91589;;;10784
2025.09.17 21:37:01;Buy;0.01;USDJPYr;146.241;0.01;2025.09.17 21:38:00;146.394;;;153
2025.09.17 21:15:00;Buy;0.02;USDJPYr;145.772;0.02;2025.09.17 21:37:00;146.234;;;924
2025.09.17 11:45:00;Buy;0.01;USDJPYr;146.474;0.01;2025.09.17 21:37:00;146.234;;;-240
2025.09.17 18:10:00;Buy;0.02;AUDCADr;0.91763;0.02;2025.09.17 21:08:00;0.92028;;;562
2025.09.12 05:00:00;Buy;0.01;AUDCADr;0.92178;0.01;2025.09.17 21:08:00;0.92028;;;-159
2025.09.17 17:15:00;Sell;0.01;GBPJPYr;199.838;0.01;2025.09.17 21:00:59;199.725;;;113
2025.09.17 04:15:01;Buy;0.01;EURUSDr;1.18585;0.01;2025.09.17 21:00:02;1.18722;;;200
2025.09.05 21:45:01;Sell;0.01;AUDJPYr;96.591;0.01;2025.09.17 19:23:00;97.538;;;-947
2025.09.10 07:25:01;Sell;0.02;AUDJPYr;97.361;0.02;2025.09.17 19:23:00;97.538;;;-354
2025.09.12 10:40:00;Sell;0.03;AUDJPYr;98.182;0.03;2025.09.17 19:23:00;97.538;;;1932
2025.09.17 17:00:00;Sell;0.01;GBPJPYr;199.939;0.01;2025.09.17 17:13:00;199.836;;;103
2025.09.17 15:30:00;Sell;0.01;GBPJPYr;199.842;0.01;2025.09.17 16:25:00;199.736;;;106
2025.09.17 11:41:02;Sell;0.01;GBPJPYr;199.806;0.01;2025.09.17 12:54:00;199.703;;;103
2025.09.17 06:15:00;Sell;0.01;EURGBPr;0.86896;0.01;2025.09.17 12:29:00;0.86796;;;200
2025.09.17 10:30:02;Buy;0.01;GBPUSDr;1.36357;0.01;2025.09.17 11:46:01;1.36459;;;149
2025.09.17 10:45:00;Sell;0.01;GBPJPYr;199.926;0.01;2025.09.17 11:41:01;199.823;;;103
2025.09.17 08:00:00;Buy;0.01;USDJPYr;146.461;0.01;2025.09.17 10:12:00;146.586;;;125
2025.09.17 03:38:01;Buy;0.01;USDJPYr;146.385;0.01;2025.09.17 03:45:00;146.49;;;105
2025.09.17 03:15:00;Buy;0.01;USDJPYr;146.252;0.01;2025.09.17 03:38:00;146.376;;;124
2025.09.15 09:15:00;Sell;0.01;GBPJPYr;200.114;0.01;2025.09.16 18:07:00;200.003;;;111
2025.09.09 19:45:00;Buy;0.01;EURGBPr;0.86585;0.01;2025.09.16 17:31:00;0.86693;;;216
2025.09.16 14:51:01;Sell;0.01;USDJPYr;146.929;0.01;2025.09.16 16:39:00;146.82;;;109
2025.09.16 13:15:00;Sell;0.01;USDJPYr;147.051;0.01;2025.09.16 14:51:00;146.938;;;113
2025.09.09 10:00:00;Buy;0.01;EURUSDr;1.17653;0.01;2025.09.16 05:21:11;1.17756;;;152
2025.09.16 02:00:01;Sell;0.01;USDJPYr;147.392;0.01;2025.09.16 04:47:00;147.276;;;116
2025.09.15 17:15:00;Sell;0.01;USDJPYr;147.393;0.01;2025.09.15 18:58:01;147.277;;;116
2025.09.15 11:18:09;Balance;;;;;;;;;-11000
2025.09.12 13:10:00;Sell;0.02;GBPJPYr;200.391;0.02;2025.09.15 07:03:01;199.95;;;882
2025.09.10 06:15:00;Sell;0.01;GBPJPYr;199.405;0.01;2025.09.15 07:03:01;199.95;;;-545
2025.09.15 02:00:01;Sell;0.01;USDJPYr;147.707;0.01;2025.09.15 03:44:01;147.606;;;101
2025.09.12 17:00:02;Buy;0.01;AUDNZDr;1.11577;0.01;2025.09.15 02:58:01;1.11684;;;94
2025.09.12 19:00:01;Sell;0.01;USDJPYr;147.851;0.01;2025.09.12 19:36:00;147.75;;;101
2025.09.12 19:15:01;Buy;0.01;GBPUSDr;1.35426;0.01;2025.09.12 19:29:02;1.35528;;;151
2025.09.12 13:11:01;Buy;0.01;GBPUSDr;1.35571;0.01;2025.09.12 17:22:00;1.35677;;;156
2025.09.12 16:05:01;Sell;0.01;USDJPYr;147.796;0.01;2025.09.12 17:01:00;147.686;;;110
2025.09.12 15:30:00;Sell;0.01;USDJPYr;147.916;0.01;2025.09.12 16:05:00;147.808;;;108
2025.09.12 13:45:00;Sell;0.01;EURUSDr;1.1733;0.01;2025.09.12 14:49:01;1.1722299999999999;;;158
2025.09.12 11:45:01;Sell;0.01;USDJPYr;147.873;0.01;2025.09.12 13:54:00;147.767;;;106
2025.09.12 11:30:00;Buy;0.01;GBPUSDr;1.35463;0.01;2025.09.12 13:11:00;1.35565;;;151
2025.09.12 08:45:00;Sell;0.01;EURUSDr;1.17322;0.01;2025.09.12 11:45:00;1.17214;;;160
2025.09.12 04:45:01;Sell;0.01;USDJPYr;147.371;0.01;2025.09.12 10:24:02;147.262;;;109
2025.09.11 18:30:00;Sell;0.01;EURUSDr;1.17372;0.01;2025.09.12 04:06:00;1.1727;;;150
2025.09.10 15:30:06;Buy;0.01;GBPUSDr;1.35657;0.01;2025.09.11 18:22:01;1.35776;;;175
2025.09.11 03:30:00;Buy;0.01;AUDCADr;0.91717;0.01;2025.09.11 16:04:00;0.91822;;;112
2025.09.09 14:30:00;Sell;0.01;USDJPYr;146.574;0.01;2025.09.11 15:36:00;147.368;;;-794
2025.09.11 13:10:00;Sell;0.03;USDJPYr;147.924;0.03;2025.09.11 15:36:00;147.368;;;1668
2025.09.10 03:15:00;Sell;0.02;USDJPYr;147.426;0.02;2025.09.11 15:36:00;147.368;;;116
2025.09.11 02:00:03;Sell;0.01;EURUSDr;1.17027;0.01;2025.09.11 08:55:24;1.16909;;;174
2025.09.05 17:56:00;Buy;0.02;AUDNZDr;1.11215;0.02;2025.09.11 02:55:02;1.11369;;;270
2025.09.05 09:45:00;Buy;0.01;AUDNZDr;1.1137;0.01;2025.09.11 02:55:02;1.11369;;;-1
2025.09.10 17:45:00;Sell;0.01;EURUSDr;1.17255;0.01;2025.09.10 18:59:04;1.17147;;;159
2025.09.10 15:00:00;Buy;0.01;GBPUSDr;1.35352;0.01;2025.09.10 15:30:05;1.3561;;;380
2025.09.10 12:00:00;Sell;0.01;EURJPYr;172.588;0.01;2025.09.10 13:33:00;172.489;;;99
2025.09.10 13:00:02;Sell;0.01;EURUSDr;1.17127;0.01;2025.09.10 13:25:01;1.17025;;;150
2025.09.10 11:45:01;Buy;0.01;AUDCADr;0.91407;0.01;2025.09.10 12:34:07;0.91512;;;112
2025.09.10 10:15:00;Buy;0.01;GBPUSDr;1.35298;0.01;2025.09.10 12:34:02;1.35422;;;183
2025.09.10 07:15:00;Sell;0.01;EURJPYr;172.629;0.01;2025.09.10 10:01:00;172.496;;;133
2025.09.10 06:15:00;Sell;0.01;EURUSDr;1.17075;0.01;2025.09.10 10:01:00;1.1691;;;243
2025.09.10 04:52:02;Buy;0.01;GBPUSDr;1.3526799999999999;0.01;2025.09.10 07:43:04;1.3537;;;150
2025.09.10 04:30:00;Buy;0.01;GBPUSDr;1.35161;0.01;2025.09.10 04:52:01;1.35262;;;149
2025.09.09 20:15:00;Buy;0.01;AUDCADr;0.91169;0.01;2025.09.10 03:59:00;0.9127;;;107
2025.09.09 18:15:00;Sell;0.01;EURJPYr;172.651;0.01;2025.09.09 18:43:00;172.548;;;103
2025.09.04 21:45:00;Sell;0.01;EURUSDr;1.16444;0.01;2025.09.09 18:22:00;1.17192;;;-1102
2025.09.09 08:20:02;Sell;0.02;EURUSDr;1.17719;0.02;2025.09.09 18:22:00;1.17192;;;1553
2025.09.09 15:45:00;Buy;0.01;GBPUSDr;1.355;0.01;2025.09.09 16:20:01;1.35601;;;148
2025.08.29 08:30:05;Sell;0.01;EURJPYr;171.418;0.01;2025.09.09 11:33:00;172.319;;;-901
2025.09.03 04:10:01;Sell;0.03;EURJPYr;173.023;0.03;2025.09.09 11:33:00;172.319;;;2112
2025.09.01 02:40:00;Sell;0.02;EURJPYr;172.013;0.02;2025.09.09 11:33:00;172.319;;;-612
2025.09.09 11:16:01;Sell;0.01;USDJPYr;146.996;0.01;2025.09.09 11:27:00;146.768;;;228
2025.09.04 19:45:00;Sell;0.01;EURGBPr;0.86716;0.01;2025.09.09 11:19:00;0.86615;;;201
2025.09.09 11:00:00;Sell;0.01;USDJPYr;147.206;0.01;2025.09.09 11:16:00;146.991;;;215
2025.09.09 06:25:00;Buy;0.01;EURUSDr;1.1764999999999999;0.01;2025.09.09 07:55:01;1.1775;;;147
2025.09.09 06:15:00;Sell;0.01;USDJPYr;147.339;0.01;2025.09.09 07:24:03;147.235;;;104
2025.09.08 20:45:01;Sell;0.01;GBPJPYr;199.941;0.01;2025.09.08 21:55:03;199.837;;;104
2025.09.08 19:50:01;Buy;0.01;EURUSDr;1.17385;0.01;2025.09.08 21:18:07;1.17504;;;176
2025.09.01 09:15:00;Sell;0.01;AUDNZDr;1.1090200000000001;0.01;2025.09.08 13:37:02;1.11097;;;-171
2025.09.03 19:35:01;Sell;0.03;AUDNZDr;1.11392;0.03;2025.09.08 13:37:02;1.11097;;;776
2025.09.01 21:00:03;Sell;0.02;AUDNZDr;1.11056;0.02;2025.09.08 13:37:02;1.11097;;;-72
2025.09.05 21:05:01;Buy;0.01;EURUSDr;1.17231;0.01;2025.09.08 11:01:00;1.17359;;;189
2025.09.08 08:15:01;Sell;0.01;USDJPYr;148.11;0.01;2025.09.08 09:16:00;147.993;;;117
2025.09.08 07:15:01;Buy;0.01;GBPUSDr;1.34882;0.01;2025.09.08 08:06:10;1.34989;;;159
2025.09.08 07:15:00;Sell;0.01;USDJPYr;148.235;0.01;2025.09.08 07:38:01;148.134;;;101
2025.09.08 05:00:01;Sell;0.01;GBPUSDr;1.35015;0.01;2025.09.08 07:11:00;1.34906;;;162
2025.09.08 03:15:01;Sell;0.01;USDJPYr;148.466;0.01;2025.09.08 03:56:00;148.34;;;126
2025.09.08 02:00:00;Sell;0.01;GBPJPYr;200.196;0.01;2025.09.08 02:01:00;200.067;;;129
2025.09.03 15:00:00;Sell;0.01;GBPUSDr;1.34112;0.01;2025.09.08 01:33:04;1.34874;;;-1130
2025.09.05 19:15:00;Sell;0.02;GBPUSDr;1.35413;0.02;2025.09.08 01:33:04;1.34874;;;1598
2025.09.06 01:26:04;Balance;;;;;;;;;-10000
2025.09.05 18:15:00;Sell;0.01;AUDUSDr;0.65617;0.01;2025.09.05 21:27:01;0.65516;;;149
2025.08.28 09:45:00;Sell;0.01;AUDJPYr;95.883;0.01;2025.09.05 18:11:01;96.333;;;-450
2025.09.02 09:35:00;Sell;0.02;AUDJPYr;96.762;0.02;2025.09.05 18:11:01;96.333;;;858
2025.09.05 15:45:00;Sell;0.01;AUDUSDr;0.65657;0.01;2025.09.05 17:38:00;0.65558;;;146
2025.09.04 05:45:00;Sell;0.01;GBPJPYr;198.975;0.01;2025.09.05 17:35:00;198.843;;;132
2025.09.02 05:15:00;Buy;0.01;GBPUSDr;1.35264;0.01;2025.09.05 16:42:00;1.35368;;;153
2025.09.04 02:45:01;Buy;0.01;AUDCADr;0.90242;0.01;2025.09.05 15:31:47;0.90482;;;257
2025.09.01 15:15:00;Buy;0.01;EURUSDr;1.1712500000000001;0.01;2025.09.05 15:30:03;1.17229;;;153
2025.09.04 06:00:00;Sell;0.01;USDJPYr;148.125;0.01;2025.09.05 15:08:00;147.992;;;133
2025.09.04 08:00:00;Buy;0.01;AUDUSDr;0.65285;0.01;2025.09.05 10:45:01;0.65391;;;157
2025.09.04 19:00:00;Sell;0.01;EURUSDr;1.16475;0.01;2025.09.04 19:10:00;1.16371;;;155
2025.09.04 05:00:00;Buy;0.01;AUDNZDr;1.11187;0.01;2025.09.04 15:21:00;1.11303;;;101
2025.09.03 12:30:01;Sell;0.01;AUDUSDr;0.65271;0.01;2025.09.04 14:07:05;0.65168;;;153
2025.09.04 02:00:00;Sell;0.01;EURGBPr;0.86761;0.01;2025.09.04 11:41:00;0.86651;;;219
2025.09.04 09:15:00;Sell;0.01;EURUSDr;1.16582;0.01;2025.09.04 10:22:01;1.16476;;;157
2025.09.03 17:51:01;Sell;0.01;EURUSDr;1.16649;0.01;2025.09.04 05:15:01;1.16545;;;154
2025.09.02 05:30:00;Sell;0.02;USDJPYr;147.647;0.02;2025.09.04 04:37:00;147.845;;;-396
2025.09.01 15:00:00;Sell;0.01;USDJPYr;147.157;0.01;2025.09.04 04:37:00;147.845;;;-688
2025.09.02 10:45:00;Sell;0.03;USDJPYr;148.46;0.03;2025.09.04 04:37:00;147.845;;;1845
2025.09.03 11:30:00;Sell;0.01;GBPJPYr;199.089;0.01;2025.09.03 19:02:00;198.948;;;141
2025.09.03 17:30:00;Sell;0.01;EURUSDr;1.1676199999999999;0.01;2025.09.03 17:51:00;1.16655;;;159
2025.09.03 11:04:01;Buy;0.01;AUDUSDr;0.65268;0.01;2025.09.03 14:53:00;0.65369;;;150
2025.09.03 12:00:00;Sell;0.01;GBPUSDr;1.3407200000000001;0.01;2025.09.03 13:50:01;1.33967;;;156
2025.09.03 12:00:00;Sell;0.01;EURUSDr;1.16563;0.01;2025.09.03 13:31:11;1.16458;;;156
2025.09.03 10:50:02;Buy;0.01;AUDCADr;0.89987;0.01;2025.09.03 12:37:00;0.90094;;;115
2025.09.03 10:30:00;Sell;0.01;EURGBPr;0.87026;0.01;2025.09.03 12:02:01;0.86924;;;203
2025.09.02 11:40:02;Buy;0.01;AUDUSDr;0.65161;0.01;2025.09.03 11:04:00;0.65262;;;150
2025.09.03 08:45:01;Buy;0.01;AUDCADr;0.89864;0.01;2025.09.03 10:50:01;0.89967;;;111
2025.09.03 08:25:05;Sell;0.01;EURUSDr;1.16344;0.01;2025.09.03 10:18:00;1.16241;;;153
2025.09.03 02:00:00;Sell;0.01;GBPJPYr;198.79;0.01;2025.09.03 07:51:01;198.682;;;108
2025.09.03 03:45:00;Buy;0.01;AUDCADr;0.89842;0.01;2025.09.03 04:37:00;0.89944;;;110
2025.09.02 20:45:05;Sell;0.01;GBPJPYr;198.671;0.01;2025.09.02 21:19:00;198.558;;;113
2025.09.02 17:00:00;Sell;0.01;EURUSDr;1.16513;0.01;2025.09.02 21:06:00;1.16399;;;169
2025.09.02 15:45:00;Buy;0.01;AUDNZDr;1.11083;0.01;2025.09.02 18:28:01;1.11183;;;87
2025.09.02 11:00:00;Buy;0.02;AUDCADr;0.89618;0.02;2025.09.02 17:23:00;0.89909;;;625
2025.09.01 21:00:07;Buy;0.01;AUDCADr;0.90141;0.01;2025.09.02 17:23:00;0.89909;;;-249
2025.08.29 15:30:00;Sell;0.01;GBPJPYr;198.118;0.01;2025.09.02 15:41:00;198.612;;;-494
2025.09.01 04:19:01;Sell;0.02;GBPJPYr;199.019;0.02;2025.09.02 15:41:00;198.612;;;814
2025.09.02 11:00:00;Buy;0.01;AUDUSDr;0.65046;0.01;2025.09.02 11:40:01;0.65155;;;162
2025.08.22 12:00:00;Sell;0.02;AUDCADr;0.89422;0.02;2025.09.02 10:41:00;0.89696;;;-591
2025.08.21 13:30:00;Sell;0.01;AUDCADr;0.89175;0.01;2025.09.02 10:41:00;0.89696;;;-562
2025.09.01 12:05:00;Sell;0.05;AUDCADr;0.90065;0.05;2025.09.02 10:41:00;0.89696;;;1991
2025.08.22 17:15:00;Sell;0.03;AUDCADr;0.89769;0.03;2025.09.02 10:41:00;0.89696;;;236
2025.09.01 12:13:00;Sell;0.02;AUDUSDr;0.65558;0.02;2025.09.02 10:25:00;0.65213;;;1023
2025.08.27 18:00:04;Sell;0.01;AUDUSDr;0.64854;0.01;2025.09.02 10:25:00;0.65213;;;-532
2025.09.01 12:05:01;Sell;0.02;EURUSDr;1.17316;0.02;2025.09.02 10:23:00;1.1679599999999999;;;1542
2025.08.27 18:45:00;Sell;0.01;EURUSDr;1.16106;0.01;2025.09.02 10:23:00;1.1679599999999999;;;-1023
2025.09.01 03:30:00;Sell;0.01;GBPUSDr;1.3511;0.01;2025.09.02 10:11:00;1.34944;;;246
2025.09.02 06:30:00;Buy;0.01;EURGBPr;0.86462;0.01;2025.09.02 10:06:00;0.86567;;;210
2025.09.02 03:30:00;Buy;0.01;AUDNZDr;1.1097;0.01;2025.09.02 04:30:00;1.11068;;;85
2025.09.01 05:30:00;Sell;0.01;EURGBPr;0.86562;0.01;2025.09.01 17:37:02;0.86461;;;201
2025.09.01 04:10:00;Buy;0.02;AUDNZDr;1.1086;0.02;2025.09.01 15:08:00;1.11026;;;288
2025.08.28 17:30:00;Buy;0.01;AUDNZDr;1.11053;0.01;2025.09.01 15:08:00;1.11026;;;-23
2025.09.01 10:45:00;Sell;0.01;USDJPYr;147.149;0.01;2025.09.01 11:02:00;147.034;;;115
2025.08.29 09:45:00;Buy;0.01;AUDCADr;0.89868;0.01;2025.09.01 09:42:00;0.89969;;;108
2025.09.01 02:00:00;Sell;0.01;USDJPYr;147.122;0.01;2025.09.01 05:54:09;147.018;;;104
2025.08.20 14:55:01;Sell;0.02;AUDNZDr;1.10425;0.02;2025.09.01 04:58:00;1.10768;;;-596
2025.08.20 05:15:01;Sell;0.01;AUDNZDr;1.10165;0.01;2025.09.01 04:58:00;1.10768;;;-524
2025.08.26 12:35:05;Sell;0.05;AUDNZDr;1.10909;0.05;2025.09.01 04:58:00;1.10768;;;613
2025.08.22 18:45:00;Sell;0.03;AUDNZDr;1.10631;0.03;2025.09.01 04:58:00;1.10768;;;-357
2025.08.27 04:46:00;Sell;0.08;AUDNZDr;1.1106;0.08;2025.09.01 04:58:00;1.10768;;;2031
2025.08.30 09:37:06;Balance;;;;;;;;;-10000
2025.08.29 06:15:03;Buy;0.01;GBPUSDr;1.34974;0.01;2025.08.29 17:58:00;1.3512;;;214
2025.08.29 14:00:00;Buy;0.01;EURUSDr;1.16683;0.01;2025.08.29 17:09:00;1.16785;;;150
2025.08.27 18:00:00;Sell;0.01;GBPUSDr;1.34601;0.01;2025.08.29 15:10:01;1.3449;;;163
2025.08.29 03:30:00;Buy;0.01;EURUSDr;1.16771;0.01;2025.08.29 11:34:02;1.16877;;;156
2025.08.25 20:00:00;Buy;0.01;EURGBPr;0.86414;0.01;2025.08.29 10:52:00;0.86515;;;200
2025.08.29 05:45:00;Buy;0.01;USDJPYr;146.886;0.01;2025.08.29 07:01:17;147.007;;;121
2025.08.28 15:30:12;Sell;0.01;EURJPYr;171.474;0.01;2025.08.29 05:02:00;171.361;;;113
2025.08.28 18:00:00;Buy;0.01;AUDCADr;0.89817;0.01;2025.08.29 05:00:00;0.89925;;;115
2025.08.29 03:22:01;Buy;0.01;USDJPYr;146.945;0.01;2025.08.29 04:27:00;147.078;;;133
2025.08.29 03:00:00;Buy;0.01;USDJPYr;146.838;0.01;2025.08.29 03:22:00;146.938;;;100
2025.08.29 02:18:01;Sell;0.01;GBPJPYr;198.454;0.01;2025.08.29 02:58:01;198.35;;;104
2025.08.29 02:00:01;Sell;0.01;GBPJPYr;198.593;0.01;2025.08.29 02:18:00;198.473;;;120
2025.08.28 17:30:00;Sell;0.01;GBPJPYr;198.694;0.01;2025.08.28 17:51:00;198.557;;;137
2025.08.28 16:53:01;Buy;0.01;GBPUSDr;1.35064;0.01;2025.08.28 17:11:00;1.3519;;;185
2025.08.28 16:30:00;Buy;0.01;GBPUSDr;1.34938;0.01;2025.08.28 16:53:00;1.35059;;;178
2025.08.28 10:30:00;Buy;0.01;AUDCADr;0.89747;0.01;2025.08.28 14:30:01;0.89848;;;108
2025.08.28 13:15:00;Sell;0.01;EURJPYr;171.432;0.01;2025.08.28 14:30:00;171.324;;;108
2025.08.28 10:45:01;Buy;0.01;EURUSDr;1.164;0.01;2025.08.28 12:40:06;1.1652;;;177
2025.08.28 11:30:00;Sell;0.01;USDJPYr;147.352;0.01;2025.08.28 11:42:00;147.235;;;117
2025.08.28 04:02:01;Sell;0.01;AUDJPYr;95.892;0.01;2025.08.28 08:18:00;95.79;;;102
2025.08.27 19:38:02;Sell;0.01;EURJPYr;171.425;0.01;2025.08.28 06:50:00;171.315;;;110
2025.08.28 03:54:01;Sell;0.01;GBPJPYr;198.921;0.01;2025.08.28 06:44:02;198.803;;;118
2025.08.28 03:15:00;Sell;0.01;AUDJPYr;96.019;0.01;2025.08.28 04:02:00;95.918;;;101
2025.08.28 03:15:00;Sell;0.01;GBPJPYr;199.046;0.01;2025.08.28 03:54:00;198.935;;;111
2025.08.25 18:15:00;Buy;0.01;GBPUSDr;1.34939;0.01;2025.08.28 02:40:00;1.3505099999999999;;;165
2025.08.27 15:15:00;Sell;0.01;GBPJPYr;198.926;0.01;2025.08.28 01:35:00;198.819;;;107
2025.08.27 11:32:00;Buy;0.02;AUDCADr;0.89625;0.02;2025.08.27 19:48:00;0.89817;;;410
2025.08.25 20:30:00;Buy;0.01;AUDCADr;0.89836;0.01;2025.08.27 19:48:00;0.89817;;;-20
2025.08.27 11:45:00;Buy;0.02;EURUSDr;1.15856;0.02;2025.08.27 19:48:00;1.1635900000000001;;;1483
2025.08.25 10:50:01;Buy;0.01;EURUSDr;1.17063;0.01;2025.08.27 19:48:00;1.1635900000000001;;;-1038
2025.08.27 19:00:00;Sell;0.01;EURJPYr;171.542;0.01;2025.08.27 19:38:01;171.436;;;106
2025.08.26 21:00:00;Sell;0.01;USDJPYr;147.381;0.01;2025.08.27 19:31:00;147.587;;;-206
2025.08.27 07:40:01;Sell;0.02;USDJPYr;147.916;0.02;2025.08.27 19:31:00;147.587;;;658
2025.08.27 05:15:01;Sell;0.01;GBPJPYr;198.845;0.01;2025.08.27 11:35:00;198.686;;;159
2025.08.26 09:45:00;Sell;0.01;AUDUSDr;0.64813;0.01;2025.08.27 11:17:02;0.64701;;;166
2025.08.22 15:00:00;Sell;0.01;EURUSDr;1.16045;0.01;2025.08.27 11:11:00;1.15943;;;151
2025.08.27 03:30:00;Sell;0.01;EURJPYr;171.666;0.01;2025.08.27 10:37:00;171.51;;;156
2025.08.27 04:45:00;Sell;0.01;AUDJPYr;95.954;0.01;2025.08.27 09:35:00;95.85;;;104
2025.08.26 12:30:00;Sell;0.01;GBPUSDr;1.3471199999999999;0.01;2025.08.27 06:24:01;1.34611;;;149
2025.08.26 14:45:04;Buy;0.01;AUDNZDr;1.1083;0.01;2025.08.27 04:21:00;1.10927;;;84
2025.08.26 19:30:00;Buy;0.01;AUDJPYr;95.633;0.01;2025.08.26 21:06:03;95.735;;;102
2025.08.26 05:15:03;Sell;0.01;GBPJPYr;198.602;0.01;2025.08.26 19:23:00;198.501;;;101
2025.08.26 05:00:00;Sell;0.01;USDJPYr;147.314;0.01;2025.08.26 19:21:00;147.171;;;143
2025.08.26 13:00:00;Sell;0.01;EURJPYr;171.789;0.01;2025.08.26 18:50:02;171.68;;;109
2025.08.26 12:00:00;Buy;0.01;AUDJPYr;95.588;0.01;2025.08.26 12:14:01;95.697;;;109
2025.08.26 11:00:01;Buy;0.01;AUDNZDr;1.10812;0.01;2025.08.26 12:04:00;1.10916;;;90
2025.08.26 05:15:01;Sell;0.01;EURJPYr;171.617;0.01;2025.08.26 11:20:00;171.493;;;124
2025.08.26 08:00:00;Sell;0.01;AUDJPYr;95.739;0.01;2025.08.26 11:00:00;95.624;;;115
2025.08.26 04:45:00;Buy;0.01;AUDJPYr;95.446;0.01;2025.08.26 05:15:03;95.555;;;109
2025.08.25 06:15:03;Sell;0.01;AUDUSDr;0.64872;0.01;2025.08.26 04:34:00;0.64773;;;146
2025.08.26 03:45:00;Sell;0.01;GBPUSDr;1.34859;0.01;2025.08.26 04:09:00;1.3473600000000001;;;181
2025.08.21 10:30:00;Sell;0.01;GBPJPYr;198.401;0.01;2025.08.26 03:58:00;198.302;;;99
2025.08.26 03:04:01;Sell;0.01;USDJPYr;147.633;0.01;2025.08.26 03:05:00;147.439;;;194
2025.08.26 02:45:00;Sell;0.01;USDJPYr;147.81;0.01;2025.08.26 03:04:00;147.641;;;169
2025.08.25 02:55:00;Sell;0.02;EURJPYr;172.424;0.02;2025.08.25 19:39:00;172.01;;;828
2025.08.21 09:33:02;Sell;0.01;EURJPYr;171.537;0.01;2025.08.25 19:39:00;172.01;;;-473
2025.08.25 17:00:00;Sell;0.01;GBPUSDr;1.3508499999999999;0.01;2025.08.25 18:10:00;1.34954;;;193
2025.08.25 13:00:00;Buy;0.01;AUDCADr;0.89762;0.01;2025.08.25 17:18:01;0.89867;;;112
2025.08.25 08:11:02;Buy;0.01;USDJPYr;147.356;0.01;2025.08.25 16:06:01;147.496;;;140
2025.08.22 20:00:00;Sell;0.01;EURGBPr;0.86669;0.01;2025.08.25 14:34:02;0.86561;;;215
2025.08.25 09:15:00;Sell;0.01;GBPUSDr;1.35181;0.01;2025.08.25 10:39:00;1.35072;;;161
2025.08.25 02:35:00;Buy;0.01;EURUSDr;1.17081;0.01;2025.08.25 09:30:02;1.17185;;;153
2025.08.25 04:15:00;Buy;0.01;AUDNZDr;1.10557;0.01;2025.08.25 08:46:00;1.10657;;;86
2025.08.25 07:45:03;Buy;0.01;USDJPYr;147.23;0.01;2025.08.25 08:11:01;147.344;;;114
2025.08.25 04:35:59;Balance;;;;;;;;;-21000
2025.08.22 18:00:00;Sell;0.01;AUDUSDr;0.64925;0.01;2025.08.25 03:10:09;0.64818;;;158
2025.08.22 13:30:00;Buy;0.01;AUDJPYr;95.457;0.01;2025.08.25 03:03:00;95.558;;;101
2025.08.13 20:00:00;Buy;0.01;EURUSDr;1.17071;0.01;2025.08.22 17:56:00;1.17171;;;147
2025.08.20 05:30:00;Buy;0.02;AUDUSDr;0.64345;0.02;2025.08.22 17:15:00;0.64769;;;1249
2025.08.14 12:00:00;Buy;0.01;AUDUSDr;0.65257;0.01;2025.08.22 17:15:00;0.64769;;;-719
2025.08.22 10:00:01;Buy;0.01;EURGBPr;0.86479;0.01;2025.08.22 17:10:00;0.86578;;;197
2025.08.20 21:45:00;Sell;0.01;USDJPYr;147.264;0.01;2025.08.22 17:02:00;147.583;;;-319
2025.08.21 18:20:00;Sell;0.03;USDJPYr;148.291;0.03;2025.08.22 17:02:00;147.583;;;2124
2025.08.21 13:30:00;Sell;0.02;USDJPYr;147.777;0.02;2025.08.22 17:02:00;147.583;;;388
2025.08.18 09:45:00;Buy;0.01;AUDCADr;0.89907;0.01;2025.08.22 17:01:01;0.89663;;;-260
2025.08.20 11:45:00;Buy;0.03;AUDCADr;0.89274;0.03;2025.08.22 17:01:01;0.89663;;;1243
2025.08.18 18:00:01;Buy;0.02;AUDCADr;0.89683;0.02;2025.08.22 17:01:01;0.89663;;;-43
2025.08.22 07:40:00;Buy;0.02;GBPUSDr;1.33997;0.02;2025.08.22 17:01:00;1.34702;;;2085
2025.08.14 15:45:00;Buy;0.01;GBPUSDr;1.35686;0.01;2025.08.22 17:01:00;1.34702;;;-1455
2025.08.21 21:00:01;Sell;0.01;EURGBPr;0.86538;0.01;2025.08.22 16:46:07;0.8643;;;215
2025.08.22 02:15:01;Buy;0.01;AUDNZDr;1.10352;0.01;2025.08.22 03:42:00;1.10458;;;92
2025.08.21 09:30:03;Buy;0.01;AUDNZDr;1.10315;0.01;2025.08.21 17:46:01;1.10417;;;88
2025.08.20 18:00:01;Buy;0.02;AUDJPYr;94.529;0.02;2025.08.21 17:36:00;95.167;;;1276
2025.08.14 04:00:00;Buy;0.01;AUDJPYr;96.143;0.01;2025.08.21 17:36:00;95.167;;;-976
2025.08.21 12:00:02;Sell;0.01;GBPUSDr;1.34659;0.01;2025.08.21 15:00:00;1.34549;;;163
2025.08.21 09:00:00;Sell;0.01;EURGBPr;0.86597;0.01;2025.08.21 12:45:01;0.86492;;;209
2025.08.20 09:45:00;Sell;0.01;EURUSDr;1.16365;0.01;2025.08.21 10:03:01;1.16265;;;148
2025.08.21 09:06:01;Sell;0.01;EURJPYr;171.67;0.01;2025.08.21 09:33:01;171.548;;;122
2025.08.21 08:45:00;Sell;0.01;EURJPYr;171.783;0.01;2025.08.21 09:06:00;171.683;;;100
2025.08.20 18:30:00;Sell;0.01;AUDCADr;0.89248;0.01;2025.08.21 05:31:01;0.89144;;;110
2025.08.21 03:01:01;Sell;0.01;GBPJPYr;198.277;0.01;2025.08.21 05:16:02;198.159;;;118
2025.08.20 21:45:00;Sell;0.01;EURJPYr;171.7;0.01;2025.08.21 03:01:00;171.594;;;106
2025.08.21 02:45:01;Sell;0.01;GBPJPYr;198.383;0.01;2025.08.21 03:01:00;198.291;;;92
2025.08.20 12:13:03;Sell;0.01;EURJPYr;171.662;0.01;2025.08.20 16:55:00;171.56;;;102
2025.08.20 09:30:00;Sell;0.01;GBPJPYr;198.748;0.01;2025.08.20 15:59:00;198.634;;;114
2025.08.19 18:45:02;Buy;0.01;EURGBPr;0.86399;0.01;2025.08.20 15:54:05;0.86505;;;211
2025.08.20 15:06:01;Sell;0.01;USDJPYr;147.419;0.01;2025.08.20 15:35:00;147.318;;;101
2025.08.20 14:45:02;Sell;0.01;USDJPYr;147.531;0.01;2025.08.20 15:06:00;147.432;;;99
2025.08.20 09:56:01;Sell;0.01;GBPUSDr;1.34904;0.01;2025.08.20 14:48:04;1.34803;;;149
2025.08.20 10:45:00;Sell;0.01;USDJPYr;147.578;0.01;2025.08.20 12:31:00;147.453;;;125
2025.08.20 10:45:00;Sell;0.01;EURJPYr;171.785;0.01;2025.08.20 12:13:02;171.673;;;112
2025.08.20 08:00:01;Sell;0.01;AUDCADr;0.89363;0.01;2025.08.20 11:19:00;0.8926;;;110
2025.08.20 09:15:00;Sell;0.01;GBPUSDr;1.35015;0.01;2025.08.20 09:56:00;1.3491;;;155
2025.08.20 09:15:00;Sell;0.01;GBPJPYr;198.852;0.01;2025.08.20 09:17:00;198.741;;;111
2025.08.20 09:00:03;Sell;0.01;GBPJPYr;198.979;0.01;2025.08.20 09:08:01;198.805;;;174
2025.08.20 08:50:00;Sell;0.01;EURUSDr;1.16379;0.01;2025.08.20 09:07:00;1.16269;;;162
2025.08.20 08:00:00;Sell;0.01;EURJPYr;171.691;0.01;2025.08.20 08:47:00;171.591;;;100
2025.08.15 19:00:00;Sell;0.01;USDJPYr;146.999;0.01;2025.08.20 08:43:00;147.458;;;-459
2025.08.18 16:30:00;Sell;0.02;USDJPYr;147.837;0.02;2025.08.20 08:43:00;147.458;;;758
2025.08.20 04:15:00;Sell;0.01;AUDCADr;0.89466;0.01;2025.08.20 05:07:00;0.89356;;;117
2025.08.18 19:40:00;Buy;0.02;AUDNZDr;1.0962;0.02;2025.08.20 05:01:00;1.09888;;;463
2025.08.18 03:15:00;Buy;0.01;AUDNZDr;1.09809;0.01;2025.08.20 05:01:00;1.09888;;;68
2025.08.19 17:20:00;Buy;0.03;AUDNZDr;1.09437;0.03;2025.08.20 05:01:00;1.09888;;;1170
2025.08.20 03:57:01;Sell;0.01;EURJPYr;171.778;0.01;2025.08.20 04:28:00;171.636;;;142
2025.08.20 03:55:01;Sell;0.01;GBPJPYr;199.026;0.01;2025.08.20 03:58:00;198.885;;;141
2025.08.20 02:00:00;Sell;0.01;EURJPYr;171.931;0.01;2025.08.20 03:57:00;171.795;;;136
2025.08.20 02:15:00;Sell;0.01;GBPJPYr;199.167;0.01;2025.08.20 03:55:00;199.056;;;111
2025.08.06 12:45:02;Sell;0.01;GBPUSDr;1.32969;0.01;2025.08.19 21:22:00;1.34825;;;-2737
2025.08.14 02:50:00;Sell;0.03;GBPUSDr;1.35837;0.03;2025.08.19 21:22:00;1.34825;;;4477
2025.08.08 21:00:00;Sell;0.02;GBPUSDr;1.3454;0.02;2025.08.19 21:22:00;1.34825;;;-841
2025.08.19 09:45:14;Sell;0.01;EURUSDr;1.16631;0.01;2025.08.19 21:04:00;1.16531;;;147
2025.08.18 02:35:03;Sell;0.02;EURJPYr;172.426;0.02;2025.08.19 20:02:00;172.029;;;794
2025.08.14 16:15:00;Sell;0.01;EURJPYr;171.537;0.01;2025.08.19 20:02:00;172.029;;;-492
2025.08.19 10:15:03;Sell;0.01;AUDCADr;0.89606;0.01;2025.08.19 19:43:00;0.89508;;;104
2025.08.19 10:45:01;Sell;0.01;GBPJPYr;199.652;0.01;2025.08.19 16:42:01;199.531;;;121
2025.08.18 03:00:00;Buy;0.01;EURGBPr;0.8636;0.01;2025.08.19 16:12:00;0.8646;;;200
2025.08.19 08:15:00;Sell;0.01;EURUSDr;1.16633;0.01;2025.08.19 09:01:00;1.16523;;;162
2025.08.19 03:00:00;Sell;0.01;AUDCADr;0.8963;0.01;2025.08.19 09:00:00;0.89514;;;124
2025.08.19 08:36:02;Sell;0.01;GBPJPYr;199.488;0.01;2025.08.19 08:46:00;199.386;;;102
2025.08.19 06:45:00;Sell;0.01;GBPJPYr;199.607;0.01;2025.08.19 08:36:01;199.503;;;104
2025.08.15 03:55:00;Sell;0.01;EURUSDr;1.16509;0.01;2025.08.19 04:32:00;1.1639599999999999;;;167
2025.08.19 02:00:00;Sell;0.01;GBPJPYr;199.779;0.01;2025.08.19 03:21:00;199.66;;;119
2025.08.18 15:15:00;Sell;0.01;GBPJPYr;199.841;0.01;2025.08.18 18:50:00;199.723;;;118
2025.08.18 16:00:00;Sell;0.01;AUDJPYr;96.125;0.01;2025.08.18 17:14:00;96.022;;;103
2025.08.15 17:12:01;Sell;0.02;AUDCADr;0.89934;0.02;2025.08.18 15:19:00;0.89762;;;368
2025.08.15 04:15:01;Sell;0.01;AUDCADr;0.89725;0.01;2025.08.18 15:19:00;0.89762;;;-40
2025.08.15 13:45:01;Sell;0.02;AUDNZDr;1.0984;0.02;2025.08.18 13:05:00;1.09683;;;275
2025.08.14 05:15:00;Sell;0.01;AUDNZDr;1.09672;0.01;2025.08.18 13:05:00;1.09683;;;-10
2025.08.18 05:00:23;Sell;0.01;AUDUSDr;0.65196;0.01;2025.08.18 11:03:00;0.65082;;;168
2025.08.15 19:45:01;Sell;0.01;GBPJPYr;199.507;0.01;2025.08.18 10:15:00;199.397;;;110
2025.08.15 17:15:00;Sell;0.01;USDJPYr;146.918;0.01;2025.08.15 17:46:01;146.806;;;112
2025.08.15 16:49:02;Sell;0.01;GBPJPYr;199.314;0.01;2025.08.15 17:46:01;199.215;;;99
2025.08.14 04:15:00;Buy;0.01;EURGBPr;0.86195;0.01;2025.08.15 17:02:00;0.86297;;;203
2025.08.15 16:30:00;Sell;0.01;GBPJPYr;199.431;0.01;2025.08.15 16:49:01;199.332;;;99
2025.08.15 16:30:00;Sell;0.01;USDJPYr;147.026;0.01;2025.08.15 16:49:01;146.878;;;148
2025.08.14 16:15:00;Sell;0.01;GBPJPYr;199.277;0.01;2025.08.15 11:05:00;199.173;;;104
2025.08.14 12:00:01;Sell;0.01;USDJPYr;146.545;0.01;2025.08.15 10:58:00;147.01;;;-465
2025.08.14 17:30:00;Sell;0.02;USDJPYr;147.394;0.02;2025.08.15 10:58:00;147.01;;;768
2025.08.15 05:30:00;Buy;0.01;AUDCADr;0.89638;0.01;2025.08.15 06:08:00;0.89737;;;106
2025.08.12 08:15:01;Buy;0.01;AUDNZDr;1.09662;0.01;2025.08.14 21:06:05;1.09765;;;90
2025.08.13 10:30:01;Sell;0.02;EURUSDr;1.17068;0.02;2025.08.14 17:03:00;1.1649;;;1705
2025.08.05 18:00:00;Sell;0.01;EURUSDr;1.1565;0.01;2025.08.14 17:03:00;1.1649;;;-1239
2025.08.06 08:05:00;Sell;0.02;AUDCADr;0.89387;0.02;2025.08.14 17:03:00;0.8963;;;-519
2025.08.04 02:45:01;Sell;0.01;AUDCADr;0.89108;0.01;2025.08.14 17:03:00;0.8963;;;-558
2025.08.12 21:47:02;Sell;0.05;AUDCADr;0.89955;0.05;2025.08.14 17:03:00;0.8963;;;1736
2025.08.08 18:25:00;Sell;0.03;AUDCADr;0.89753;0.03;2025.08.14 17:03:00;0.8963;;;394
2025.08.13 10:00:00;Sell;0.02;AUDUSDr;0.65434;0.02;2025.08.14 15:31:00;0.65076;;;1052
2025.08.05 19:15:00;Sell;0.01;AUDUSDr;0.64713;0.01;2025.08.14 15:31:00;0.65076;;;-534
2025.08.14 13:00:00;Sell;0.01;GBPJPYr;199.091;0.01;2025.08.14 14:02:00;198.972;;;119
2025.08.08 13:05:00;Sell;0.02;GBPJPYr;198.552;0.02;2025.08.14 07:53:00;198.697;;;-290
2025.08.06 09:00:00;Sell;0.01;GBPJPYr;196.178;0.01;2025.08.14 07:53:00;198.697;;;-2519
2025.08.12 12:00:00;Sell;0.03;GBPJPYr;199.891;0.03;2025.08.14 07:53:00;198.697;;;3582
2025.08.13 19:00:00;Buy;0.01;AUDCADr;0.90095;0.01;2025.08.14 04:31:18;0.90223;;;136
2025.08.11 20:15:00;Sell;0.01;EURJPYr;171.772;0.01;2025.08.14 04:02:00;171.65;;;122
2025.08.11 12:00:00;Sell;0.01;AUDJPYr;96.178;0.01;2025.08.14 04:02:00;96.075;;;103
2025.08.13 18:30:00;Sell;0.01;USDJPYr;147.243;0.01;2025.08.14 02:57:03;147.138;;;105
2025.08.13 16:00:00;Buy;0.01;EURUSDr;1.1699;0.01;2025.08.13 17:12:00;1.17095;;;155
2025.08.13 15:45:00;Sell;0.01;USDJPYr;147.394;0.01;2025.08.13 16:52:00;147.274;;;120
2025.08.11 10:10:00;Sell;0.02;AUDNZDr;1.09677;0.02;2025.08.13 10:47:01;1.09499;;;314
2025.08.08 08:00:01;Sell;0.01;AUDNZDr;1.0944099999999999;0.01;2025.08.13 10:47:01;1.09499;;;-51
2025.08.13 03:15:01;Sell;0.01;USDJPYr;147.828;0.01;2025.08.13 10:10:01;147.721;;;107
2025.08.13 08:50:00;Buy;0.01;EURUSDr;1.16789;0.01;2025.08.13 09:38:01;1.16902;;;167
2025.08.13 02:00:00;Buy;0.01;AUDCADr;0.89894;0.01;2025.08.13 07:50:00;0.89998;;;112
2025.08.12 12:00:00;Buy;0.02;EURGBPr;0.8624;0.02;2025.08.13 05:53:01;0.86529;;;1156
2025.08.08 03:45:01;Buy;0.01;EURGBPr;0.86798;0.01;2025.08.13 05:53:01;0.86529;;;-538
2025.08.13 02:00:11;Balance;;;;;;;;;-5000
2025.08.11 10:15:05;Buy;0.01;EURUSDr;1.16597;0.01;2025.08.12 18:24:01;1.16703;;;157
2025.08.12 09:00:00;Buy;0.01;AUDUSDr;0.64974;0.01;2025.08.12 15:42:00;0.65106;;;195
2025.08.12 08:45:00;Buy;0.01;AUDCADr;0.8958;0.01;2025.08.12 15:42:00;0.89687;;;115
2025.08.12 07:30:04;Sell;0.02;USDJPYr;148.42;0.02;2025.08.12 15:42:00;148;;;840
2025.08.11 12:00:00;Sell;0.01;USDJPYr;147.52;0.01;2025.08.12 15:42:00;148;;;-480
2025.08.11 14:30:00;Buy;0.01;GBPUSDr;1.34356;0.01;2025.08.12 10:06:01;1.34463;;;159
2025.08.11 12:30:00;Buy;0.01;AUDCADr;0.89738;0.01;2025.08.12 06:07:00;0.89842;;;112
2025.08.12 04:30:00;Buy;0.01;AUDNZDr;1.09671;0.01;2025.08.12 05:25:00;1.09772;;;89
2025.08.11 16:00:00;Buy;0.01;AUDUSDr;0.65071;0.01;2025.08.12 03:16:02;0.65178;;;159
2025.08.11 14:15:00;Sell;0.01;EURJPYr;172.042;0.01;2025.08.11 14:46:00;171.937;;;105
2025.08.05 12:45:00;Sell;0.01;EURJPYr;170.332;0.01;2025.08.11 11:03:01;171.655;;;-1323
2025.08.11 06:00:00;Sell;0.03;EURJPYr;172.137;0.03;2025.08.11 11:03:01;171.655;;;1446
2025.08.07 12:00:00;Sell;0.02;EURJPYr;171.904;0.02;2025.08.11 11:03:01;171.655;;;498
2025.08.08 12:35:00;Sell;0.02;USDJPYr;147.644;0.02;2025.08.11 11:02:00;147.37;;;548
2025.08.08 04:00:00;Sell;0.01;USDJPYr;147.14;0.01;2025.08.11 11:02:00;147.37;;;-230
2025.08.11 05:15:00;Buy;0.01;AUDNZDr;1.09537;0.01;2025.08.11 09:33:01;1.09637;;;88
2025.08.11 02:30:00;Buy;0.01;AUDCADr;0.89634;0.01;2025.08.11 09:07:02;0.89745;;;119
2025.08.11 02:00:00;Buy;0.01;EURUSDr;1.16475;0.01;2025.08.11 04:59:00;1.16575;;;148
2025.08.08 20:45:02;Sell;0.01;AUDJPYr;96.455;0.01;2025.08.08 22:48:01;96.35;;;105
2025.08.07 18:40:00;Buy;0.02;AUDNZDr;1.09392;0.02;2025.08.08 17:19:04;1.09574;;;320
2025.08.06 16:00:00;Buy;0.01;AUDNZDr;1.09628;0.01;2025.08.08 17:19:04;1.09574;;;-48
2025.08.08 11:45:00;Buy;0.01;EURUSDr;1.1645699999999999;0.01;2025.08.08 17:05:00;1.16566;;;161
2025.08.08 12:00:00;Buy;0.01;AUDCADr;0.89561;0.01;2025.08.08 15:31:31;0.89699;;;148
2025.08.08 08:15:01;Buy;0.01;EURUSDr;1.16539;0.01;2025.08.08 10:42:03;1.16642;;;152
2025.08.08 03:45:01;Buy;0.01;AUDCADr;0.89592;0.01;2025.08.08 10:05:00;0.89697;;;113
2025.08.08 02:30:01;Buy;0.01;AUDJPYr;95.837;0.01;2025.08.08 03:14:00;95.941;;;104
2025.08.07 18:15:00;Buy;0.02;AUDCADr;0.89381;0.02;2025.08.07 22:47:00;0.8955;;;361
2025.08.07 14:15:02;Buy;0.01;AUDCADr;0.89584;0.01;2025.08.07 22:47:00;0.8955;;;-36
2025.08.07 17:15:00;Sell;0.01;USDJPYr;147.249;0.01;2025.08.07 22:43:00;147.146;;;103
2025.08.07 17:15:00;Buy;0.01;EURUSDr;1.16376;0.01;2025.08.07 22:42:01;1.16478;;;150
2025.08.07 11:00:00;Sell;0.01;AUDNZDr;1.096;0.01;2025.08.07 16:59:00;1.09499;;;89
2025.08.07 12:00:00;Sell;0.01;AUDJPYr;96.091;0.01;2025.08.07 15:37:00;95.987;;;104
2025.08.05 18:45:01;Sell;0.01;EURGBPr;0.87034;0.01;2025.08.07 14:07:01;0.86934;;;198
2025.08.07 13:51:14;Balance;;;;;;;;;-26000
2025.08.07 09:45:00;Buy;0.01;AUDJPYr;95.92;0.01;2025.08.07 11:04:01;96.026;;;106
2025.08.05 10:15:00;Sell;0.02;AUDNZDr;1.09657;0.02;2025.08.07 09:08:00;1.09488;;;296
2025.08.04 21:30:01;Sell;0.01;AUDNZDr;1.09468;0.01;2025.08.07 09:08:00;1.09488;;;-18
2025.07.30 15:45:00;Buy;0.02;AUDUSDr;0.64779;0.02;2025.08.07 09:03:01;0.65182;;;1187
2025.07.28 07:00:02;Buy;0.01;AUDUSDr;0.6568;0.01;2025.08.07 09:03:01;0.65182;;;-733
2025.08.06 15:45:00;Buy;0.01;AUDCADr;0.89375;0.01;2025.08.07 08:59:00;0.89474;;;106
2025.08.07 03:30:00;Sell;0.01;USDJPYr;147.376;0.01;2025.08.07 08:02:01;147.271;;;105
2025.08.07 03:34:01;Buy;0.01;AUDJPYr;95.844;0.01;2025.08.07 04:26:00;95.971;;;127
2025.08.07 02:30:00;Buy;0.01;AUDJPYr;95.728;0.01;2025.08.07 03:34:00;95.831;;;103
2025.08.06 21:30:01;Buy;0.01;AUDJPYr;95.715;0.01;2025.08.06 23:38:00;95.916;;;201
2025.08.06 20:00:00;Sell;0.01;USDJPYr;147.346;0.01;2025.08.06 20:34:00;147.241;;;105
2025.08.06 10:40:05;Sell;0.02;USDJPYr;147.6;0.02;2025.08.06 16:52:01;147.267;;;666
2025.08.05 04:45:02;Sell;0.01;USDJPYr;146.968;0.01;2025.08.06 16:52:01;147.267;;;-299
2025.08.06 11:30:00;Buy;0.01;AUDCADr;0.89376;0.01;2025.08.06 14:58:00;0.89479;;;110
2025.08.06 10:30:01;Buy;0.01;GBPUSDr;1.32939;0.01;2025.08.06 13:09:00;1.33047;;;160
2025.08.06 02:30:07;Buy;0.01;AUDNZDr;1.09552;0.01;2025.08.06 11:38:00;1.09653;;;88
2025.08.06 03:15:00;Sell;0.01;GBPUSDr;1.33025;0.01;2025.08.06 10:34:01;1.32915;;;162
2025.08.06 02:15:00;Sell;0.01;GBPJPYr;196.28;0.01;2025.08.06 06:25:00;196.17;;;110
2025.08.06 04:30:00;Buy;0.01;EURUSDr;1.15661;0.01;2025.08.06 06:22:00;1.15758;;;143
2025.08.05 18:45:01;Sell;0.01;GBPUSDr;1.3306499999999999;0.01;2025.08.05 21:47:01;1.32948;;;173
2025.08.05 18:00:00;Buy;0.01;AUDCADr;0.89092;0.01;2025.08.05 19:31:00;0.89192;;;107
2025.08.05 16:30:00;Buy;0.01;GBPJPYr;196.173;0.01;2025.08.05 18:50:00;196.284;;;111
2025.08.05 04:00:00;Buy;0.01;EURUSDr;1.1571500000000001;0.01;2025.08.05 18:22:05;1.15817;;;150
2025.08.05 09:26:02;Buy;0.01;GBPUSDr;1.32923;0.01;2025.08.05 18:06:00;1.33051;;;189
2025.08.05 16:45:00;Sell;0.01;EURUSDr;1.15495;0.01;2025.08.05 16:52:02;1.15387;;;160
2025.08.05 16:15:00;Buy;0.01;GBPJPYr;196.012;0.01;2025.08.05 16:24:00;196.119;;;107
2025.08.04 21:05:02;Buy;0.02;AUDCADr;0.89037;0.02;2025.08.05 15:57:00;0.89205;;;360
2025.08.04 13:45:00;Buy;0.01;AUDCADr;0.89237;0.01;2025.08.05 15:57:00;0.89205;;;-34
2025.08.05 03:10:00;Buy;0.02;AUDJPYr;95.053;0.02;2025.08.05 13:15:00;95.399;;;692
2025.08.04 11:15:00;Buy;0.01;AUDJPYr;95.792;0.01;2025.08.05 13:15:00;95.399;;;-393
2025.08.05 12:00:00;Sell;0.01;EURJPYr;170.268;0.01;2025.08.05 12:05:00;170.149;;;119
2025.08.05 08:30:00;Buy;0.01;GBPJPYr;195.358;0.01;2025.08.05 09:31:02;195.479;;;121
2025.08.05 06:30:00;Buy;0.01;GBPUSDr;1.32803;0.01;2025.08.05 09:26:01;1.32916;;;166
2025.08.05 08:00:00;Sell;0.01;GBPUSDr;1.3285;0.01;2025.08.05 08:36:03;1.32747;;;152
2025.08.05 05:45:01;Sell;0.01;EURJPYr;170.12;0.01;2025.08.05 07:43:00;169.99;;;130
2025.08.05 02:00:01;Sell;0.01;GBPUSDr;1.32934;0.01;2025.08.05 05:33:00;1.32812;;;180
2025.08.05 03:15:00;Buy;0.01;AUDNZDr;1.09409;0.01;2025.08.05 04:31:00;1.09515;;;92
2025.08.04 21:30:00;Sell;0.01;EURUSDr;1.15717;0.01;2025.08.05 04:12:03;1.15609;;;159
2025.08.04 20:30:05;Sell;0.01;EURGBPr;0.87106;0.01;2025.08.05 04:06:00;0.87006;;;195
2025.08.05 03:15:00;Buy;0.01;GBPJPYr;195.168;0.01;2025.08.05 03:30:00;195.271;;;103
2025.08.05 03:00:00;Sell;0.01;EURJPYr;170.021;0.01;2025.08.05 03:05:00;169.909;;;112
2025.08.05 02:45:01;Sell;0.01;EURJPYr;170.146;0.01;2025.08.05 02:56:03;170.04;;;106
2025.08.04 18:17:01;Buy;0.01;EURUSDr;1.1575199999999999;0.01;2025.08.05 02:33:00;1.15852;;;147
2025.07.31 09:15:00;Sell;0.01;EURJPYr;170.227;0.01;2025.08.04 19:04:01;170.102;;;125
2025.08.04 04:00:00;Sell;0.01;AUDUSDr;0.64733;0.01;2025.08.04 18:32:00;0.64631;;;150
2025.08.04 18:00:00;Buy;0.01;EURUSDr;1.15638;0.01;2025.08.04 18:17:00;1.15748;;;162
2025.07.24 18:30:00;Buy;0.01;GBPUSDr;1.35377;0.01;2025.08.04 17:27:00;1.33271;;;-3095
2025.07.31 17:15:02;Buy;0.03;GBPUSDr;1.31976;0.03;2025.08.04 17:27:00;1.33271;;;5709
2025.07.28 20:15:02;Buy;0.02;GBPUSDr;1.33757;0.02;2025.08.04 17:27:00;1.33271;;;-1428
2025.08.04 04:15:00;Sell;0.01;AUDNZDr;1.09534;0.01;2025.08.04 16:46:00;1.09433;;;88
2025.08.04 10:15:00;Sell;0.01;GBPJPYr;196.253;0.01;2025.08.04 14:42:00;196.145;;;108
2025.08.04 09:25:00;Buy;0.01;EURUSDr;1.15703;0.01;2025.08.04 14:15:00;1.15835;;;195
2025.08.04 13:07:01;Sell;0.01;GBPUSDr;1.32846;0.01;2025.08.04 13:24:01;1.32725;;;179
2025.08.04 12:30:00;Sell;0.01;EURUSDr;1.15704;0.01;2025.08.04 13:20:00;1.1559;;;168
2025.08.04 12:30:01;Sell;0.01;GBPUSDr;1.32966;0.01;2025.08.04 13:07:00;1.32861;;;155
2025.08.04 10:15:01;Sell;0.01;USDJPYr;147.847;0.01;2025.08.04 12:34:00;147.746;;;101
2025.08.04 10:30:00;Buy;0.01;AUDCADr;0.89215;0.01;2025.08.04 12:12:00;0.89316;;;108
2025.08.04 06:00:01;Sell;0.01;EURGBPr;0.87158;0.01;2025.08.04 10:49:00;0.87058;;;196
2025.08.04 05:30:02;Sell;0.01;EURUSDr;1.15745;0.01;2025.08.04 10:09:02;1.15645;;;148
2025.08.04 07:45:00;Sell;0.01;USDJPYr;147.657;0.01;2025.08.04 09:48:01;147.546;;;111
2025.08.04 04:45:00;Sell;0.01;GBPJPYr;196.153;0.01;2025.08.04 09:47:00;196.052;;;101
2025.08.04 05:30:00;Sell;0.01;GBPUSDr;1.3281100000000001;0.01;2025.08.04 09:29:02;1.32713;;;145
2025.08.04 08:45:01;Buy;0.01;EURUSDr;1.15714;0.01;2025.08.04 09:17:00;1.15824;;;162
2025.08.04 03:45:04;Buy;0.01;EURUSDr;1.15617;0.01;2025.08.04 04:58:00;1.15717;;;148
2025.07.28 11:25:00;Buy;0.02;AUDCADr;0.89585;0.02;2025.08.04 04:36:00;0.89307;;;-596
2025.07.28 06:15:00;Buy;0.01;AUDCADr;0.90023;0.01;2025.08.04 04:36:00;0.89307;;;-768
2025.08.01 20:45:00;Buy;0.05;AUDCADr;0.88932;0.05;2025.08.04 04:36:00;0.89307;;;2010
2025.07.30 16:50:00;Buy;0.03;AUDCADr;0.8918;0.03;2025.08.04 04:36:00;0.89307;;;408
2025.08.04 03:18:01;Sell;0.01;GBPUSDr;1.32696;0.01;2025.08.04 04:10:00;1.32574;;;180
2025.08.04 02:15:00;Sell;0.01;GBPUSDr;1.32809;0.01;2025.08.04 03:18:00;1.32703;;;156
2025.08.04 03:00:00;Sell;0.01;EURUSDr;1.15875;0.01;2025.08.04 03:13:01;1.15756;;;176
2025.08.01 15:50:00;Sell;0.02;AUDNZDr;1.09476;0.02;2025.08.01 22:33:00;1.0926;;;376
2025.08.01 02:15:02;Sell;0.01;AUDNZDr;1.09139;0.01;2025.08.01 22:33:00;1.0926;;;-105
2025.08.01 21:45:00;Sell;0.01;EURUSDr;1.15458;0.01;2025.08.01 21:55:01;1.15353;;;155
2025.08.01 02:00:00;Sell;0.01;AUDCADr;0.89103;0.01;2025.08.01 20:03:00;0.88995;;;116
2025.08.01 17:52:01;Sell;0.01;EURUSDr;1.1552;0.01;2025.08.01 18:27:01;1.15416;;;154
2025.08.01 17:30:00;Sell;0.01;EURUSDr;1.15677;0.01;2025.08.01 17:52:00;1.15517;;;237
2025.08.01 16:45:00;Sell;0.01;EURUSDr;1.15676;0.01;2025.08.01 16:48:00;1.15563;;;168
2025.08.01 16:30:00;Sell;0.01;AUDUSDr;0.6489;0.01;2025.08.01 16:41:00;0.64787;;;153
2025.07.31 08:00:00;Sell;0.01;AUDJPYr;96.282;0.01;2025.08.01 16:23:00;96.18;;;102
2025.07.31 09:45:00;Sell;0.01;GBPJPYr;197.677;0.01;2025.08.01 15:58:00;197.499;;;178
2025.07.29 07:25:00;Buy;0.02;EURUSDr;1.1580300000000001;0.02;2025.08.01 15:47:00;1.15384;;;-1247
2025.07.28 05:05:01;Buy;0.01;EURUSDr;1.17508;0.01;2025.08.01 15:47:00;1.15384;;;-3162
2025.07.31 16:40:01;Buy;0.03;EURUSDr;1.14135;0.03;2025.08.01 15:47:00;1.15384;;;5578
2025.07.31 16:30:00;Sell;0.02;USDJPYr;150.341;0.02;2025.08.01 13:34:00;150.344;;;-6
2025.07.31 11:30:01;Sell;0.01;USDJPYr;149.52;0.01;2025.08.01 13:34:00;150.344;;;-824
2025.08.01 05:05:00;Sell;0.03;USDJPYr;150.832;0.03;2025.08.01 13:34:00;150.344;;;1464
2025.08.01 07:55:06;Sell;0.01;EURUSDr;1.14202;0.01;2025.08.01 11:49:00;1.14092;;;166
2025.07.30 07:15:02;Buy;0.01;EURGBPr;0.86528;0.01;2025.08.01 11:31:02;0.86641;;;224
2025.08.01 02:10:02;Sell;0.01;EURUSDr;1.1421999999999999;0.01;2025.08.01 04:42:00;1.14109;;;167
2025.07.30 04:30:00;Buy;0.01;AUDNZDr;1.09303;0.01;2025.08.01 04:21:00;1.09303;;;0
2025.07.30 12:40:01;Buy;0.02;AUDNZDr;1.09119;0.02;2025.08.01 04:21:00;1.09303;;;327
2025.07.31 17:45:00;Sell;0.01;EURUSDr;1.14411;0.01;2025.07.31 18:51:00;1.14306;;;158
2025.07.31 10:45:00;Sell;0.01;AUDNZDr;1.09183;0.01;2025.07.31 17:55:00;1.09082;;;90
2025.07.31 04:45:00;Sell;0.01;AUDCADr;0.8914;0.01;2025.07.31 16:10:00;0.89038;;;111
2025.07.31 07:55:01;Sell;0.01;EURUSDr;1.14312;0.01;2025.07.31 16:09:00;1.14196;;;174
2025.07.31 10:45:00;Sell;0.01;USDJPYr;149.65;0.01;2025.07.31 10:51:00;149.544;;;106
2025.07.30 16:15:00;Buy;0.01;AUDJPYr;96.198;0.01;2025.07.31 09:21:00;96.301;;;103
2025.07.31 08:30:00;Sell;0.01;EURJPYr;170.322;0.01;2025.07.31 08:43:00;170.221;;;101
2025.07.31 02:00:00;Sell;0.01;AUDCADr;0.8911;0.01;2025.07.31 04:08:00;0.8901;;;108
2025.07.31 02:00:00;Sell;0.01;GBPJPYr;197.888;0.01;2025.07.31 03:02:00;197.79;;;98
2025.07.30 19:05:00;Sell;0.02;USDJPYr;149.068;0.02;2025.07.30 21:09:01;148.69;;;756
2025.07.30 15:00:00;Sell;0.01;USDJPYr;148.304;0.01;2025.07.30 21:09:01;148.69;;;-386
2025.07.30 18:45:00;Sell;0.01;GBPJPYr;197.889;0.01;2025.07.30 20:02:00;197.782;;;107
2025.07.30 12:30:01;Sell;0.01;GBPJPYr;197.969;0.01;2025.07.30 17:34:00;197.855;;;114
2025.07.29 21:45:00;Sell;0.01;GBPUSDr;1.33529;0.01;2025.07.30 15:33:00;1.33423;;;157
2025.07.29 19:45:01;Sell;0.01;EURUSDr;1.15461;0.01;2025.07.30 13:39:01;1.15337;;;184
2025.07.01 02:15:01;Sell;0.02;EURGBPr;0.85823;0.02;2025.07.30 12:24:03;0.86375;;;-2185
2025.06.27 02:30:00;Sell;0.01;EURGBPr;0.8518;0.01;2025.07.30 12:24:03;0.86375;;;-2366
2025.07.15 06:51:02;Sell;0.05;EURGBPr;0.86937;0.05;2025.07.30 12:24:03;0.86375;;;5563
2025.07.02 16:05:00;Sell;0.03;EURGBPr;0.8638;0.03;2025.07.30 12:24:03;0.86375;;;30
2025.07.29 20:34:02;Sell;0.02;AUDCADr;0.89733;0.02;2025.07.30 10:26:01;0.89562;;;368
2025.07.29 12:15:00;Sell;0.01;AUDCADr;0.89527;0.01;2025.07.30 10:26:01;0.89562;;;-38
2025.07.29 21:45:00;Buy;0.01;EURGBPr;0.86478;0.01;2025.07.30 04:38:00;0.86583;;;208
2025.07.23 19:15:00;Sell;0.01;AUDNZDr;1.09185;0.01;2025.07.30 04:32:00;1.0914;;;40
2025.07.29 20:05:01;Sell;0.02;AUDNZDr;1.09344;0.02;2025.07.30 04:32:00;1.0914;;;360
2025.07.29 19:00:00;Sell;0.01;AUDJPYr;96.677;0.01;2025.07.30 04:17:00;96.567;;;110
2025.07.30 02:30:00;Sell;0.01;GBPJPYr;198.25;0.01;2025.07.30 03:31:01;198.141;;;109
2025.07.30 02:45:00;Sell;0.01;USDJPYr;148.494;0.01;2025.07.30 03:17:00;148.393;;;101
2025.07.29 21:45:01;Sell;0.01;USDJPYr;148.53;0.01;2025.07.29 22:13:05;148.425;;;105
2025.07.29 21:45:00;Sell;0.01;GBPJPYr;198.334;0.01;2025.07.29 22:05:01;198.23;;;104
2025.07.29 19:30:00;Sell;0.01;EURJPYr;171.497;0.01;2025.07.29 20:59:00;171.389;;;108
2025.07.29 19:00:00;Sell;0.01;GBPJPYr;198.164;0.01;2025.07.29 20:34:02;198.062;;;102
2025.07.29 19:46:01;Sell;0.01;USDJPYr;148.459;0.01;2025.07.29 20:23:01;148.354;;;105
2025.07.29 18:00:00;Buy;0.01;EURGBPr;0.86459;0.01;2025.07.29 20:18:03;0.8657;;;220
2025.07.29 19:00:00;Sell;0.01;USDJPYr;148.568;0.01;2025.07.29 19:46:00;148.463;;;105
2025.07.29 14:30:00;Sell;0.01;USDJPYr;148.591;0.01;2025.07.29 17:37:00;148.461;;;130
2025.07.29 12:00:00;Sell;0.01;GBPJPYr;198.191;0.01;2025.07.29 15:53:00;198.071;;;120
2025.07.29 11:45:00;Sell;0.01;EURJPYr;171.707;0.01;2025.07.29 14:58:00;171.589;;;118
2025.07.29 12:45:00;Sell;0.01;AUDJPYr;96.775;0.01;2025.07.29 14:08:00;96.672;;;103
2025.07.29 13:30:00;Sell;0.01;EURUSDr;1.15878;0.01;2025.07.29 13:50:00;1.1577;;;160
2025.07.29 12:15:00;Sell;0.01;USDJPYr;148.515;0.01;2025.07.29 13:30:00;148.406;;;109
2025.07.29 10:45:01;Sell;0.02;USDJPYr;148.671;0.02;2025.07.29 11:18:01;148.398;;;546
2025.07.28 17:15:01;Sell;0.01;USDJPYr;148.174;0.01;2025.07.29 11:18:01;148.398;;;-224
2025.07.29 04:45:00;Sell;0.01;AUDCADr;0.89597;0.01;2025.07.29 09:47:00;0.8949;;;116
2025.07.28 17:40:00;Buy;0.02;AUDNZDr;1.09115;0.02;2025.07.29 07:10:00;1.09272;;;278
2025.07.25 03:00:00;Buy;0.01;AUDNZDr;1.09283;0.01;2025.07.29 07:10:00;1.09272;;;-10
2025.07.28 21:45:01;Sell;0.01;AUDJPYr;96.814;0.01;2025.07.29 06:48:03;96.707;;;107
2025.07.29 05:30:00;Sell;0.01;EURUSDr;1.15978;0.01;2025.07.29 06:33:01;1.1587399999999999;;;154
2025.07.29 03:54:01;Sell;0.01;EURJPYr;172.099;0.01;2025.07.29 05:53:00;171.983;;;116
2025.07.29 02:30:01;Sell;0.01;EURJPYr;172.215;0.01;2025.07.29 03:54:00;172.113;;;102
2025.07.28 10:04:01;Sell;0.01;GBPJPYr;198.556;0.01;2025.07.28 20:50:00;198.453;;;103
2025.07.28 18:15:00;Sell;0.01;AUDJPYr;96.813;0.01;2025.07.28 20:26:01;96.694;;;119
2025.07.24 11:00:00;Sell;0.01;EURJPYr;172.2;0.01;2025.07.28 20:20:00;172.099;;;101
2025.07.28 17:00:00;Sell;0.01;USDJPYr;148.289;0.01;2025.07.28 17:15:00;148.189;;;100
2025.07.28 11:15:00;Sell;0.01;USDJPYr;148.241;0.01;2025.07.28 14:55:00;148.14;;;101
2025.07.28 13:30:00;Sell;0.01;AUDJPYr;96.868;0.01;2025.07.28 14:54:00;96.766;;;102
2025.07.23 05:45:01;Sell;0.01;AUDJPYr;96.323;0.01;2025.07.28 11:04:00;96.699;;;-376
2025.07.25 11:45:00;Sell;0.02;AUDJPYr;97.041;0.02;2025.07.28 11:04:00;96.699;;;684
2025.07.22 19:50:01;Sell;0.02;EURUSDr;1.17546;0.02;2025.07.28 10:40:00;1.16947;;;1774
2025.07.18 02:00:00;Sell;0.01;EURUSDr;1.1617;0.01;2025.07.28 10:40:00;1.16947;;;-1151
2025.07.22 13:00:00;Sell;0.01;AUDCADr;0.89139;0.01;2025.07.28 10:32:00;0.89666;;;-568
2025.07.23 14:00:00;Sell;0.02;AUDCADr;0.89517;0.02;2025.07.28 10:32:00;0.89666;;;-321
2025.07.23 17:50:01;Sell;0.03;AUDCADr;0.89731;0.03;2025.07.28 10:32:00;0.89666;;;210
2025.07.24 12:30:00;Sell;0.05;AUDCADr;0.90012;0.05;2025.07.28 10:32:00;0.89666;;;1866
2025.07.28 10:00:01;Sell;0.01;USDJPYr;148.013;0.01;2025.07.28 10:07:00;147.91;;;103
2025.07.28 09:30:00;Sell;0.01;GBPJPYr;198.688;0.01;2025.07.28 10:04:00;198.573;;;115
2025.07.28 09:30:00;Sell;0.01;USDJPYr;148.128;0.01;2025.07.28 10:00:00;148.025;;;103
2025.07.28 02:00:01;Sell;0.01;AUDUSDr;0.65719;0.01;2025.07.28 08:24:07;0.65617;;;151
2025.07.28 04:45:00;Sell;0.01;USDJPYr;147.773;0.01;2025.07.28 07:02:01;147.651;;;122
2025.07.25 12:00:01;Buy;0.01;AUDUSDr;0.65683;0.01;2025.07.28 03:18:00;0.65785;;;151
2025.07.28 02:00:00;Sell;0.01;USDJPYr;147.809;0.01;2025.07.28 03:04:00;147.696;;;113
2025.07.27 01:20:38;Balance;;;;;;;;;-14000
2025.07.25 12:15:02;Buy;0.01;EURUSDr;1.17361;0.01;2025.07.25 22:27:00;1.17466;;;155
2025.07.25 19:15:00;Sell;0.01;USDJPYr;147.785;0.01;2025.07.25 20:37:02;147.676;;;109
2025.07.24 19:45:01;Buy;0.01;AUDCADr;0.8998;0.01;2025.07.25 19:25:00;0.89944;;;-39
2025.07.25 12:55:00;Buy;0.02;AUDCADr;0.89775;0.02;2025.07.25 19:25:00;0.89944;;;364
2025.07.25 16:08:02;Sell;0.01;USDJPYr;147.712;0.01;2025.07.25 17:06:23;147.609;;;103
2025.07.25 15:45:00;Sell;0.01;USDJPYr;147.849;0.01;2025.07.25 16:08:01;147.724;;;125
2025.07.25 11:15:00;Sell;0.01;USDJPYr;147.749;0.01;2025.07.25 15:06:00;147.637;;;112
2025.07.25 08:45:02;Sell;0.01;AUDUSDr;0.65768;0.01;2025.07.25 11:16:01;0.65666;;;151
2025.07.25 05:00:00;Buy;0.01;EURUSDr;1.17432;0.01;2025.07.25 09:35:00;1.17567;;;198
2025.07.23 10:40:01;Sell;0.02;GBPUSDr;1.35432;0.02;2025.07.25 09:12:00;1.34827;;;1778
2025.07.17 20:30:00;Sell;0.01;GBPUSDr;1.34053;0.01;2025.07.25 09:12:00;1.34827;;;-1137
2025.07.24 11:38:02;Sell;0.01;GBPJPYr;198.339;0.01;2025.07.25 09:11:00;198.217;;;122
2025.07.22 13:15:02;Sell;0.01;AUDUSDr;0.65202;0.01;2025.07.25 07:36:00;0.65745;;;-799
2025.07.24 08:15:00;Sell;0.02;AUDUSDr;0.66181;0.02;2025.07.25 07:36:00;0.65745;;;1284
2025.07.24 21:00:00;Buy;0.01;USDJPYr;146.82;0.01;2025.07.24 22:03:03;146.923;;;103
2025.07.24 19:30:01;Buy;0.01;EURUSDr;1.176;0.01;2025.07.24 20:33:09;1.177;;;147
2025.07.24 18:15:00;Buy;0.01;GBPUSDr;1.3526500000000001;0.01;2025.07.24 18:28:00;1.35369;;;153
2025.07.24 18:15:00;Buy;0.01;EURUSDr;1.17586;0.01;2025.07.24 18:24:05;1.17691;;;154
2025.07.24 17:30:01;Buy;0.01;USDJPYr;146.595;0.01;2025.07.24 17:54:00;146.74;;;145
2025.07.24 17:15:00;Buy;0.01;USDJPYr;146.377;0.01;2025.07.24 17:24:00;146.518;;;141
2025.07.24 09:15:00;Buy;0.01;EURUSDr;1.17685;0.01;2025.07.24 17:03:00;1.17814;;;189
2025.07.24 14:00:00;Buy;0.01;AUDCADr;0.89981;0.01;2025.07.24 15:12:02;0.90082;;;109
2025.07.24 02:15:01;Buy;0.01;USDJPYr;146.405;0.01;2025.07.24 11:56:00;146.533;;;128
2025.07.24 11:15:01;Buy;0.01;AUDCADr;0.89928;0.01;2025.07.24 11:48:00;0.90028;;;108
2025.07.24 10:45:00;Sell;0.01;GBPJPYr;198.472;0.01;2025.07.24 11:38:01;198.357;;;115
2025.07.24 09:30:00;Sell;0.01;GBPJPYr;198.394;0.01;2025.07.24 10:23:00;198.293;;;101
2025.07.24 04:15:00;Buy;0.01;AUDNZDr;1.09178;0.01;2025.07.24 06:54:00;1.09279;;;89
2025.07.23 19:30:01;Sell;0.01;EURJPYr;172.248;0.01;2025.07.24 04:08:00;172.1;;;148
2025.07.24 03:45:00;Buy;0.01;EURUSDr;1.17642;0.01;2025.07.24 04:05:00;1.17743;;;148
2025.07.23 03:30:00;Buy;0.01;AUDNZDr;1.09215;0.01;2025.07.24 03:49:00;1.0922;;;4
2025.07.23 10:41:00;Buy;0.02;AUDNZDr;1.09067;0.02;2025.07.24 03:49:00;1.0922;;;271
2025.07.23 19:15:00;Sell;0.01;USDJPYr;146.519;0.01;2025.07.23 21:25:00;146.399;;;120
2025.07.23 19:00:00;Sell;0.01;USDJPYr;146.55;0.01;2025.07.23 19:12:01;146.443;;;107
2025.07.23 15:15:00;Sell;0.01;AUDNZDr;1.09192;0.01;2025.07.23 17:02:01;1.0909;;;90
2025.07.23 09:31:01;Sell;0.01;USDJPYr;146.667;0.01;2025.07.23 12:34:00;146.545;;;122
2025.07.23 11:52:01;Sell;0.01;GBPJPYr;198.697;0.01;2025.07.23 12:21:00;198.592;;;105
2025.07.23 11:30:00;Sell;0.01;GBPJPYr;198.83;0.01;2025.07.23 11:52:00;198.723;;;107
2025.07.23 07:45:09;Buy;0.01;EURUSDr;1.17367;0.01;2025.07.23 10:16:00;1.17478;;;163
2025.07.14 05:35:04;Buy;0.02;GBPUSDr;1.34817;0.02;2025.07.23 10:08:00;1.35358;;;1589
2025.07.08 11:45:00;Buy;0.01;GBPUSDr;1.36124;0.01;2025.07.23 10:08:00;1.35358;;;-1125
2025.07.23 06:30:01;Sell;0.01;USDJPYr;146.781;0.01;2025.07.23 09:31:00;146.679;;;102
2025.07.23 05:45:05;Sell;0.01;GBPJPYr;198.616;0.01;2025.07.23 09:31:00;198.41;;;206
2025.07.23 05:45:00;Sell;0.01;EURJPYr;172.413;0.01;2025.07.23 09:31:00;172.119;;;294
2025.07.22 19:45:02;Buy;0.01;AUDCADr;0.89209;0.01;2025.07.23 08:35:03;0.8932;;;120
2025.07.23 05:30:01;Sell;0.01;AUDNZDr;1.09295;0.01;2025.07.23 07:29:01;1.09195;;;88
2025.07.23 04:45:01;Buy;0.01;EURUSDr;1.17343;0.01;2025.07.23 06:31:02;1.17456;;;166
2025.07.23 05:45:05;Sell;0.01;USDJPYr;146.899;0.01;2025.07.23 06:30:00;146.796;;;103
2025.07.23 05:30:00;Sell;0.01;AUDJPYr;96.501;0.01;2025.07.23 05:40:00;96.36;;;141
2025.07.23 05:30:00;Sell;0.01;USDJPYr;147.128;0.01;2025.07.23 05:36:01;147.01;;;118
2025.07.23 05:30:00;Sell;0.01;GBPJPYr;198.919;0.01;2025.07.23 05:36:01;198.728;;;191
2025.07.23 03:15:01;Buy;0.01;EURUSDr;1.1735;0.01;2025.07.23 03:58:04;1.17461;;;162
2025.07.23 02:15:00;Sell;0.01;USDJPYr;146.34;0.01;2025.07.23 03:30:00;146.216;;;124
2025.07.23 03:02:01;Sell;0.01;AUDJPYr;96.107;0.01;2025.07.23 03:20:00;95.975;;;132
2025.07.22 19:15:00;Sell;0.01;EURJPYr;172.098;0.01;2025.07.23 03:16:00;171.994;;;104
2025.07.23 02:45:00;Sell;0.01;AUDJPYr;96.244;0.01;2025.07.23 03:02:00;96.129;;;115
2025.07.23 02:45:00;Sell;0.01;GBPJPYr;198.619;0.01;2025.07.23 02:59:00;198.462;;;157
2025.07.23 02:00:00;Sell;0.01;USDJPYr;146.684;0.01;2025.07.23 02:14:00;146.483;;;201
2025.07.22 02:00:01;Sell;0.01;AUDNZDr;1.09307;0.01;2025.07.22 19:44:00;1.0921;;;85
2025.07.11 04:00:00;Buy;0.02;EURUSDr;1.1675;0.02;2025.07.22 18:13:00;1.17285;;;1567
2025.07.01 16:15:00;Buy;0.01;EURUSDr;1.18017;0.01;2025.07.22 18:13:00;1.17285;;;-1072
2025.07.22 14:15:05;Buy;0.02;AUDCADr;0.89082;0.02;2025.07.22 16:07:02;0.89285;;;436
2025.07.21 13:15:01;Buy;0.01;AUDCADr;0.89368;0.01;2025.07.22 16:07:02;0.89285;;;-89
2025.07.22 05:00:00;Buy;0.01;AUDUSDr;0.65168;0.01;2025.07.22 15:53:00;0.65267;;;145
2025.07.03 04:39:01;Sell;0.01;GBPJPYr;195.863;0.01;2025.07.22 15:47:00;198.047;;;-2184
2025.07.09 03:00:00;Sell;0.03;GBPJPYr;199.518;0.03;2025.07.22 15:47:00;198.047;;;4413
2025.07.07 06:05:00;Sell;0.02;GBPJPYr;197.272;0.02;2025.07.22 15:47:00;198.047;;;-1550
2025.07.21 19:18:01;Sell;0.01;EURJPYr;172.2;0.01;2025.07.22 15:12:00;172.091;;;109
2025.07.07 13:00:00;Sell;0.01;AUDJPYr;94.48;0.01;2025.07.22 14:40:00;95.962;;;-1482
2025.07.11 05:20:00;Sell;0.03;AUDJPYr;96.773;0.03;2025.07.22 14:40:00;95.962;;;2433
2025.07.08 14:25:00;Sell;0.02;AUDJPYr;95.851;0.02;2025.07.22 14:40:00;95.962;;;-222
2025.07.22 02:00:05;Sell;0.01;USDJPYr;147.397;0.01;2025.07.22 14:40:00;147.289;;;108
2025.07.21 12:00:00;Sell;0.01;AUDUSDr;0.65168;0.01;2025.07.22 10:54:02;0.6506;;;160
2025.07.17 11:15:00;Sell;0.01;AUDCADr;0.88892;0.01;2025.07.22 10:52:00;0.89095;;;-219
2025.07.21 03:05:01;Sell;0.03;AUDCADr;0.89358;0.03;2025.07.22 10:52:00;0.89095;;;852
2025.07.17 19:00:00;Sell;0.02;AUDCADr;0.89125;0.02;2025.07.22 10:52:00;0.89095;;;65
2025.07.21 14:00:00;Buy;0.01;AUDNZDr;1.09257;0.01;2025.07.22 03:04:00;1.09359;;;90
2025.07.21 17:45:00;Sell;0.01;EURJPYr;172.32;0.01;2025.07.21 19:18:00;172.215;;;105
2025.07.21 16:45:00;Sell;0.01;EURJPYr;172.189;0.01;2025.07.21 17:01:00;172.084;;;105
2025.07.21 13:15:01;Buy;0.01;AUDUSDr;0.65104;0.01;2025.07.21 14:40:02;0.65203;;;146
2025.07.21 11:00:00;Buy;0.01;AUDUSDr;0.65093;0.01;2025.07.21 11:51:00;0.65193;;;148
2025.07.21 05:00:00;Buy;0.01;AUDCADr;0.89308;0.01;2025.07.21 11:37:00;0.8941;;;110
2025.07.17 21:30:01;Sell;0.01;EURJPYr;172.291;0.01;2025.07.21 09:31:00;172.169;;;122
2025.07.21 04:45:00;Buy;0.01;AUDUSDr;0.65054;0.01;2025.07.21 09:30:00;0.65156;;;151
2025.07.21 08:26:09;Balance;;;;;;;;;-20000
2025.07.21 02:45:00;Sell;0.01;AUDNZDr;1.09436;0.01;2025.07.21 08:19:01;1.09332;;;92
2025.07.17 05:15:00;Buy;0.01;AUDNZDr;1.09401;0.01;2025.07.21 01:49:00;1.09394;;;-6
2025.07.18 14:15:01;Buy;0.02;AUDNZDr;1.0921;0.02;2025.07.21 01:49:00;1.09364;;;272
2025.07.18 19:00:00;Sell;0.01;USDJPYr;148.55;0.01;2025.07.21 01:01:00;148.407;;;143
2025.07.17 02:15:15;Buy;0.01;AUDUSDr;0.65236;0.01;2025.07.18 16:20:00;0.6534;;;154
2025.07.18 13:06:01;Sell;0.01;USDJPYr;148.594;0.01;2025.07.18 14:32:03;148.492;;;102
2025.07.18 12:45:00;Sell;0.01;USDJPYr;148.712;0.01;2025.07.18 13:06:00;148.604;;;108
2025.07.18 07:00:02;Sell;0.01;USDJPYr;148.663;0.01;2025.07.18 11:47:00;148.523;;;140
2025.07.11 11:15:00;Buy;0.01;AUDCADr;0.9012;0.01;2025.07.18 03:51:00;0.89354;;;-828
2025.07.14 18:10:00;Buy;0.03;AUDCADr;0.89707;0.03;2025.07.18 03:51:00;0.89354;;;-1145
2025.07.14 05:17:00;Buy;0.02;AUDCADr;0.89917;0.02;2025.07.18 03:51:00;0.89354;;;-1218
2025.07.17 10:30:00;Buy;0.08;AUDCADr;0.88818;0.08;2025.07.18 03:51:00;0.89354;;;4637
2025.07.15 17:55:00;Buy;0.05;AUDCADr;0.89439;0.05;2025.07.18 03:51:00;0.89354;;;-460
2025.07.18 03:30:01;Sell;0.01;USDJPYr;148.553;0.01;2025.07.18 03:41:00;148.432;;;121
2025.07.17 20:00:00;Sell;0.01;USDJPYr;148.617;0.01;2025.07.18 01:10:00;148.51;;;107
2025.07.17 19:00:00;Sell;0.01;EURJPYr;172.277;0.01;2025.07.17 20:33:00;172.175;;;102
2025.07.17 18:00:00;Sell;0.01;GBPUSDr;1.3409;0.01;2025.07.17 19:58:00;1.33988;;;152
2025.07.17 18:45:00;Sell;0.01;EURUSDr;1.15979;0.01;2025.07.17 19:40:00;1.15872;;;159
2025.07.17 02:15:00;Sell;0.01;EURJPYr;172.106;0.01;2025.07.17 17:33:00;171.984;;;122
2025.07.17 03:15:00;Sell;0.01;USDJPYr;148.152;0.01;2025.07.17 17:30:00;148.414;;;-262
2025.07.17 09:50:00;Sell;0.02;USDJPYr;148.72;0.02;2025.07.17 17:30:00;148.414;;;612
2025.07.17 11:45:00;Sell;0.01;GBPUSDr;1.34021;0.01;2025.07.17 14:34:03;1.3391899999999999;;;152
2025.07.02 02:00:00;Sell;0.01;AUDNZDr;1.07872;0.01;2025.07.17 10:08:00;1.09359;;;-1307
2025.07.08 08:25:01;Sell;0.03;AUDNZDr;1.08646;0.03;2025.07.17 10:08:00;1.09359;;;-1880
2025.07.03 15:55:00;Sell;0.02;AUDNZDr;1.08346;0.02;2025.07.17 10:08:00;1.09359;;;-1781
2025.07.10 16:50:02;Sell;0.08;AUDNZDr;1.09098;0.08;2025.07.17 10:08:00;1.09359;;;-1835
2025.07.09 02:05:02;Sell;0.05;AUDNZDr;1.08861;0.05;2025.07.17 10:08:00;1.09359;;;-2189
2025.07.11 17:05:00;Sell;0.24;AUDNZDr;1.09461;0.24;2025.07.17 10:08:00;1.09359;;;2152
2025.07.11 06:25:00;Sell;0.14;AUDNZDr;1.0929;0.14;2025.07.17 10:08:00;1.09359;;;-849
2025.07.14 04:32:00;Sell;0.41;AUDNZDr;1.09618;0.41;2025.07.17 10:08:00;1.09359;;;9334
2025.07.17 08:00:00;Sell;0.01;AUDCADr;0.8899;0.01;2025.07.17 09:22:00;0.88879;;;120
2025.07.16 20:30:00;Sell;0.01;AUDCADr;0.89408;0.01;2025.07.17 01:56:05;0.89304;;;112
2025.07.16 20:56:02;Sell;0.01;EURUSDr;1.1639599999999999;0.01;2025.07.16 21:58:00;1.16293;;;152
2025.07.16 20:57:06;Sell;0.01;GBPUSDr;1.34203;0.01;2025.07.16 21:54:00;1.34091;;;166
2025.07.16 20:15:01;Sell;0.01;GBPUSDr;1.34331;0.01;2025.07.16 20:57:05;1.34209;;;180
2025.07.16 20:30:01;Sell;0.01;EURUSDr;1.16505;0.01;2025.07.16 20:56:01;1.16397;;;159
2025.07.16 02:45:00;Sell;0.01;AUDCADr;0.8943;0.01;2025.07.16 19:21:01;0.89324;;;115
2025.07.16 18:45:00;Sell;0.01;GBPUSDr;1.34592;0.01;2025.07.16 18:53:00;1.34446;;;215
2025.07.15 17:00:00;Buy;0.01;AUDUSDr;0.65433;0.01;2025.07.16 18:33:00;0.6554;;;157
2025.07.15 02:40:05;Sell;0.02;USDJPYr;147.831;0.02;2025.07.16 18:16:00;148.076;;;-490
2025.07.14 15:15:01;Sell;0.01;USDJPYr;147.296;0.01;2025.07.16 18:16:00;148.076;;;-780
2025.07.15 17:40:00;Sell;0.03;USDJPYr;148.833;0.03;2025.07.16 18:16:00;148.076;;;2271
2025.07.16 14:00:00;Sell;0.01;GBPUSDr;1.34054;0.01;2025.07.16 15:13:02;1.33952;;;152
2025.07.16 06:15:20;Sell;0.01;EURUSDr;1.16125;0.01;2025.07.16 14:59:00;1.16022;;;153
2025.07.16 07:45:01;Sell;0.02;EURJPYr;173.074;0.02;2025.07.16 14:57:00;172.614;;;920
2025.07.14 10:30:00;Sell;0.01;EURJPYr;172.005;0.01;2025.07.16 14:57:00;172.614;;;-609
2025.07.16 09:30:00;Sell;0.01;GBPUSDr;1.34079;0.01;2025.07.16 10:35:00;1.33967;;;167
2025.07.15 03:15:00;Buy;0.01;AUDNZDr;1.09549;0.01;2025.07.16 04:55:00;1.0965;;;89
2025.07.10 02:00:01;Sell;0.01;AUDUSDr;0.65371;0.01;2025.07.15 17:32:00;0.65263;;;161
2025.06.23 16:45:00;Sell;0.01;EURUSDr;1.14844;0.01;2025.07.15 16:55:00;1.16414;;;-2333
2025.06.26 19:50:00;Sell;0.03;EURUSDr;1.17366;0.03;2025.07.15 16:55:00;1.16414;;;4243
2025.06.24 13:00:00;Sell;0.02;EURUSDr;1.16082;0.02;2025.07.15 16:55:00;1.16414;;;-987
2025.07.15 10:30:00;Sell;0.01;AUDCADr;0.89805;0.01;2025.07.15 16:41:00;0.89691;;;124
2025.07.15 12:15:01;Sell;0.01;GBPUSDr;1.34501;0.01;2025.07.15 15:40:00;1.34348;;;227
2025.07.15 11:00:00;Sell;0.01;GBPUSDr;1.34528;0.01;2025.07.15 11:42:00;1.34417;;;164
2025.07.14 16:30:00;Buy;0.01;AUDUSDr;0.6558;0.01;2025.07.15 11:04:00;0.65685;;;155
2025.07.14 17:00:00;Sell;0.01;AUDCADr;0.89827;0.01;2025.07.14 17:46:01;0.89725;;;110
2025.07.14 15:00:00;Sell;0.01;USDJPYr;147.412;0.01;2025.07.14 15:14:02;147.31;;;102
2025.07.14 06:00:00;Sell;0.01;USDJPYr;147.273;0.01;2025.07.14 12:34:00;147.168;;;105
2025.07.08 02:00:00;Sell;0.01;AUDCADr;0.88844;0.01;2025.07.14 10:03:01;0.89789;;;-1017
2025.07.11 05:25:00;Sell;0.08;AUDCADr;0.90162;0.08;2025.07.14 10:03:01;0.89789;;;3210
2025.07.10 19:15:03;Sell;0.05;AUDCADr;0.89878;0.05;2025.07.14 10:03:01;0.89789;;;479
2025.07.10 05:54:01;Sell;0.03;AUDCADr;0.89586;0.03;2025.07.14 10:03:01;0.89789;;;-655
2025.07.09 07:50:01;Sell;0.02;AUDCADr;0.89382;0.02;2025.07.14 10:03:01;0.89789;;;-876
2025.07.11 11:15:00;Sell;0.01;EURJPYr;171.633;0.01;2025.07.14 09:32:00;171.753;;;-120
2025.07.14 02:45:00;Sell;0.02;EURJPYr;171.985;0.02;2025.07.14 09:32:00;171.753;;;464
2025.07.11 14:26:02;Buy;0.01;USDJPYr;146.926;0.01;2025.07.11 15:01:00;147.031;;;105
2025.07.11 13:45:01;Buy;0.01;USDJPYr;146.808;0.01;2025.07.11 14:26:01;146.915;;;107
2025.07.11 07:30:00;Buy;0.01;AUDCADr;0.90081;0.01;2025.07.11 09:38:00;0.90199;;;126
2025.07.11 02:00:01;Sell;0.01;GBPUSDr;1.3584399999999999;0.01;2025.07.11 03:08:03;1.3572600000000001;;;173
2025.07.10 14:45:00;Sell;0.01;USDJPYr;146.283;0.01;2025.07.11 01:43:00;146.176;;;107
2025.07.01 18:30:00;Sell;0.01;EURJPYr;169.043;0.01;2025.07.10 21:25:00;171.004;;;-1961
2025.07.07 08:40:00;Sell;0.03;EURJPYr;170.606;0.03;2025.07.10 21:25:00;171.004;;;-1194
2025.07.03 16:25:01;Sell;0.02;EURJPYr;170.324;0.02;2025.07.10 21:25:00;171.004;;;-1360
2025.07.09 03:05:00;Sell;0.05;EURJPYr;172.108;0.05;2025.07.10 21:25:00;171.004;;;5520
2025.07.10 02:00:00;Sell;0.01;GBPUSDr;1.35906;0.01;2025.07.10 14:34:00;1.35789;;;171
2025.07.04 11:00:00;Buy;0.01;AUDUSDr;0.65553;0.01;2025.07.10 13:52:02;0.65653;;;146
2025.07.10 07:15:00;Buy;0.01;AUDCADr;0.8952;0.01;2025.07.10 09:52:00;0.89624;;;111
2025.07.09 15:57:01;Buy;0.01;AUDCADr;0.89483;0.01;2025.07.10 05:54:00;0.89586;;;110
2025.07.09 16:30:00;Sell;0.01;AUDUSDr;0.65389;0.01;2025.07.09 18:14:02;0.65289;;;146
2025.07.09 16:38:01;Sell;0.01;GBPUSDr;1.3594300000000001;0.01;2025.07.09 17:57:00;1.3584;;;151
2025.07.09 16:00:00;Sell;0.01;GBPUSDr;1.3608;0.01;2025.07.09 16:38:00;1.35949;;;192
2025.07.09 13:45:01;Buy;0.01;AUDCADr;0.89351;0.01;2025.07.09 15:57:00;0.8946;;;117
2025.07.09 11:45:04;Sell;0.01;GBPUSDr;1.36033;0.01;2025.07.09 12:48:01;1.35931;;;150
2025.07.09 02:30:00;Sell;0.01;USDJPYr;146.754;0.01;2025.07.09 11:42:00;146.651;;;103
2025.07.09 10:37:02;Sell;0.01;AUDUSDr;0.65311;0.01;2025.07.09 11:01:00;0.65207;;;153
2025.07.09 10:00:00;Sell;0.01;GBPUSDr;1.3602;0.01;2025.07.09 10:47:00;1.35914;;;156
2025.07.09 10:00:00;Sell;0.01;AUDUSDr;0.6542;0.01;2025.07.09 10:37:01;0.65317;;;151
2025.07.09 08:45:01;Sell;0.01;GBPUSDr;1.35938;0.01;2025.07.09 09:12:00;1.35837;;;148
2025.07.09 08:00:00;Sell;0.01;AUDUSDr;0.6536;0.01;2025.07.09 09:11:01;0.65254;;;156
2025.07.08 09:00:00;Buy;0.01;AUDCADr;0.89293;0.01;2025.07.09 07:37:01;0.89398;;;113
2025.07.08 21:15:01;Buy;0.01;USDJPYr;146.707;0.01;2025.07.09 02:39:00;146.816;;;109
2025.07.08 11:00:00;Sell;0.01;AUDUSDr;0.6543;0.01;2025.07.08 16:24:03;0.65317;;;166
2025.07.08 11:00:01;Buy;0.01;USDJPYr;146.041;0.01;2025.07.08 11:12:00;146.147;;;106
2025.07.08 05:45:05;Buy;0.01;USDJPYr;146.144;0.01;2025.07.08 09:58:03;146.244;;;100
2025.07.08 08:45:00;Buy;0.01;AUDCADr;0.89173;0.01;2025.07.08 08:51:00;0.89275;;;109
2025.07.08 07:30:15;Buy;0.01;AUDNZDr;1.08574;0.01;2025.07.08 07:58:00;1.08677;;;90
2025.07.02 14:41:00;Buy;0.02;AUDCADr;0.89536;0.02;2025.07.08 07:31:29;0.89312;;;-479
2025.07.02 04:15:01;Buy;0.01;AUDCADr;0.8974;0.01;2025.07.08 07:31:29;0.89312;;;-458
2025.07.07 08:10:02;Buy;0.05;AUDCADr;0.88712;0.05;2025.07.08 07:31:29;0.89312;;;3209
2025.07.03 15:55:00;Buy;0.03;AUDCADr;0.89133;0.03;2025.07.08 07:31:29;0.89312;;;574
2025.07.07 21:30:00;Buy;0.01;GBPUSDr;1.35944;0.01;2025.07.07 21:43:10;1.36066;;;178
2025.07.07 17:00:00;Sell;0.01;GBPUSDr;1.3627;0.01;2025.07.07 19:24:00;1.3615599999999999;;;166
2025.07.07 12:20:01;Buy;0.02;GBPUSDr;1.3578700000000001;0.02;2025.07.07 17:32:00;1.3643399999999999;;;1886
2025.07.02 08:15:00;Buy;0.01;GBPUSDr;1.37378;0.01;2025.07.07 17:32:00;1.3643399999999999;;;-1376
2025.07.07 14:45:01;Sell;0.01;AUDCADr;0.88808;0.01;2025.07.07 16:18:01;0.88696;;;120
2025.07.07 10:30:00;Sell;0.01;AUDJPYr;94.409;0.01;2025.07.07 12:04:00;94.305;;;104
2025.07.04 09:30:01;Buy;0.01;AUDNZDr;1.08202;0.01;2025.07.07 10:44:00;1.08304;;;89
2025.06.30 12:42:08;Sell;0.01;AUDUSDr;0.65293;0.01;2025.07.07 06:04:00;0.65167;;;182
2025.07.03 17:14:02;Sell;0.01;GBPUSDr;1.36423;0.01;2025.07.07 05:31:01;1.36323;;;145
2025.07.07 04:55:03;Buy;0.01;USDJPYr;144.547;0.01;2025.07.07 05:27:00;144.677;;;130
2025.07.07 03:30:00;Buy;0.01;USDJPYr;144.436;0.01;2025.07.07 04:55:02;144.536;;;100
2025.07.04 13:40:11;Sell;0.01;AUDCADr;0.89109;0.01;2025.07.07 03:35:00;0.89002;;;114
2025.07.07 02:15:05;Sell;0.01;AUDJPYr;94.717;0.01;2025.07.07 03:01:00;94.587;;;130
2025.07.06 11:27:02;Balance;;;;;;;;;-32000
2025.07.04 07:15:13;Sell;0.01;AUDCADr;0.8919;0.01;2025.07.04 10:16:00;0.89089;;;107
2025.07.03 16:00:00;Sell;0.01;AUDJPYr;94.914;0.01;2025.07.04 07:33:01;94.81;;;104
2025.07.03 16:45:00;Sell;0.01;GBPUSDr;1.36559;0.01;2025.07.03 17:14:01;1.36429;;;188
2025.07.03 17:00:02;Buy;0.01;USDJPYr;144.802;0.01;2025.07.03 17:05:00;144.92;;;118
2025.07.03 16:15:01;Buy;0.01;AUDUSDr;0.65575;0.01;2025.07.03 16:33:00;0.65678;;;149
2025.07.03 16:00:00;Buy;0.01;AUDUSDr;0.65462;0.01;2025.07.03 16:15:00;0.65569;;;155
2025.07.03 13:15:01;Buy;0.01;USDJPYr;143.824;0.01;2025.07.03 15:11:06;143.937;;;113
2025.07.03 11:15:02;Sell;0.01;AUDCADr;0.89434;0.01;2025.07.03 13:56:00;0.89333;;;107
2025.07.02 19:00:00;Buy;0.01;USDJPYr;143.768;0.01;2025.07.03 06:53:00;143.874;;;106
2025.07.03 03:45:01;Buy;0.01;AUDNZDr;1.08037;0.01;2025.07.03 05:51:00;1.08132;;;83
2025.07.03 04:15:00;Sell;0.01;GBPJPYr;195.985;0.01;2025.07.03 04:39:00;195.879;;;106
2025.07.02 18:30:00;Sell;0.01;AUDJPYr;94.505;0.01;2025.07.03 03:31:00;94.387;;;118
2025.07.03 02:00:01;Sell;0.01;AUDCADr;0.89477;0.01;2025.07.03 03:31:00;0.89367;;;116
2025.07.02 20:00:00;Sell;0.01;GBPJPYr;195.923;0.01;2025.07.02 21:52:00;195.822;;;101
2025.06.25 19:50:00;Sell;0.02;GBPUSDr;1.36388;0.02;2025.07.02 17:17:01;1.3566500000000001;;;2083
2025.06.23 17:15:00;Sell;0.01;GBPUSDr;1.34625;0.01;2025.07.02 17:17:01;1.3566500000000001;;;-1498
2025.06.23 21:20:02;Sell;0.02;AUDCADr;0.88659;0.02;2025.07.02 15:34:00;0.89406;;;-1574
2025.06.23 17:30:00;Sell;0.01;AUDCADr;0.88292;0.01;2025.07.02 15:34:00;0.89406;;;-1174
2025.06.24 09:30:00;Sell;0.05;AUDCADr;0.8924;0.05;2025.07.02 15:34:00;0.89406;;;-874
2025.06.24 06:25:00;Sell;0.03;AUDCADr;0.89018;0.03;2025.07.02 15:34:00;0.89406;;;-1226
2025.07.02 07:35:00;Sell;0.14;AUDCADr;0.89782;0.14;2025.07.02 15:34:00;0.89406;;;5545
2025.06.30 08:05:00;Sell;0.08;AUDCADr;0.89447;0.08;2025.07.02 15:34:00;0.89406;;;346
2025.07.02 06:30:00;Sell;0.01;AUDJPYr;94.375;0.01;2025.07.02 15:16:00;94.244;;;131
2025.07.01 18:45:00;Sell;0.01;GBPJPYr;196.882;0.01;2025.07.02 15:03:00;196.774;;;108
2025.07.02 03:15:01;Buy;0.01;AUDNZDr;1.0787;0.01;2025.07.02 10:15:00;1.07971;;;88
2025.07.02 07:32:01;Buy;0.01;USDJPYr;143.604;0.01;2025.07.02 08:12:02;143.717;;;113
2025.07.02 07:15:00;Buy;0.01;USDJPYr;143.484;0.01;2025.07.02 07:32:00;143.591;;;107
2025.07.02 03:30:43;Sell;0.01;AUDJPYr;94.489;0.01;2025.07.02 04:50:23;94.376;;;113
2025.07.02 02:00:00;Buy;0.01;USDJPYr;143.412;0.01;2025.07.02 03:03:00;143.53;;;118
2025.06.30 20:15:00;Buy;0.01;USDJPYr;144.254;0.01;2025.07.01 18:17:00;143.561;;;-693
2025.07.01 11:25:00;Buy;0.03;USDJPYr;143.033;0.03;2025.07.01 18:17:00;143.561;;;1584
2025.07.01 08:20:00;Buy;0.02;USDJPYr;143.706;0.02;2025.07.01 18:17:00;143.561;;;-290
2025.07.01 17:15:00;Sell;0.01;EURJPYr;169.046;0.01;2025.07.01 17:58:00;168.946;;;100
2025.07.01 02:30:15;Buy;0.01;AUDCADr;0.8953;0.01;2025.07.01 15:06:00;0.89634;;;109
2025.06.30 16:00:00;Sell;0.01;AUDNZDr;1.0778;0.01;2025.07.01 12:55:00;1.0768;;;87
2025.06.30 14:15:04;Sell;0.01;AUDJPYr;94.206;0.01;2025.07.01 12:43:00;94.104;;;102
2025.07.01 09:05:00;Buy;0.01;EURUSDr;1.17826;0.01;2025.07.01 11:34:00;1.17936;;;157
2025.06.19 09:45:00;Sell;0.01;GBPJPYr;194.598;0.01;2025.07.01 11:01:00;196.908;;;-2310
2025.06.25 10:25:00;Sell;0.03;GBPJPYr;197.915;0.03;2025.07.01 11:01:00;196.908;;;3021
2025.06.23 05:00:00;Sell;0.02;GBPJPYr;196.86;0.02;2025.07.01 11:01:00;196.908;;;-96
2025.06.30 14:30:00;Sell;0.01;EURJPYr;169.202;0.01;2025.07.01 10:06:00;169.092;;;110
2025.06.30 19:45:00;Buy;0.01;GBPUSDr;1.3703699999999999;0.01;2025.06.30 20:00:00;1.3713899999999999;;;147
2025.06.30 02:15:06;Buy;0.01;AUDCADr;0.89435;0.01;2025.06.30 19:05:00;0.8954;;;111
2025.06.30 11:00:00;Buy;0.01;GBPUSDr;1.37015;0.01;2025.06.30 18:17:00;1.3713199999999999;;;169
2025.06.27 17:45:00;Buy;0.02;AUDNZDr;1.07791;0.02;2025.06.30 17:57:00;1.07957;;;291
2025.06.27 06:00:00;Buy;0.01;AUDNZDr;1.07963;0.01;2025.06.30 17:57:00;1.07957;;;-5
2025.06.30 15:30:01;Buy;0.01;EURUSDr;1.17145;0.01;2025.06.30 17:11:02;1.17257;;;162
2025.06.30 05:45:00;Buy;0.01;USDJPYr;144.253;0.01;2025.06.30 15:13:00;144.354;;;101
2025.06.30 04:45:00;Sell;0.01;AUDUSDr;0.65406;0.01;2025.06.30 12:42:07;0.65299;;;154
2025.06.30 11:30:00;Buy;0.01;EURUSDr;1.17198;0.01;2025.06.30 12:25:00;1.17312;;;164
2025.06.25 04:00:00;Sell;0.01;AUDJPYr;94.137;0.01;2025.06.30 10:18:00;94.032;;;105
2025.06.27 17:00:00;Buy;0.01;GBPUSDr;1.37206;0.01;2025.06.30 08:03:00;1.37323;;;168
2025.06.30 06:45:15;Buy;0.01;EURUSDr;1.17145;0.01;2025.06.30 07:43:01;1.1724700000000001;;;147
2025.06.30 05:30:00;Buy;0.01;USDJPYr;144.122;0.01;2025.06.30 05:44:00;144.235;;;113
2025.06.23 07:40:01;Sell;0.02;EURJPYr;168.826;0.02;2025.06.30 05:09:00;168.986;;;-320
2025.06.19 06:15:00;Sell;0.01;EURJPYr;166.303;0.01;2025.06.30 05:09:00;168.986;;;-2683
2025.06.27 16:35:00;Sell;0.05;EURJPYr;169.681;0.05;2025.06.30 05:09:00;168.986;;;3475
2025.06.25 14:30:00;Sell;0.03;EURJPYr;169.169;0.03;2025.06.30 05:09:00;168.986;;;549
2025.06.30 03:45:01;Buy;0.01;EURUSDr;1.1721;0.01;2025.06.30 04:35:00;1.17311;;;146
2025.06.30 02:30:00;Buy;0.01;USDJPYr;144.47;0.01;2025.06.30 03:09:01;144.592;;;122
2025.06.27 20:20:05;Buy;0.01;EURUSDr;1.1716;0.01;2025.06.30 00:05:04;1.17282;;;176
2025.06.26 11:55:00;Sell;0.02;AUDUSDr;0.65453;0.02;2025.06.27 21:37:00;0.65109;;;996
2025.06.24 02:00:00;Sell;0.01;AUDUSDr;0.64733;0.01;2025.06.27 21:37:00;0.65109;;;-545
2025.06.27 15:15:00;Buy;0.02;AUDCADr;0.89221;0.02;2025.06.27 20:46:00;0.89494;;;576
2025.06.26 12:30:00;Buy;0.01;AUDCADr;0.89453;0.01;2025.06.27 20:46:00;0.89494;;;43
2025.06.27 19:45:00;Buy;0.01;USDJPYr;144.572;0.01;2025.06.27 20:20:01;144.675;;;103
2025.06.27 18:15:01;Buy;0.01;EURUSDr;1.17165;0.01;2025.06.27 18:42:13;1.1728;;;166
2025.06.27 15:45:00;Buy;0.01;USDJPYr;144.49;0.01;2025.06.27 16:21:00;144.627;;;137
2025.06.27 10:22:01;Buy;0.01;USDJPYr;144.481;0.01;2025.06.27 13:19:01;144.582;;;101
2025.06.26 08:15:01;Sell;0.01;AUDNZDr;1.0783800000000001;0.01;2025.06.27 12:58:03;1.07841;;;-3
2025.06.26 16:45:00;Sell;0.02;AUDNZDr;1.08008;0.02;2025.06.27 12:58:03;1.07841;;;293
2025.06.27 09:30:00;Buy;0.01;USDJPYr;144.351;0.01;2025.06.27 10:22:00;144.473;;;122
2025.06.27 08:00:00;Buy;0.01;EURUSDr;1.1686;0.01;2025.06.27 09:20:02;1.16961;;;146
2025.06.27 05:15:00;Buy;0.01;USDJPYr;144.325;0.01;2025.06.27 06:52:00;144.471;;;146
2025.06.27 04:45:02;Buy;0.01;EURUSDr;1.16922;0.01;2025.06.27 04:54:01;1.17034;;;162
2025.06.25 21:45:00;Buy;0.01;USDJPYr;145.229;0.01;2025.06.27 01:41:01;144.659;;;-570
2025.06.26 03:55:00;Buy;0.02;USDJPYr;144.771;0.02;2025.06.27 01:41:01;144.653;;;-236
2025.06.26 10:35:00;Buy;0.03;USDJPYr;144.178;0.03;2025.06.27 01:41:01;144.653;;;1425
2025.06.26 14:15:00;Sell;0.01;EURGBPr;0.8534;0.01;2025.06.26 17:27:00;0.85231;;;216
2025.06.26 14:30:01;Buy;0.01;EURUSDr;1.17026;0.01;2025.06.26 16:27:00;1.17142;;;167
2025.06.25 17:40:00;Buy;0.03;AUDNZDr;1.07804;0.03;2025.06.26 16:11:00;1.08041;;;621
2025.06.25 04:15:00;Buy;0.02;AUDNZDr;1.08007;0.02;2025.06.26 16:11:00;1.08041;;;59
2025.06.23 18:00:00;Buy;0.01;AUDNZDr;1.08175;0.01;2025.06.26 16:11:00;1.08041;;;-117
2025.06.25 15:15:00;Sell;0.01;EURGBPr;0.85282;0.01;2025.06.26 10:11:00;0.85176;;;210
2025.06.26 09:10:00;Buy;0.01;EURUSDr;1.16774;0.01;2025.06.26 09:48:00;1.16895;;;175
2025.06.26 04:15:03;Sell;0.01;AUDNZDr;1.07896;0.01;2025.06.26 06:03:01;1.078;;;84
2025.06.24 15:30:00;Buy;0.01;AUDCADr;0.89252;0.01;2025.06.25 21:44:00;0.89357;;;111
2025.06.25 08:00:00;Buy;0.01;EURUSDr;1.16141;0.01;2025.06.25 18:03:01;1.16256;;;168
2025.06.25 14:10:03;Buy;0.01;GBPUSDr;1.36164;0.01;2025.06.25 18:03:00;1.36265;;;147
2025.06.25 15:00:00;Sell;0.01;AUDNZDr;1.07932;0.01;2025.06.25 17:09:00;1.0782;;;98
2025.06.25 13:45:00;Buy;0.01;GBPUSDr;1.36047;0.01;2025.06.25 14:10:02;1.36154;;;156
2025.06.09 20:30:03;Sell;0.01;EURGBPr;0.8426;0.01;2025.06.25 10:32:00;0.85174;;;-1810
2025.06.23 08:15:01;Sell;0.03;EURGBPr;0.85694;0.03;2025.06.25 10:32:00;0.85174;;;3089
2025.06.12 10:55:01;Sell;0.02;EURGBPr;0.85104;0.02;2025.06.25 10:32:00;0.85174;;;-277
2025.06.25 05:27:03;Buy;0.01;USDJPYr;144.78;0.01;2025.06.25 06:47:00;144.906;;;126
2025.06.25 05:00:00;Buy;0.01;USDJPYr;144.666;0.01;2025.06.25 05:27:02;144.768;;;102
2025.06.24 18:00:00;Sell;0.01;AUDNZDr;1.08023;0.01;2025.06.25 04:32:01;1.07914;;;95
2025.06.24 21:04:01;Buy;0.01;USDJPYr;144.768;0.01;2025.06.24 23:42:36;144.872;;;104
2025.06.24 20:30:00;Buy;0.01;USDJPYr;144.649;0.01;2025.06.24 21:04:00;144.755;;;106
2025.06.24 18:33:02;Buy;0.01;USDJPYr;144.829;0.01;2025.06.24 19:04:01;144.931;;;102
2025.06.24 17:58:01;Buy;0.01;USDJPYr;144.715;0.01;2025.06.24 18:33:01;144.816;;;101
2025.06.24 17:30:00;Buy;0.01;USDJPYr;144.586;0.01;2025.06.24 17:58:00;144.704;;;118
2025.06.24 16:45:00;Buy;0.01;EURUSDr;1.15843;0.01;2025.06.24 17:06:00;1.15951;;;156
2025.06.24 06:28:02;Sell;0.01;AUDJPYr;94.334;0.01;2025.06.24 16:34:00;94.213;;;121
2025.06.24 15:02:01;Buy;0.01;USDJPYr;145.054;0.01;2025.06.24 15:31:00;145.168;;;114
2025.06.24 14:45:00;Buy;0.01;USDJPYr;144.934;0.01;2025.06.24 15:02:00;145.043;;;109
2025.06.24 06:00:00;Sell;0.01;AUDJPYr;94.462;0.01;2025.06.24 06:28:01;94.347;;;115
2025.06.24 02:00:00;Sell;0.01;AUDJPYr;94.458;0.01;2025.06.24 03:50:00;94.353;;;105
2025.06.18 20:20:01;Sell;0.02;AUDNZDr;1.07884;0.02;2025.06.23 21:57:00;1.08057;;;-302
2025.06.18 06:15:01;Sell;0.01;AUDNZDr;1.07673;0.01;2025.06.23 21:57:00;1.08057;;;-335
2025.06.23 16:20:00;Sell;0.05;AUDNZDr;1.08366;0.05;2025.06.23 21:57:00;1.08057;;;1349
2025.06.19 05:45:00;Sell;0.03;AUDNZDr;1.08203;0.03;2025.06.23 21:57:00;1.08057;;;382
2025.06.23 07:05:07;Buy;0.02;AUDUSDr;0.64053;0.02;2025.06.23 20:29:00;0.64467;;;1212
2025.06.19 04:00:00;Buy;0.01;AUDUSDr;0.64981;0.01;2025.06.23 20:29:00;0.64467;;;-752
2025.06.23 07:05:07;Buy;0.02;AUDCADr;0.88167;0.02;2025.06.23 20:09:00;0.88518;;;747
2025.06.20 17:00:00;Buy;0.01;AUDCADr;0.88896;0.01;2025.06.23 20:09:00;0.88518;;;-402
2025.06.23 09:55:00;Sell;0.02;AUDJPYr;94.473;0.02;2025.06.23 18:57:00;94.093;;;760
2025.06.16 09:45:00;Sell;0.01;AUDJPYr;93.662;0.01;2025.06.23 18:57:00;94.093;;;-431
2025.06.23 12:20:00;Buy;0.02;GBPUSDr;1.33906;0.02;2025.06.23 17:13:00;1.34626;;;2114
2025.06.17 09:00:00;Buy;0.01;GBPUSDr;1.35683;0.01;2025.06.23 17:13:00;1.34626;;;-1552
2025.06.23 12:35:00;Buy;0.02;EURUSDr;1.14614;0.02;2025.06.23 17:02:00;1.15128;;;1512
2025.06.16 18:55:01;Buy;0.01;EURUSDr;1.15814;0.01;2025.06.23 17:02:00;1.15128;;;-1009
2025.06.23 10:00:00;Sell;0.01;AUDCADr;0.88348;0.01;2025.06.23 11:54:00;0.8825;;;105
2025.06.23 08:45:00;Sell;0.01;EURUSDr;1.15075;0.01;2025.06.23 10:15:00;1.14934;;;208
2025.06.23 05:55:04;Buy;0.02;AUDNZDr;1.08008;0.02;2025.06.23 08:01:00;1.08167;;;277
2025.06.20 18:45:00;Buy;0.01;AUDNZDr;1.08182;0.01;2025.06.23 08:01:00;1.08167;;;-13
2025.06.23 05:05:02;Sell;0.01;EURUSDr;1.14994;0.01;2025.06.23 07:28:02;1.1489099999999999;;;151
2025.06.23 05:50:11;Buy;0.01;USDJPYr;146.54;0.01;2025.06.23 06:24:00;146.647;;;107
2025.06.23 02:40:00;Sell;0.01;EURUSDr;1.15062;0.01;2025.06.23 03:07:01;1.14953;;;159
2025.06.19 15:26:01;Sell;0.01;GBPUSDr;1.34249;0.01;2025.06.23 01:02:08;1.3412;;;189
2025.06.19 21:00:00;Sell;0.01;EURUSDr;1.14788;0.01;2025.06.23 00:05:08;1.14611;;;260
2025.06.19 20:45:04;Sell;0.01;AUDCADr;0.88698;0.01;2025.06.20 22:09:01;0.88598;;;106
2025.06.20 14:30:00;Buy;0.01;AUDCADr;0.88885;0.01;2025.06.20 15:34:00;0.88986;;;107
2025.06.19 21:00:00;Buy;0.01;USDJPYr;145.512;0.01;2025.06.20 15:12:03;145.64;;;128
2025.06.20 09:00:00;Buy;0.01;AUDNZDr;1.08086;0.01;2025.06.20 11:53:00;1.08189;;;90
2025.06.19 20:15:01;Buy;0.02;AUDCADr;0.88646;0.02;2025.06.20 07:51:01;0.88908;;;556
2025.06.19 02:00:00;Buy;0.01;AUDCADr;0.89109;0.01;2025.06.20 07:51:01;0.88908;;;-213
2025.06.20 02:30:00;Buy;0.01;AUDNZDr;1.08089;0.01;2025.06.20 05:54:00;1.08192;;;90
2025.06.19 11:45:01;Sell;0.01;EURUSDr;1.14692;0.01;2025.06.19 19:01:00;1.14587;;;153
2025.06.19 14:30:00;Sell;0.01;GBPUSDr;1.34358;0.01;2025.06.19 15:26:00;1.3425500000000001;;;150
2025.06.19 12:00:00;Sell;0.01;GBPUSDr;1.3427;0.01;2025.06.19 14:01:00;1.34116;;;224
2025.06.19 10:30:00;Sell;0.01;EURUSDr;1.14731;0.01;2025.06.19 10:56:01;1.1463;;;147
2025.06.19 06:15:00;Sell;0.01;GBPJPYr;194.524;0.01;2025.06.19 08:58:00;194.399;;;125
2025.06.16 07:45:00;Sell;0.01;AUDCADr;0.8812;0.01;2025.06.19 08:49:01;0.88775;;;-693
2025.06.18 18:15:07;Sell;0.03;AUDCADr;0.89194;0.03;2025.06.19 08:49:01;0.88775;;;1331
2025.06.18 08:15:00;Sell;0.02;AUDCADr;0.88798;0.02;2025.06.19 08:49:01;0.88775;;;49
2025.06.18 21:54:01;Sell;0.01;AUDUSDr;0.65029;0.01;2025.06.19 04:02:06;0.64924;;;152
2025.06.18 18:00:00;Sell;0.01;AUDUSDr;0.65153;0.01;2025.06.18 21:54:00;0.6504;;;164
2025.06.18 19:14:01;Sell;0.01;EURUSDr;1.15171;0.01;2025.06.18 19:45:00;1.15069;;;148
2025.06.18 18:30:00;Sell;0.01;GBPUSDr;1.34724;0.01;2025.06.18 19:30:00;1.34618;;;153
2025.06.18 18:30:00;Sell;0.01;EURUSDr;1.15292;0.01;2025.06.18 19:14:00;1.1518;;;162
2025.06.18 13:45:00;Buy;0.01;AUDUSDr;0.64963;0.01;2025.06.18 17:04:00;0.65144;;;262
2025.06.18 13:45:00;Buy;0.01;AUDCADr;0.88761;0.01;2025.06.18 16:52:00;0.88861;;;106
2025.06.09 02:10:00;Sell;0.02;EURJPYr;165.023;0.02;2025.06.18 16:47:00;166.343;;;-2640
2025.06.05 03:00:00;Sell;0.01;EURJPYr;163.01;0.01;2025.06.18 16:47:00;166.343;;;-3333
2025.06.10 19:15:02;Sell;0.03;EURJPYr;165.568;0.03;2025.06.18 16:47:00;166.343;;;-2325
2025.06.17 12:15:00;Sell;0.08;EURJPYr;167.44;0.08;2025.06.18 16:47:00;166.343;;;8776
2025.06.13 18:55:01;Sell;0.05;EURJPYr;166.528;0.05;2025.06.18 16:47:00;166.343;;;925
2025.06.18 15:15:00;Sell;0.01;EURUSDr;1.1510799999999999;0.01;2025.06.18 16:22:00;1.14995;;;164
2025.06.18 07:45:01;Sell;0.01;EURUSDr;1.1504;0.01;2025.06.18 13:58:00;1.14922;;;171
2025.06.18 09:30:00;Sell;0.01;GBPJPYr;195.145;0.01;2025.06.18 11:59:00;195.034;;;111
2025.05.29 12:15:00;Sell;0.01;EURUSDr;1.12732;0.01;2025.06.17 21:49:01;1.1476600000000001;;;-2956
2025.06.02 10:00:00;Sell;0.02;EURUSDr;1.14009;0.02;2025.06.17 21:49:01;1.1476600000000001;;;-2201
2025.06.12 15:50:00;Sell;0.03;EURUSDr;1.16156;0.03;2025.06.17 21:49:01;1.1476600000000001;;;6061
2025.06.13 10:30:00;Sell;0.01;GBPJPYr;194.87;0.01;2025.06.17 20:45:00;195.394;;;-524
2025.06.16 02:20:00;Sell;0.02;GBPJPYr;195.85;0.02;2025.06.17 20:45:00;195.394;;;912
2025.06.16 10:00:00;Sell;0.01;AUDUSDr;0.65032;0.01;2025.06.17 19:59:00;0.64931;;;147
2025.05.19 11:05:00;Sell;0.02;GBPUSDr;1.33646;0.02;2025.06.17 19:41:00;1.34921;;;-3699
2025.05.13 15:15:00;Sell;0.01;GBPUSDr;1.32172;0.01;2025.06.17 19:41:00;1.34921;;;-3987
2025.06.13 03:10:00;Sell;0.05;GBPUSDr;1.36174;0.05;2025.06.17 19:41:00;1.34921;;;9087
2025.05.23 11:33:02;Sell;0.03;GBPUSDr;1.34846;0.03;2025.06.17 19:41:00;1.34921;;;-326
2025.06.16 17:47:01;Buy;0.01;USDJPYr;144.066;0.01;2025.06.16 18:35:00;144.176;;;110
2025.06.16 16:15:00;Buy;0.01;USDJPYr;143.923;0.01;2025.06.16 17:47:00;144.052;;;129
2025.06.16 09:00:00;Sell;0.01;AUDNZDr;1.07799;0.01;2025.06.16 17:04:00;1.07697;;;89
2025.06.13 03:20:00;Buy;0.03;AUDCADr;0.88434;0.03;2025.06.16 16:31:00;0.88566;;;420
2025.06.11 21:35:00;Buy;0.02;AUDCADr;0.88931;0.02;2025.06.16 16:31:00;0.88566;;;-775
2025.06.11 15:33:01;Buy;0.01;AUDCADr;0.89265;0.01;2025.06.16 16:31:00;0.88566;;;-742
2025.06.16 04:55:00;Buy;0.05;AUDCADr;0.88105;0.05;2025.06.16 16:31:00;0.88566;;;2447
2025.06.16 13:30:00;Buy;0.01;USDJPYr;144.071;0.01;2025.06.16 15:04:00;144.177;;;106
2025.06.16 09:41:01;Buy;0.01;USDJPYr;144.221;0.01;2025.06.16 10:15:00;144.331;;;110
2025.06.16 08:30:00;Buy;0.01;USDJPYr;144.105;0.01;2025.06.16 09:41:00;144.208;;;103
2025.06.16 04:15:00;Buy;0.01;AUDNZDr;1.0771;0.01;2025.06.16 08:58:00;1.0781;;;87
2025.06.16 04:15:00;Buy;0.01;AUDUSDr;0.64878;0.01;2025.06.16 08:53:01;0.64988;;;158
2025.06.16 08:43:44;Balance;;;;;;;;;-85000
2025.06.16 06:15:08;Buy;0.01;GBPUSDr;1.35412;0.01;2025.06.16 08:03:02;1.35514;;;147
2025.06.13 11:54:00;Sell;0.02;AUDNZDr;1.07825;0.02;2025.06.16 04:24:01;1.07672;;;266
2025.06.13 08:00:00;Sell;0.01;AUDNZDr;1.07674;0.01;2025.06.16 04:24:01;1.07672;;;2
2025.06.16 02:30:02;Sell;0.01;AUDJPYr;93.723;0.01;2025.06.16 04:04:00;93.619;;;104
2025.06.13 21:45:00;Buy;0.01;AUDUSDr;0.64848;0.01;2025.06.16 03:24:00;0.64955;;;155
2025.06.13 09:42:01;Sell;0.01;AUDCADr;0.88212;0.01;2025.06.16 01:12:06;0.88094;;;126
2025.06.13 21:45:03;Buy;0.01;GBPUSDr;1.35625;0.01;2025.06.13 23:57:05;1.35728;;;148
2025.06.13 21:40:01;Buy;0.01;EURUSDr;1.15402;0.01;2025.06.13 22:58:00;1.15506;;;150
2025.06.13 20:45:01;Buy;0.01;EURUSDr;1.15382;0.01;2025.06.13 20:55:01;1.15488;;;153
2025.06.13 19:15:00;Buy;0.01;USDJPYr;144.022;0.01;2025.06.13 20:33:00;144.126;;;104
2025.06.13 18:30:00;Buy;0.01;USDJPYr;143.991;0.01;2025.06.13 18:52:00;144.128;;;137
2025.06.13 12:45:00;Buy;0.01;GBPUSDr;1.3546;0.01;2025.06.13 17:26:00;1.35564;;;150
2025.06.13 12:45:00;Buy;0.01;AUDUSDr;0.64798;0.01;2025.06.13 17:10:00;0.64916;;;170
2025.06.13 13:30:00;Buy;0.01;EURUSDr;1.15172;0.01;2025.06.13 17:04:00;1.1528100000000001;;;157
2025.06.12 14:45:00;Buy;0.02;AUDNZDr;1.07642;0.02;2025.06.13 12:05:00;1.07842;;;346
2025.06.11 15:30:04;Buy;0.01;AUDNZDr;1.07902;0.01;2025.06.13 12:05:00;1.07842;;;-52
2025.06.13 10:00:00;Buy;0.01;AUDJPYr;93.021;0.01;2025.06.13 10:32:01;93.133;;;112
2025.06.13 06:15:00;Buy;0.01;GBPUSDr;1.35495;0.01;2025.06.13 10:31:00;1.35618;;;177
2025.06.13 09:04:01;Buy;0.01;EURUSDr;1.15375;0.01;2025.06.13 10:03:00;1.15476;;;145
2025.06.13 09:45:00;Buy;0.01;AUDJPYr;92.928;0.01;2025.06.13 09:58:00;93.037;;;109
2025.06.13 09:15:00;Sell;0.01;AUDCADr;0.88342;0.01;2025.06.13 09:42:00;0.88236;;;112
2025.06.13 08:52:01;Sell;0.01;GBPJPYr;194.389;0.01;2025.06.13 09:12:00;194.252;;;137
2025.06.13 08:45:00;Buy;0.01;EURUSDr;1.15253;0.01;2025.06.13 09:04:00;1.15369;;;166
2025.06.13 08:30:00;Sell;0.01;GBPJPYr;194.531;0.01;2025.06.13 08:52:00;194.411;;;120
2025.06.13 08:30:00;Buy;0.01;EURUSDr;1.15133;0.01;2025.06.13 08:39:01;1.15249;;;167
2025.06.13 07:30:00;Buy;0.01;AUDUSDr;0.64707;0.01;2025.06.13 08:09:00;0.64813;;;152
2025.06.13 07:30:00;Buy;0.01;EURUSDr;1.15218;0.01;2025.06.13 08:06:00;1.15331;;;162
2025.06.12 11:15:01;Buy;0.01;USDJPYr;143.861;0.01;2025.06.13 06:19:00;143.476;;;-385
2025.06.13 03:15:00;Buy;0.02;USDJPYr;143.117;0.02;2025.06.13 06:19:00;143.476;;;718
2025.06.13 04:00:00;Buy;0.01;AUDUSDr;0.64769;0.01;2025.06.13 04:54:01;0.64865;;;137
2025.06.13 04:00:00;Buy;0.01;AUDJPYr;92.646;0.01;2025.06.13 04:49:00;92.75;;;104
2025.06.12 14:00:01;Sell;0.01;AUDUSDr;0.65162;0.01;2025.06.13 03:10:00;0.65059;;;147
2025.06.12 14:00:00;Sell;0.01;AUDCADr;0.88837;0.01;2025.06.13 03:01:00;0.88716;;;127
2025.06.12 14:00:00;Sell;0.01;AUDJPYr;93.534;0.01;2025.06.13 03:00:00;93.423;;;111
2025.06.12 18:59:01;Sell;0.01;GBPJPYr;195.134;0.01;2025.06.13 03:00:00;195.052;;;82
2025.06.12 21:15:01;Buy;0.01;EURUSDr;1.1574;0.01;2025.06.12 23:38:01;1.15842;;;146
2025.06.12 17:15:00;Sell;0.01;GBPJPYr;195.242;0.01;2025.06.12 18:59:00;195.138;;;104
2025.06.12 08:15:04;Buy;0.01;AUDUSDr;0.64962;0.01;2025.06.12 13:15:00;0.65066;;;149
2025.06.12 12:00:00;Sell;0.01;AUDCADr;0.88764;0.01;2025.06.12 12:47:02;0.88664;;;105
2025.06.12 10:15:00;Sell;0.01;AUDNZDr;1.07819;0.01;2025.06.12 12:13:01;1.0771;;;95
2025.06.12 10:15:00;Buy;0.01;GBPUSDr;1.35437;0.01;2025.06.12 11:44:01;1.35572;;;194
2025.06.12 09:06:00;Buy;0.02;USDJPYr;143.788;0.02;2025.06.12 10:26:12;144.053;;;530
2025.06.12 02:00:00;Buy;0.01;USDJPYr;144.252;0.01;2025.06.12 10:26:12;144.053;;;-199
2025.06.10 15:00:00;Sell;0.01;GBPJPYr;195.265;0.01;2025.06.12 09:01:00;195.094;;;171
2025.06.12 06:45:00;Sell;0.01;AUDCADr;0.88858;0.01;2025.06.12 07:13:00;0.88753;;;111
2025.06.10 16:15:00;Sell;0.01;AUDNZDr;1.07793;0.01;2025.06.12 06:58:00;1.0768;;;98
2025.06.12 04:45:00;Buy;0.01;AUDUSDr;0.64858;0.01;2025.06.12 06:24:00;0.64958;;;144
2025.06.06 21:45:00;Sell;0.01;AUDUSDr;0.64971;0.01;2025.06.12 04:44:02;0.64868;;;148
2025.06.04 09:45:01;Sell;0.01;AUDCADr;0.88681;0.01;2025.06.11 22:26:00;0.88849;;;-178
2025.06.09 05:20:03;Sell;0.03;AUDCADr;0.89106;0.03;2025.06.11 22:26:00;0.88849;;;816
2025.06.05 13:00:00;Sell;0.02;AUDCADr;0.8889;0.02;2025.06.11 22:26:00;0.88849;;;87
2025.06.11 21:33:01;Buy;0.01;USDJPYr;144.488;0.01;2025.06.11 22:12:01;144.592;;;104
2025.06.11 21:15:00;Buy;0.01;USDJPYr;144.356;0.01;2025.06.11 21:33:00;144.481;;;125
2025.06.10 04:35:00;Sell;0.02;AUDJPYr;94.324;0.02;2025.06.11 21:19:00;93.931;;;786
2025.06.06 03:00:00;Sell;0.01;AUDJPYr;93.444;0.01;2025.06.11 21:19:00;93.931;;;-487
2025.06.11 19:00:00;Buy;0.01;USDJPYr;144.495;0.01;2025.06.11 19:47:00;144.613;;;118
2025.06.10 04:30:01;Buy;0.01;GBPUSDr;1.35465;0.01;2025.06.11 18:44:01;1.3556599999999999;;;146
2025.06.11 15:31:01;Buy;0.01;AUDUSDr;0.65303;0.01;2025.06.11 15:36:00;0.6542;;;169
2025.06.11 15:00:00;Buy;0.02;AUDCADr;0.89007;0.02;2025.06.11 15:33:00;0.89213;;;436
2025.06.10 17:30:00;Buy;0.01;AUDCADr;0.89305;0.01;2025.06.11 15:33:00;0.89213;;;-97
2025.06.11 15:00:00;Buy;0.01;AUDUSDr;0.65061;0.01;2025.06.11 15:31:00;0.65296;;;340
2025.06.11 05:00:01;Buy;0.01;AUDUSDr;0.65031;0.01;2025.06.11 06:58:00;0.65136;;;152
2025.06.10 07:15:01;Buy;0.01;USDJPYr;144.893;0.01;2025.06.10 19:31:00;145.016;;;123
2025.06.10 08:15:00;Buy;0.01;AUDNZDr;1.07796;0.01;2025.06.10 17:50:00;1.07898;;;89
2025.06.10 08:30:00;Buy;0.01;AUDCADr;0.8924;0.01;2025.06.10 16:30:00;0.89344;;;110
2025.06.06 05:30:08;Buy;0.01;EURUSDr;1.14355;0.01;2025.06.10 16:08:00;1.14458;;;149
2025.06.10 10:00:00;Buy;0.01;AUDUSDr;0.64993;0.01;2025.06.10 11:35:00;0.65098;;;152
2025.06.03 14:30:00;Sell;0.01;GBPJPYr;193.183;0.01;2025.06.10 10:10:00;194.804;;;-1621
2025.06.09 15:05:00;Sell;0.03;GBPJPYr;195.822;0.03;2025.06.10 10:10:00;194.804;;;3054
2025.06.05 11:35:01;Sell;0.02;GBPJPYr;194.436;0.02;2025.06.10 10:10:00;194.804;;;-736
2025.06.10 05:30:01;Buy;0.01;AUDCADr;0.89256;0.01;2025.06.10 06:08:01;0.89362;;;112
2025.06.09 09:30:00;Buy;0.01;AUDNZDr;1.0784;0.01;2025.06.10 04:49:00;1.07822;;;-16
2025.06.10 03:40:00;Buy;0.02;AUDNZDr;1.07659;0.02;2025.06.10 04:49:00;1.07822;;;285
2025.06.10 03:30:01;Buy;0.01;USDJPYr;144.411;0.01;2025.06.10 03:39:00;144.531;;;120
2025.06.09 19:15:00;Buy;0.01;AUDCADr;0.89201;0.01;2025.06.10 03:13:00;0.89303;;;108
2025.06.06 11:45:00;Sell;0.01;AUDNZDr;1.07657;0.01;2025.06.10 03:09:00;1.07693;;;-32
2025.06.06 17:10:00;Sell;0.02;AUDNZDr;1.07869;0.02;2025.06.10 03:09:00;1.07693;;;308
2025.06.06 16:00:00;Buy;0.01;EURGBPr;0.84199;0.01;2025.06.10 03:08:02;0.843;;;198
2025.06.09 11:45:00;Buy;0.02;USDJPYr;144.065;0.02;2025.06.09 14:34:00;144.398;;;666
2025.06.09 04:30:00;Buy;0.01;USDJPYr;144.643;0.01;2025.06.09 14:34:00;144.398;;;-245
2025.06.06 08:30:00;Buy;0.01;GBPUSDr;1.3565;0.01;2025.06.09 11:40:00;1.3575300000000001;;;148
2025.06.09 02:15:01;Buy;0.01;USDJPYr;144.641;0.01;2025.06.09 03:19:00;144.752;;;111
2025.06.06 09:34:01;Buy;0.02;AUDCADr;0.88799;0.02;2025.06.06 21:37:02;0.88966;;;353
2025.06.05 20:30:00;Buy;0.01;AUDCADr;0.89001;0.01;2025.06.06 21:37:02;0.88966;;;-37
2025.06.02 02:00:00;Sell;0.01;AUDUSDr;0.6446;0.01;2025.06.06 16:26:00;0.64834;;;-542
2025.06.05 15:55:00;Sell;0.02;AUDUSDr;0.65177;0.02;2025.06.06 16:26:00;0.64834;;;994
2025.06.06 03:30:00;Buy;0.01;AUDNZDr;1.0771;0.01;2025.06.06 16:05:00;1.07815;;;91
2025.06.06 03:00:00;Sell;0.01;EURGBPr;0.8434;0.01;2025.06.06 15:12:02;0.84238;;;199
2025.06.05 18:15:00;Buy;0.01;EURGBPr;0.84261;0.01;2025.06.06 09:26:02;0.84371;;;215
2025.06.05 17:45:00;Sell;0.01;AUDNZDr;1.07649;0.01;2025.06.06 07:47:03;1.07549;;;87
2025.06.05 18:45:00;Buy;0.01;EURUSDr;1.14385;0.01;2025.06.06 01:17:38;1.14486;;;145
2025.06.05 08:00:00;Sell;0.01;AUDJPYr;92.856;0.01;2025.06.06 01:02:02;93.314;;;-458
2025.06.05 18:55:00;Sell;0.02;AUDJPYr;93.723;0.02;2025.06.06 01:02:02;93.338;;;770
2025.06.05 02:00:00;Buy;0.01;AUDNZDr;1.07674;0.01;2025.06.05 18:16:00;1.07786;;;97
2025.06.05 17:01:01;Buy;0.01;USDJPYr;143.105;0.01;2025.06.05 17:06:00;143.26;;;155
2025.06.05 16:45:00;Buy;0.01;USDJPYr;142.985;0.01;2025.06.05 17:01:00;143.09;;;105
2025.06.05 09:30:00;Sell;0.01;AUDNZDr;1.07674;0.01;2025.06.05 16:24:00;1.07559;;;100
2025.06.05 15:50:01;Buy;0.01;USDJPYr;143.371;0.01;2025.06.05 15:53:00;143.486;;;115
2025.06.05 15:30:00;Buy;0.01;USDJPYr;143.071;0.01;2025.06.05 15:50:00;143.327;;;256
2025.06.03 05:15:00;Buy;0.01;EURUSDr;1.14286;0.01;2025.06.05 15:31:01;1.14431;;;207
2025.06.05 13:15:00;Buy;0.01;USDJPYr;143.173;0.01;2025.06.05 14:35:00;143.294;;;121
2025.06.05 11:30:00;Buy;0.01;AUDCADr;0.88831;0.01;2025.06.05 12:20:10;0.88938;;;112
2025.06.04 18:00:00;Buy;0.01;USDJPYr;143.146;0.01;2025.06.05 10:44:00;143.25;;;104
2025.06.05 07:00:00;Buy;0.01;AUDCADr;0.88768;0.01;2025.06.05 10:18:00;0.88876;;;113
2025.06.05 06:15:00;Buy;0.01;AUDJPYr;92.791;0.01;2025.06.05 08:36:00;92.892;;;101
2025.06.05 05:15:01;Buy;0.01;GBPUSDr;1.35437;0.01;2025.06.05 06:24:00;1.35556;;;170
2025.06.03 09:15:00;Sell;0.01;AUDNZDr;1.0763;0.01;2025.06.05 05:27:01;1.07641;;;-9
2025.06.04 15:20:00;Sell;0.02;AUDNZDr;1.07806;0.02;2025.06.05 05:27:01;1.07641;;;285
2025.06.04 19:00:00;Buy;0.01;EURGBPr;0.84196;0.01;2025.06.05 03:45:05;0.843;;;201
2025.06.03 16:45:00;Sell;0.01;EURJPYr;163.431;0.01;2025.06.04 18:35:00;163.318;;;113
2025.05.27 09:14:01;Buy;0.01;GBPUSDr;1.35669;0.01;2025.06.04 17:50:00;1.35775;;;152
2025.06.04 11:30:00;Sell;0.01;AUDJPYr;93.159;0.01;2025.06.04 17:05:00;93.062;;;97
2025.06.04 15:45:00;Buy;0.01;USDJPYr;143.587;0.01;2025.06.04 16:16:00;143.693;;;106
2025.06.04 06:25:03;Buy;0.02;AUDCADr;0.8866;0.02;2025.06.04 14:45:00;0.88869;;;440
2025.06.03 04:30:00;Buy;0.01;AUDCADr;0.88986;0.01;2025.06.04 14:45:00;0.88869;;;-123
2025.06.04 06:15:00;Buy;0.01;AUDNZDr;1.0766499999999999;0.01;2025.06.04 14:43:00;1.07765;;;87
2025.06.04 06:45:05;Buy;0.01;EURGBPr;0.84107;0.01;2025.06.04 14:23:01;0.84208;;;197
2025.06.04 12:00:00;Buy;0.01;USDJPYr;143.898;0.01;2025.06.04 12:39:01;144.012;;;114
2025.06.04 08:30:00;Buy;0.01;AUDUSDr;0.64553;0.01;2025.06.04 10:20:01;0.64656;;;148
2025.06.04 08:15:00;Sell;0.01;AUDJPYr;93.13;0.01;2025.06.04 09:21:00;93.026;;;104
2025.06.04 02:45:01;Buy;0.01;AUDNZDr;1.07678;0.01;2025.06.04 04:58:00;1.07779;;;87
2025.06.04 02:30:00;Sell;0.01;AUDJPYr;93.045;0.01;2025.06.04 03:21:00;92.921;;;124
2025.06.03 20:45:00;Sell;0.01;AUDCADr;0.88731;0.01;2025.06.04 03:11:01;0.88629;;;107
2025.06.04 03:00:00;Buy;0.01;USDJPYr;143.823;0.01;2025.06.04 03:08:00;143.924;;;101
2025.06.03 16:45:00;Buy;0.01;AUDNZDr;1.07602;0.01;2025.06.03 17:48:00;1.07715;;;98
2025.06.03 14:30:00;Buy;0.01;AUDUSDr;0.64556;0.01;2025.06.03 17:19:03;0.64666;;;158
2025.06.02 11:00:00;Sell;0.01;EURGBPr;0.84312;0.01;2025.06.03 17:09:04;0.84202;;;214
2025.06.03 05:45:00;Buy;0.01;AUDJPYr;92.652;0.01;2025.06.03 17:04:00;92.76;;;108
2025.06.03 07:45:00;Buy;0.01;USDJPYr;143.03;0.01;2025.06.03 14:18:00;143.137;;;107
2025.06.03 12:15:00;Buy;0.01;AUDNZDr;1.07571;0.01;2025.06.03 13:44:00;1.07676;;;90
2025.06.03 12:30:00;Sell;0.01;GBPJPYr;193.166;0.01;2025.06.03 13:03:00;193.064;;;102
2025.06.03 03:30:00;Sell;0.01;EURJPYr;163.247;0.01;2025.06.03 10:16:00;163.125;;;122
2025.06.03 04:15:01;Buy;0.03;AUDNZDr;1.07324;0.03;2025.06.03 09:45:00;1.07707;;;984
2025.05.29 16:24:00;Buy;0.02;AUDNZDr;1.07821;0.02;2025.06.03 09:45:00;1.07707;;;-195
2025.05.29 12:15:02;Buy;0.01;AUDNZDr;1.07983;0.01;2025.06.03 09:45:00;1.07707;;;-236
2025.06.02 02:00:00;Sell;0.01;AUDCADr;0.88466;0.01;2025.06.03 08:27:00;0.88707;;;-251
2025.06.02 18:05:00;Sell;0.03;AUDCADr;0.88998;0.03;2025.06.03 08:27:00;0.88707;;;909
2025.06.02 13:00:00;Sell;0.02;AUDCADr;0.88766;0.02;2025.06.03 08:27:00;0.88707;;;123
2025.06.03 06:45:00;Sell;0.01;GBPJPYr;193.562;0.01;2025.06.03 07:19:00;193.441;;;121
2025.06.03 04:30:00;Sell;0.01;GBPJPYr;193.584;0.01;2025.06.03 06:03:01;193.474;;;110
2025.06.02 15:27:01;Buy;0.01;AUDJPYr;92.649;0.01;2025.06.03 04:32:00;92.8;;;151
2025.06.02 04:16:02;Buy;0.02;USDJPYr;143.517;0.02;2025.06.03 04:32:00;143.095;;;-844
2025.05.30 19:30:00;Buy;0.01;USDJPYr;143.982;0.01;2025.06.03 04:32:00;143.095;;;-887
2025.06.03 02:30:00;Buy;0.05;USDJPYr;142.516;0.05;2025.06.03 04:32:00;143.095;;;2895
2025.06.02 10:35:00;Buy;0.03;USDJPYr;143.038;0.03;2025.06.03 04:32:00;143.095;;;171
2025.06.02 20:45:00;Sell;0.01;EURJPYr;163.282;0.01;2025.06.03 01:27:00;163.161;;;121
2025.06.02 19:40:00;Buy;0.01;EURUSDr;1.14201;0.01;2025.06.02 21:40:01;1.14302;;;144
2025.06.02 14:45:01;Sell;0.01;AUDNZDr;1.07739;0.01;2025.06.02 18:28:00;1.07635;;;90
2025.06.02 17:45:00;Sell;0.01;EURJPYr;163.216;0.01;2025.06.02 17:52:00;163.12;;;96
2025.06.02 16:45:00;Sell;0.01;EURJPYr;163.21;0.01;2025.06.02 17:03:00;163.072;;;138
2025.06.02 16:35:00;Buy;0.01;EURUSDr;1.1409;0.01;2025.06.02 16:47:01;1.14199;;;156
2025.06.02 14:30:00;Buy;0.01;AUDJPYr;92.519;0.01;2025.06.02 15:27:00;92.631;;;112
2025.05.27 08:35:00;Buy;0.02;AUDCADr;0.88869;0.02;2025.06.02 14:39:00;0.88863;;;-12
2025.05.26 07:15:03;Buy;0.01;AUDCADr;0.89334;0.01;2025.06.02 14:39:00;0.88863;;;-490
2025.05.30 17:05:00;Buy;0.03;AUDCADr;0.88485;0.03;2025.06.02 14:39:00;0.88863;;;1180
2025.06.02 13:28:01;Sell;0.01;EURJPYr;163.092;0.01;2025.06.02 14:11:00;162.987;;;105
2025.06.02 12:00:00;Sell;0.01;EURJPYr;163.226;0.01;2025.06.02 13:28:00;163.105;;;121
2025.06.02 10:57:01;Sell;0.01;GBPJPYr;193.57;0.01;2025.06.02 13:17:00;193.456;;;114
2025.06.02 09:45:00;Sell;0.01;EURJPYr;163.257;0.01;2025.06.02 11:19:00;163.144;;;113
2025.06.02 10:30:00;Sell;0.01;GBPJPYr;193.719;0.01;2025.06.02 10:57:00;193.584;;;135
2025.06.02 10:15:00;Sell;0.01;GBPJPYr;193.822;0.01;2025.06.02 10:29:04;193.71;;;112
2025.06.02 06:45:00;Buy;0.01;AUDJPYr;92.647;0.01;2025.06.02 10:21:01;92.751;;;104
2025.06.02 07:30:00;Sell;0.01;GBPJPYr;193.64;0.01;2025.06.02 08:56:00;193.519;;;121
2025.06.02 06:10:00;Buy;0.01;EURUSDr;1.13592;0.01;2025.06.02 08:09:01;1.13694;;;146
2025.06.02 05:45:00;Sell;0.01;GBPJPYr;193.646;0.01;2025.06.02 06:29:00;193.543;;;103
2025.05.30 18:30:00;Sell;0.01;AUDNZDr;1.07797;0.01;2025.06.02 04:29:01;1.07697;;;86
2025.05.30 20:15:00;Buy;0.01;AUDJPYr;92.536;0.01;2025.05.30 21:08:00;92.638;;;102
2025.05.30 03:45:08;Buy;0.01;EURGBPr;0.8425;0.01;2025.05.30 20:43:00;0.8435;;;194
2025.05.30 05:45:03;Buy;0.01;EURUSDr;1.1353;0.01;2025.05.30 20:21:00;1.13642;;;161
2025.05.30 20:00:00;Buy;0.01;AUDJPYr;92.459;0.01;2025.05.30 20:08:01;92.564;;;105
2025.05.30 18:16:01;Sell;0.01;EURJPYr;163.605;0.01;2025.05.30 19:20:00;163.499;;;106
2025.05.30 09:45:00;Buy;0.01;AUDUSDr;0.64278;0.01;2025.05.30 19:10:02;0.64383;;;151
2025.05.30 18:41:01;Sell;0.01;GBPJPYr;194.213;0.01;2025.05.30 19:03:00;194.105;;;108
2025.05.30 18:15:00;Sell;0.01;GBPJPYr;194.335;0.01;2025.05.30 18:41:00;194.226;;;109
2025.05.30 18:00:00;Sell;0.01;EURJPYr;163.76;0.01;2025.05.30 18:16:00;163.616;;;144
2025.05.30 18:00:00;Sell;0.01;GBPJPYr;194.502;0.01;2025.05.30 18:11:00;194.394;;;108
2025.05.29 16:15:00;Buy;0.02;USDJPYr;144.494;0.02;2025.05.30 17:53:00;144.402;;;-184
2025.05.29 10:15:00;Buy;0.01;USDJPYr;145.382;0.01;2025.05.30 17:53:00;144.402;;;-980
2025.05.30 15:50:00;Buy;0.03;USDJPYr;143.712;0.03;2025.05.30 17:53:00;144.402;;;2070
2025.05.30 15:00:00;Buy;0.01;AUDJPYr;92.384;0.01;2025.05.30 17:32:00;92.509;;;125
2025.05.30 13:45:04;Sell;0.01;AUDCADr;0.8872;0.01;2025.05.30 15:17:00;0.88612;;;112
2025.05.30 14:49:01;Sell;0.01;EURJPYr;163.083;0.01;2025.05.30 15:10:00;162.961;;;122
2025.05.30 14:30:00;Sell;0.01;EURJPYr;163.195;0.01;2025.05.30 14:49:00;163.093;;;102
2025.05.30 11:00:00;Sell;0.01;GBPJPYr;194.148;0.01;2025.05.30 11:07:02;194.033;;;115
2025.05.30 04:31:01;Sell;0.01;AUDCADr;0.88809;0.01;2025.05.30 10:09:00;0.88678;;;136
2025.05.30 04:30:00;Sell;0.01;EURGBPr;0.84278;0.01;2025.05.30 09:32:00;0.84175;;;200
2025.05.30 05:00:00;Buy;0.01;AUDUSDr;0.64278;0.01;2025.05.30 08:41:00;0.64388;;;158
2025.05.27 07:30:03;Sell;0.01;EURJPYr;162.355;0.01;2025.05.30 07:02:00;163.242;;;-887
2025.05.29 02:20:01;Sell;0.02;EURJPYr;163.867;0.02;2025.05.30 07:02:00;163.242;;;1250
2025.05.29 11:29:08;Sell;0.01;AUDUSDr;0.64371;0.01;2025.05.30 05:05:01;0.64271;;;144
2025.05.29 07:00:00;Sell;0.01;AUDCADr;0.8894;0.01;2025.05.30 04:31:00;0.88832;;;112
2025.05.27 10:30:00;Buy;0.02;EURGBPr;0.83829;0.02;2025.05.29 16:58:00;0.84121;;;1137
2025.05.22 04:15:03;Buy;0.01;EURGBPr;0.84401;0.01;2025.05.29 16:58:00;0.84121;;;-545
2025.05.28 20:00:00;Sell;0.01;AUDJPYr;93.061;0.01;2025.05.29 16:50:00;92.954;;;107
2025.05.29 02:55:00;Sell;0.02;GBPJPYr;195.688;0.02;2025.05.29 16:45:00;194.784;;;1808
2025.05.27 07:30:01;Sell;0.01;GBPJPYr;193.368;0.01;2025.05.29 16:45:00;194.784;;;-1416
2025.05.29 04:15:00;Sell;0.01;AUDNZDr;1.07926;0.01;2025.05.29 15:58:00;1.07814;;;97
2025.05.28 14:00:00;Buy;0.01;AUDUSDr;0.64416;0.01;2025.05.29 15:35:00;0.64512;;;139
2025.05.29 02:50:00;Buy;0.02;EURUSDr;1.12308;0.02;2025.05.29 15:21:01;1.12969;;;1913
2025.05.26 10:15:00;Buy;0.01;EURUSDr;1.1397;0.01;2025.05.29 15:21:01;1.12969;;;-1448
2025.05.29 11:00:00;Sell;0.01;AUDUSDr;0.64487;0.01;2025.05.29 11:29:07;0.64376;;;161
2025.05.29 10:15:00;Sell;0.01;EURUSDr;1.12794;0.01;2025.05.29 11:20:00;1.1268799999999999;;;154
2025.05.28 05:30:00;Buy;0.01;AUDNZDr;1.08058;0.01;2025.05.29 06:05:01;1.08163;;;91
2025.05.29 02:00:00;Sell;0.01;AUDCADr;0.88945;0.01;2025.05.29 04:20:00;0.88828;;;123
2025.05.27 16:15:00;Sell;0.01;AUDCADr;0.88841;0.01;2025.05.28 16:23:00;0.88743;;;103
2025.05.28 10:30:01;Sell;0.01;EURUSDr;1.13166;0.01;2025.05.28 16:07:00;1.13064;;;148
2025.05.28 11:15:00;Buy;0.01;USDJPYr;144.142;0.01;2025.05.28 13:46:00;144.247;;;105
2025.05.28 08:15:00;Buy;0.01;AUDUSDr;0.64274;0.01;2025.05.28 09:32:01;0.6438;;;153
2025.05.28 04:15:00;Buy;0.01;USDJPYr;144.493;0.01;2025.05.28 05:57:00;144.618;;;125
2025.05.28 05:04:01;Sell;0.01;AUDNZDr;1.08198;0.01;2025.05.28 05:16:00;1.08011;;;161
2025.05.28 03:55:00;Sell;0.02;AUDNZDr;1.08464;0.02;2025.05.28 05:04:00;1.08223;;;413
2025.05.27 12:00:00;Sell;0.01;AUDNZDr;1.08221;0.01;2025.05.28 05:04:00;1.08223;;;-2
2025.04.17 11:00:00;Sell;0.02;AUDUSDr;0.63504;0.02;2025.05.28 04:45:00;0.64334;;;-2396
2025.04.10 13:15:01;Sell;0.01;AUDUSDr;0.61794;0.01;2025.05.28 04:45:00;0.64334;;-4;-3666
2025.05.26 05:20:01;Sell;0.05;AUDUSDr;0.65331;0.05;2025.05.28 04:45:00;0.64334;;;7194
2025.05.02 13:00:00;Sell;0.03;AUDUSDr;0.6441;0.03;2025.05.28 04:45:00;0.64334;;;329
2025.05.28 04:06:01;Buy;0.01;USDJPYr;144.307;0.01;2025.05.28 04:10:00;144.719;;;412
2025.05.28 02:00:04;Sell;0.01;EURUSDr;1.13367;0.01;2025.05.28 04:09:00;1.13264;;;149
2025.05.28 02:45:01;Buy;0.01;USDJPYr;144.17;0.01;2025.05.28 04:06:00;144.294;;;124
2025.05.23 13:00:00;Buy;0.02;AUDNZDr;1.08529;0.02;2025.05.28 03:26:01;1.08454;;;-128
2025.05.23 10:00:00;Buy;0.01;AUDNZDr;1.08694;0.01;2025.05.28 03:26:01;1.08454;;;-206
2025.05.26 10:45:05;Buy;0.05;AUDNZDr;1.08203;0.05;2025.05.28 03:26:01;1.08454;;;1075
2025.05.26 06:05:01;Buy;0.03;AUDNZDr;1.0836;0.03;2025.05.28 03:26:01;1.08454;;;241
2025.05.27 11:00:00;Buy;0.01;AUDUSDr;0.64476;0.01;2025.05.27 16:06:00;0.64592;;;167
2025.05.23 04:00:01;Sell;0.01;AUDCADr;0.88888;0.01;2025.05.27 10:28:00;0.88782;;;111
2025.05.27 05:30:00;Sell;0.01;AUDNZDr;1.0818699999999999;0.01;2025.05.27 10:27:01;1.0808;;;92
2025.05.26 05:35:00;Sell;0.02;EURUSDr;1.1412200000000001;0.02;2025.05.27 10:21:00;1.13583;;;1547
2025.05.23 02:15:17;Sell;0.01;EURUSDr;1.1286;0.01;2025.05.27 10:21:00;1.13583;;;-1037
2025.05.27 08:00:00;Buy;0.01;GBPUSDr;1.35557;0.01;2025.05.27 09:14:00;1.3566099999999999;;;149
2025.05.26 20:00:00;Buy;0.01;AUDJPYr;92.639;0.01;2025.05.27 08:55:48;92.778;;;139
2025.05.23 03:03:01;Buy;0.01;USDJPYr;143.946;0.01;2025.05.27 08:26:00;143.216;;;-730
2025.05.26 20:26:13;Buy;0.03;USDJPYr;142.752;0.03;2025.05.27 08:26:00;143.216;;;1392
2025.05.23 12:50:00;Buy;0.02;USDJPYr;143.224;0.02;2025.05.27 08:26:00;143.216;;;-16
2025.05.26 07:15:00;Sell;0.02;EURJPYr;162.574;0.02;2025.05.27 03:41:00;162.233;;;682
2025.05.23 18:00:00;Sell;0.01;EURJPYr;161.852;0.01;2025.05.27 03:41:00;162.233;;;-381
2025.05.23 20:00:00;Sell;0.01;GBPJPYr;192.856;0.01;2025.05.27 03:09:00;193.326;;;-470
2025.05.26 08:35:02;Sell;0.02;GBPJPYr;193.76;0.02;2025.05.27 03:09:00;193.326;;;868
2025.05.26 08:15:00;Sell;0.01;AUDJPYr;93;0.01;2025.05.26 17:01:01;92.896;;;104
2025.05.26 06:15:02;Buy;0.01;AUDJPYr;92.91;0.01;2025.05.26 07:52:00;93.014;;;104
2025.05.26 02:30:00;Sell;0.01;AUDNZDr;1.0851;0.01;2025.05.26 05:01:01;1.08399;;;95
2025.05.26 04:24:01;Buy;0.01;AUDJPYr;92.878;0.01;2025.05.26 04:42:00;92.984;;;106
2025.05.22 13:15:01;Buy;0.02;AUDCADr;0.89103;0.02;2025.05.26 04:39:00;0.89349;;;512
2025.05.21 10:30:00;Buy;0.01;AUDCADr;0.89542;0.01;2025.05.26 04:39:00;0.89349;;;-201
2025.05.26 04:00:00;Buy;0.01;AUDJPYr;92.754;0.01;2025.05.26 04:24:00;92.862;;;108
2025.05.23 17:45:01;Sell;0.01;EURJPYr;161.868;0.01;2025.05.23 17:54:00;161.755;;;113
2025.05.23 14:45:00;Buy;0.01;AUDJPYr;92.291;0.01;2025.05.23 17:26:00;92.393;;;102
2025.05.22 13:45:00;Sell;0.01;GBPJPYr;192.438;0.01;2025.05.23 14:50:00;192.305;;;133
2025.05.23 12:31:01;Sell;0.01;EURJPYr;162.443;0.01;2025.05.23 14:45:00;161.947;;;496
2025.05.22 12:20:00;Buy;0.02;AUDJPYr;92.203;0.02;2025.05.23 12:58:00;92.59;;;774
2025.05.20 08:00:00;Buy;0.01;AUDJPYr;93.024;0.01;2025.05.23 12:58:00;92.59;;;-434
2025.05.23 11:30:00;Sell;0.01;EURJPYr;162.553;0.01;2025.05.23 12:31:00;162.458;;;95
2025.05.22 21:35:00;Sell;0.02;AUDNZDr;1.08669;0.02;2025.05.23 12:30:00;1.08481;;;320
2025.05.22 03:30:01;Sell;0.01;AUDNZDr;1.08435;0.01;2025.05.23 12:30:00;1.08481;;;-39
2025.05.22 07:00:00;Buy;0.01;EURUSDr;1.13329;0.01;2025.05.23 11:15:01;1.13439;;;158
2025.05.23 08:15:00;Sell;0.01;EURJPYr;162.387;0.01;2025.05.23 09:27:00;162.276;;;111
2025.05.23 02:30:02;Sell;0.01;EURJPYr;162.34;0.01;2025.05.23 07:04:01;162.227;;;113
2025.05.22 13:00:01;Buy;0.01;AUDUSDr;0.64235;0.01;2025.05.23 05:14:00;0.64338;;;148
2025.05.23 02:00:01;Buy;0.01;USDJPYr;143.824;0.01;2025.05.23 03:03:00;143.93;;;106
2025.05.22 21:00:00;Sell;0.01;EURJPYr;162.504;0.01;2025.05.22 22:59:01;162.396;;;108
2025.05.22 20:45:00;Buy;0.01;GBPUSDr;1.34085;0.01;2025.05.22 21:11:00;1.3418999999999999;;;151
2025.05.22 19:45:00;Sell;0.01;EURJPYr;162.425;0.01;2025.05.22 19:59:00;162.329;;;96
2025.05.22 02:30:00;Buy;0.01;USDJPYr;143.899;0.01;2025.05.22 18:09:00;144.019;;;120
2025.05.22 16:15:00;Sell;0.01;EURJPYr;162.206;0.01;2025.05.22 17:56:00;162.099;;;107
2025.05.22 16:04:01;Buy;0.01;GBPUSDr;1.34227;0.01;2025.05.22 17:10:00;1.34348;;;174
2025.05.22 15:45:00;Buy;0.01;GBPUSDr;1.3411;0.01;2025.05.22 16:04:00;1.3421699999999999;;;154
2025.05.21 13:35:01;Sell;0.02;EURUSDr;1.13567;0.02;2025.05.22 15:51:00;1.12903;;;1908
2025.05.19 05:30:01;Sell;0.01;EURUSDr;1.11874;0.01;2025.05.22 15:51:00;1.12903;;;-1478
2025.05.22 14:15:00;Sell;0.01;EURJPYr;162.369;0.01;2025.05.22 14:54:01;162.257;;;112
2025.05.22 12:15:05;Buy;0.01;GBPUSDr;1.33989;0.01;2025.05.22 14:15:00;1.3410199999999999;;;162
2025.05.22 13:00:00;Sell;0.01;GBPJPYr;192.306;0.01;2025.05.22 13:03:00;192.183;;;123
2025.05.22 07:15:00;Sell;0.01;AUDCADr;0.89227;0.01;2025.05.22 13:03:00;0.8912;;;111
2025.05.22 10:00:00;Buy;0.01;GBPUSDr;1.34199;0.01;2025.05.22 10:59:00;1.34321;;;175
2025.05.20 07:15:00;Buy;0.01;AUDNZDr;1.08862;0.01;2025.05.22 06:34:03;1.08729;;;-113
2025.05.21 13:50:00;Buy;0.02;AUDNZDr;1.08497;0.02;2025.05.22 06:34:03;1.08729;;;394
2025.05.22 03:30:00;Sell;0.01;AUDCADr;0.89191;0.01;2025.05.22 04:54:00;0.89079;;;116
2025.05.22 02:00:00;Buy;0.01;AUDUSDr;0.64308;0.01;2025.05.22 03:19:02;0.64412;;;149
2025.05.19 07:00:00;Sell;0.01;EURJPYr;162.392;0.01;2025.05.22 03:15:00;162.593;;;-201
2025.05.21 02:05:00;Sell;0.02;EURJPYr;162.896;0.02;2025.05.22 03:15:00;162.593;;;606
2025.05.22 02:00:00;Sell;0.01;GBPJPYr;193.165;0.01;2025.05.22 02:17:00;193.024;;;141
2025.05.21 03:15:00;Buy;0.01;USDJPYr;144.301;0.01;2025.05.22 01:02:00;144.037;;;-264
2025.05.21 13:50:00;Buy;0.02;USDJPYr;143.655;0.02;2025.05.22 01:02:00;144.031;;;752
2025.05.21 18:15:00;Buy;0.01;EURGBPr;0.84376;0.01;2025.05.21 20:31:00;0.84478;;;196
2025.05.21 03:00:00;Sell;0.01;AUDCADr;0.89358;0.01;2025.05.21 20:30:00;0.89251;;;111
2025.05.21 06:15:00;Sell;0.01;AUDNZDr;1.08501;0.01;2025.05.21 17:54:01;1.084;;;86
2025.05.21 15:59:01;Buy;0.01;EURUSDr;1.13344;0.01;2025.05.21 17:08:01;1.13465;;;174
2025.05.21 15:15:00;Buy;0.01;EURUSDr;1.13214;0.01;2025.05.21 15:59:00;1.13338;;;178
2025.05.21 14:45:00;Buy;0.01;GBPUSDr;1.33968;0.01;2025.05.21 14:57:00;1.3406799999999999;;;144
2025.04.28 09:45:00;Buy;0.01;EURGBPr;0.85306;0.01;2025.05.21 13:24:00;0.84589;;;-1383
2025.05.12 21:45:06;Buy;0.03;EURGBPr;0.84089;0.03;2025.05.21 13:24:00;0.84589;;;2893
2025.05.08 19:05:00;Buy;0.02;EURGBPr;0.84683;0.02;2025.05.21 13:24:00;0.84589;;;-363
2025.05.21 12:30:02;Buy;0.01;EURUSDr;1.13181;0.01;2025.05.21 12:43:02;1.13304;;;177
2025.05.20 19:00:00;Sell;0.01;GBPJPYr;193.476;0.01;2025.05.20 21:48:01;193.364;;;112
2025.05.20 19:30:02;Buy;0.01;EURUSDr;1.12481;0.01;2025.05.20 20:17:00;1.12583;;;148
2025.05.20 17:15:01;Sell;0.01;GBPJPYr;193.357;0.01;2025.05.20 18:10:00;193.255;;;102
2025.05.20 17:00:00;Sell;0.01;GBPJPYr;193.471;0.01;2025.05.20 17:15:00;193.373;;;98
2025.05.20 12:45:00;Buy;0.01;EURUSDr;1.12522;0.01;2025.05.20 17:15:00;1.12633;;;161
2025.05.20 15:15:01;Buy;0.01;GBPUSDr;1.33501;0.01;2025.05.20 17:01:00;1.33606;;;152
2025.05.20 11:10:09;Buy;0.03;USDJPYr;144.297;0.03;2025.05.20 16:02:00;144.863;;;1698
2025.05.20 07:25:00;Buy;0.02;USDJPYr;144.842;0.02;2025.05.20 16:02:00;144.863;;;42
2025.05.16 21:30:02;Buy;0.01;USDJPYr;145.884;0.01;2025.05.20 16:02:00;144.863;;;-1021
2025.05.20 14:45:03;Sell;0.01;GBPJPYr;193.302;0.01;2025.05.20 14:50:00;193.178;;;124
2025.05.20 13:30:09;Buy;0.01;GBPUSDr;1.3357999999999999;0.01;2025.05.20 14:15:02;1.33679;;;143
2025.05.19 06:00:00;Sell;0.01;GBPJPYr;193.097;0.01;2025.05.20 10:28:00;192.96;;;137
2025.05.19 10:30:00;Sell;0.01;AUDCADr;0.89649;0.01;2025.05.20 08:46:00;0.89513;;;141
2025.05.20 04:10:01;Sell;0.01;AUDJPYr;93.432;0.01;2025.05.20 05:18:00;93.328;;;104
2025.05.19 19:15:01;Buy;0.01;EURUSDr;1.12384;0.01;2025.05.20 04:20:00;1.1249500000000001;;;161
2025.05.20 03:39:00;Sell;0.02;AUDJPYr;93.803;0.02;2025.05.20 04:10:00;93.45;;;706
2025.05.19 11:45:00;Sell;0.01;AUDJPYr;93.096;0.01;2025.05.20 04:10:00;93.45;;;-354
2025.05.19 10:30:00;Sell;0.01;AUDNZDr;1.08936;0.01;2025.05.20 03:49:01;1.0883;;;91
2025.05.15 13:40:00;Buy;0.02;AUDCADr;0.89657;0.02;2025.05.19 12:50:01;0.89846;;;393
2025.05.15 07:30:00;Buy;0.01;AUDCADr;0.89921;0.01;2025.05.19 12:50:01;0.89846;;;-78
2025.05.16 13:00:00;Buy;0.01;AUDUSDr;0.64197;0.01;2025.05.19 11:56:00;0.64302;;;152
2025.05.19 09:15:01;Buy;0.01;AUDNZDr;1.08797;0.01;2025.05.19 10:18:00;1.0892;;;105
2025.05.16 11:15:00;Buy;0.01;EURUSDr;1.12027;0.01;2025.05.19 10:09:01;1.12144;;;170
2025.05.19 06:15:01;Sell;0.01;AUDNZDr;1.08866;0.01;2025.05.19 09:25:00;1.08763;;;88
2025.05.16 12:00:00;Buy;0.01;GBPUSDr;1.33035;0.01;2025.05.19 09:16:01;1.3314599999999999;;;161
2025.05.19 04:00:00;Sell;0.01;AUDCADr;0.89514;0.01;2025.05.19 08:46:00;0.89408;;;110
2025.05.19 04:15:00;Buy;0.01;AUDNZDr;1.08764;0.01;2025.05.19 06:15:00;1.08866;;;87
2025.05.19 02:00:01;Sell;0.01;EURUSDr;1.11903;0.01;2025.05.19 04:35:00;1.11768;;;196
2025.05.19 02:30:00;Sell;0.01;AUDJPYr;93.071;0.01;2025.05.19 03:56:00;92.944;;;127
2025.05.19 03:03:01;Sell;0.01;GBPJPYr;193.207;0.01;2025.05.19 03:53:00;193.064;;;143
2025.05.19 03:00:01;Sell;0.01;EURJPYr;162.507;0.01;2025.05.19 03:32:01;162.399;;;108
2025.05.19 02:45:01;Sell;0.01;GBPJPYr;193.331;0.01;2025.05.19 03:03:00;193.222;;;109
2025.05.19 02:45:00;Sell;0.01;EURJPYr;162.622;0.01;2025.05.19 03:00:00;162.519;;;103
2025.05.16 11:15:00;Sell;0.01;AUDJPYr;93.281;0.01;2025.05.19 01:01:30;93.094;;;187
2025.05.16 17:45:00;Sell;0.01;GBPJPYr;193.554;0.01;2025.05.19 01:01:05;193.077;;;477
2025.05.16 06:00:00;Sell;0.01;AUDCADr;0.89507;0.01;2025.05.16 18:22:01;0.89407;;;104
2025.05.15 10:05:00;Sell;0.02;EURUSDr;1.12165;0.02;2025.05.16 17:38:00;1.11663;;;1465
2025.05.13 03:00:00;Sell;0.01;EURUSDr;1.10955;0.01;2025.05.16 17:38:00;1.11663;;;-1033
2025.05.16 14:30:01;Sell;0.01;EURJPYr;163.064;0.01;2025.05.16 15:47:02;162.962;;;102
2025.05.16 09:45:00;Buy;0.01;USDJPYr;145.148;0.01;2025.05.16 11:01:00;145.286;;;138
2025.05.16 09:51:03;Sell;0.01;EURJPYr;162.714;0.01;2025.05.16 10:01:00;162.586;;;128
2025.05.16 09:34:01;Sell;0.01;EURJPYr;162.835;0.01;2025.05.16 09:51:02;162.726;;;109
2025.05.16 09:15:00;Sell;0.01;EURJPYr;162.955;0.01;2025.05.16 09:34:00;162.848;;;107
2025.05.08 11:15:00;Sell;0.02;AUDNZDr;1.08331;0.02;2025.05.16 09:25:00;1.08755;;;-728
2025.05.07 12:30:00;Sell;0.01;AUDNZDr;1.0807;0.01;2025.05.16 09:25:00;1.08755;;;-588
2025.05.12 10:20:00;Sell;0.05;AUDNZDr;1.08899;0.05;2025.05.16 09:25:00;1.08755;;;618
2025.05.09 05:10:01;Sell;0.03;AUDNZDr;1.08489;0.03;2025.05.16 09:25:00;1.08755;;;-685
2025.05.15 07:55:00;Sell;0.08;AUDNZDr;1.09129;0.08;2025.05.16 09:25:00;1.08755;;;2568
2025.05.15 11:00:00;Buy;0.01;AUDUSDr;0.64196;0.01;2025.05.16 08:09:01;0.64297;;;147
2025.05.15 19:00:00;Buy;0.01;AUDNZDr;1.09022;0.01;2025.05.16 04:15:00;1.09126;;;89
2025.05.12 08:40:00;Sell;0.02;GBPJPYr;193.955;0.02;2025.05.16 03:05:00;193.4;;;1110
2025.05.09 15:15:02;Sell;0.01;GBPJPYr;192.74;0.01;2025.05.16 03:05:00;193.4;;;-660
2025.05.15 18:30:02;Buy;0.01;EURUSDr;1.11811;0.01;2025.05.16 01:43:08;1.11911;;;146
2025.05.15 19:15:00;Buy;0.01;USDJPYr;145.655;0.01;2025.05.15 20:44:00;145.755;;;100
2025.05.15 18:45:00;Buy;0.01;GBPUSDr;1.3281800000000001;0.01;2025.05.15 19:04:00;1.32938;;;175
2025.05.13 02:45:00;Sell;0.01;AUDCADr;0.89071;0.01;2025.05.15 18:34:01;0.89474;;;-420
2025.05.13 07:05:00;Sell;0.02;AUDCADr;0.89336;0.02;2025.05.15 18:34:01;0.89474;;;-287
2025.05.13 16:50:00;Sell;0.03;AUDCADr;0.89943;0.03;2025.05.15 18:34:01;0.89474;;;1466
2025.05.15 18:00:00;Buy;0.01;GBPUSDr;1.32793;0.01;2025.05.15 18:17:00;1.32907;;;166
2025.05.15 17:45:00;Buy;0.01;GBPUSDr;1.32657;0.01;2025.05.15 17:55:01;1.32767;;;160
2025.05.15 16:30:00;Buy;0.01;USDJPYr;145.81;0.01;2025.05.15 17:33:00;145.915;;;105
2025.05.15 16:15:00;Buy;0.01;USDJPYr;145.665;0.01;2025.05.15 16:26:00;145.773;;;108
2025.05.15 15:31:01;Buy;0.01;EURUSDr;1.12019;0.01;2025.05.15 15:40:00;1.12129;;;160
2025.05.15 15:15:00;Buy;0.01;GBPUSDr;1.32822;0.01;2025.05.15 15:31:00;1.32947;;;182
2025.05.15 14:45:05;Buy;0.01;EURUSDr;1.1186099999999999;0.01;2025.05.15 15:31:00;1.1201699999999999;;;227
2025.05.15 15:00:02;Buy;0.01;GBPUSDr;1.32713;0.01;2025.05.15 15:14:04;1.32816;;;150
2025.05.15 09:15:00;Buy;0.01;AUDNZDr;1.08978;0.01;2025.05.15 14:56:00;1.09086;;;93
2025.05.15 12:30:00;Sell;0.01;EURJPYr;163.393;0.01;2025.05.15 14:49:01;163.282;;;111
2025.05.15 12:15:00;Sell;0.01;EURJPYr;163.489;0.01;2025.05.15 12:27:00;163.372;;;117
2025.05.15 11:00:02;Buy;0.01;EURUSDr;1.11977;0.01;2025.05.15 11:40:00;1.12079;;;149
2025.05.15 11:15:02;Buy;0.01;GBPUSDr;1.32751;0.01;2025.05.15 11:36:02;1.32877;;;184
2025.05.15 10:00:00;Buy;0.01;USDJPYr;145.557;0.01;2025.05.15 10:02:00;145.677;;;120
2025.05.15 08:30:00;Buy;0.01;AUDUSDr;0.64232;0.01;2025.05.15 09:21:02;0.64338;;;155
2025.05.15 08:45:01;Buy;0.01;GBPUSDr;1.32643;0.01;2025.05.15 09:00:02;1.32785;;;207
2025.05.12 20:15:00;Sell;0.02;AUDJPYr;94.497;0.02;2025.05.15 08:23:00;93.79;;;1414
2025.05.08 15:45:00;Sell;0.01;AUDJPYr;92.864;0.01;2025.05.15 08:23:00;93.79;;;-926
2025.05.15 06:30:00;Buy;0.01;USDJPYr;146.018;0.01;2025.05.15 07:44:00;146.157;;;139
2025.05.15 05:15:00;Sell;0.01;EURJPYr;163.776;0.01;2025.05.15 06:05:00;163.673;;;103
2025.05.09 16:28:01;Sell;0.01;EURJPYr;163.351;0.01;2025.05.14 13:53:00;163.841;;;-490
2025.05.12 11:15:00;Sell;0.02;EURJPYr;164.246;0.02;2025.05.14 13:53:00;163.841;;;810
2025.05.12 09:45:00;Buy;0.01;GBPUSDr;1.32847;0.01;2025.05.13 20:03:01;1.32962;;;170
2025.05.07 21:41:01;Buy;0.01;AUDUSDr;0.6465;0.01;2025.05.13 19:43:01;0.64754;;;153
2025.05.12 11:30:00;Buy;0.02;EURUSDr;1.11147;0.02;2025.05.13 18:25:07;1.11728;;;1718
2025.05.09 21:45:00;Buy;0.01;EURUSDr;1.12558;0.01;2025.05.13 18:25:07;1.11728;;;-1227
2025.05.13 15:15:01;Buy;0.01;AUDNZDr;1.08753;0.01;2025.05.13 17:52:00;1.08858;;;92
2025.05.13 17:30:00;Sell;0.01;USDJPYr;147.961;0.01;2025.05.13 17:49:02;147.857;;;104
2025.05.13 12:15:00;Sell;0.01;USDJPYr;147.97;0.01;2025.05.13 16:09:00;147.868;;;102
2025.05.13 08:00:00;Sell;0.01;GBPUSDr;1.32008;0.01;2025.05.13 09:39:01;1.31906;;;151
2025.05.12 19:00:00;Buy;0.01;AUDCADr;0.89179;0.01;2025.05.13 06:33:02;0.89284;;;111
2025.05.13 02:00:00;Sell;0.01;USDJPYr;148.347;0.01;2025.05.13 02:46:00;148.244;;;103
2025.05.08 02:45:01;Sell;0.01;AUDCADr;0.88924;0.01;2025.05.12 19:14:00;0.89106;;;-193
2025.05.09 16:45:00;Sell;0.03;AUDCADr;0.89376;0.03;2025.05.12 19:14:00;0.89106;;;857
2025.05.09 06:34:00;Sell;0.02;AUDCADr;0.89128;0.02;2025.05.12 19:14:00;0.89106;;;47
2025.05.12 13:30:00;Buy;0.01;AUDCADr;0.89355;0.01;2025.05.12 16:18:02;0.89457;;;108
2025.04.28 12:55:00;Sell;0.03;GBPUSDr;1.33495;0.03;2025.05.12 10:26:00;1.3205;;;6392
2025.04.17 06:10:00;Sell;0.02;GBPUSDr;1.32212;0.02;2025.05.12 10:26:00;1.3205;;;478
2025.04.10 03:00:00;Sell;0.01;GBPUSDr;1.28241;0.01;2025.05.12 10:26:00;1.3205;;;-5616
2025.05.09 19:15:01;Buy;0.01;AUDNZDr;1.08533;0.01;2025.05.12 10:01:00;1.08739;;;179
2025.05.12 03:30:02;Buy;0.01;GBPUSDr;1.3284099999999999;0.01;2025.05.12 09:15:03;1.32959;;;172
2025.05.12 07:15:01;Buy;0.01;USDJPYr;145.788;0.01;2025.05.12 07:42:01;145.9;;;112
2025.05.12 05:45:01;Buy;0.01;USDJPYr;145.792;0.01;2025.05.12 05:52:01;145.922;;;130
2025.05.12 02:00:00;Buy;0.01;AUDCADr;0.89424;0.01;2025.05.12 04:05:00;0.89543;;;125
2025.05.09 06:15:00;Buy;0.01;USDJPYr;145.592;0.01;2025.05.12 01:00:00;146.155;;;563
2025.05.09 06:50:05;Sell;0.01;EURUSDr;1.12245;0.01;2025.05.12 00:05:35;1.11989;;;374
2025.05.09 20:15:00;Buy;0.01;EURUSDr;1.12544;0.01;2025.05.09 21:03:01;1.12657;;;164
2025.05.08 18:00:00;Buy;0.01;GBPUSDr;1.33103;0.01;2025.05.09 19:02:00;1.3321100000000001;;;157
2025.05.07 21:09:01;Buy;0.01;EURUSDr;1.1364;0.01;2025.05.09 17:24:01;1.12824;;;-1183
2025.05.08 19:40:08;Buy;0.02;EURUSDr;1.12258;0.02;2025.05.09 17:24:01;1.12824;;;1641
2025.05.08 08:25:00;Buy;0.02;AUDCADr;0.89178;0.02;2025.05.09 16:59:00;0.8945;;;567
2025.05.07 02:00:00;Buy;0.01;AUDCADr;0.89633;0.01;2025.05.09 16:59:00;0.8945;;;-191
2025.05.09 16:00:00;Sell;0.01;EURJPYr;163.457;0.01;2025.05.09 16:28:00;163.359;;;98
2025.05.09 03:00:00;Sell;0.02;EURJPYr;163.864;0.02;2025.05.09 14:28:00;163.214;;;1300
2025.05.07 05:45:00;Sell;0.01;EURJPYr;162.305;0.01;2025.05.09 14:28:00;163.214;;;-909
2025.05.09 13:00:00;Sell;0.01;GBPJPYr;192.811;0.01;2025.05.09 14:27:00;192.628;;;183
2025.05.09 03:08:01;Sell;0.01;GBPJPYr;193.071;0.01;2025.05.09 03:50:00;192.965;;;106
2025.05.09 02:00:00;Sell;0.01;GBPJPYr;193.2;0.01;2025.05.09 03:08:00;193.086;;;114
2025.04.16 08:50:01;Sell;0.02;EURUSDr;1.13511;0.02;2025.05.08 20:37:01;1.12141;;;3998
2025.04.10 06:00:01;Sell;0.01;EURUSDr;1.0971899999999999;0.01;2025.05.08 20:37:01;1.12141;;;-3534
2025.05.08 11:30:00;Sell;0.01;AUDJPYr;92.866;0.01;2025.05.08 14:47:00;92.754;;;112
2025.05.08 14:00:00;Buy;0.01;GBPUSDr;1.32653;0.01;2025.05.08 14:03:00;1.33029;;;544
2025.05.07 20:15:00;Buy;0.01;GBPUSDr;1.33442;0.01;2025.05.08 06:11:00;1.33549;;;154
2025.05.07 21:43:01;Buy;0.01;GBPJPYr;191.306;0.01;2025.05.08 04:53:00;191.442;;;136
2025.05.06 05:15:01;Buy;0.01;AUDNZDr;1.0832;0.01;2025.05.07 22:00:00;1.08215;;;-90
2025.05.07 07:25:00;Buy;0.02;AUDNZDr;1.08002;0.02;2025.05.07 22:00:00;1.08215;;;364
2025.05.07 21:00:15;Buy;0.01;GBPJPYr;191.165;0.01;2025.05.07 21:43:00;191.299;;;134
2025.05.07 21:00:00;Buy;0.01;AUDUSDr;0.64535;0.01;2025.05.07 21:41:00;0.64644;;;156
2025.05.07 19:42:01;Buy;0.01;EURUSDr;1.13522;0.01;2025.05.07 21:09:00;1.13632;;;157
2025.05.06 17:45:00;Sell;0.01;AUDJPYr;92.538;0.01;2025.05.07 21:06:00;92.403;;;135
2025.05.07 19:15:01;Buy;0.01;GBPUSDr;1.33377;0.01;2025.05.07 19:49:01;1.3348900000000001;;;161
2025.05.07 19:15:00;Buy;0.01;EURUSDr;1.13414;0.01;2025.05.07 19:42:00;1.13519;;;151
2025.05.07 18:39:01;Buy;0.01;USDJPYr;143.419;0.01;2025.05.07 19:02:01;143.555;;;136
2025.05.07 18:00:00;Buy;0.01;USDJPYr;143.308;0.01;2025.05.07 18:39:00;143.411;;;103
2025.05.02 12:00:00;Sell;0.02;AUDCADr;0.88774;0.02;2025.05.07 18:29:01;0.88992;;;-454
2025.05.01 20:30:00;Sell;0.01;AUDCADr;0.88302;0.01;2025.05.07 18:29:01;0.88992;;;-718
2025.05.05 08:40:01;Sell;0.05;AUDCADr;0.89356;0.05;2025.05.07 18:29:01;0.88992;;;1894
2025.05.02 16:00:00;Sell;0.03;AUDCADr;0.89089;0.03;2025.05.07 18:29:01;0.88992;;;303
2025.05.07 17:00:00;Buy;0.01;USDJPYr;143.22;0.01;2025.05.07 17:09:00;143.339;;;119
2025.05.07 13:09:04;Buy;0.01;GBPUSDr;1.33468;0.01;2025.05.07 14:12:04;1.33575;;;153
2025.05.07 13:00:00;Buy;0.01;GBPJPYr;191.098;0.01;2025.05.07 13:45:00;191.23;;;132
2025.05.07 12:30:01;Buy;0.01;GBPUSDr;1.33351;0.01;2025.05.07 13:09:03;1.33462;;;159
2025.05.07 10:06:01;Buy;0.01;USDJPYr;143.056;0.01;2025.05.07 10:27:02;143.16;;;104
2025.05.07 09:45:00;Buy;0.01;USDJPYr;142.938;0.01;2025.05.07 10:06:00;143.04;;;102
2025.05.07 02:00:01;Buy;0.01;EURUSDr;1.1343;0.01;2025.05.07 08:15:04;1.13532;;;146
2025.05.05 04:45:00;Buy;0.01;USDJPYr;144.342;0.01;2025.05.07 07:58:00;143.322;;;-1020
2025.05.06 15:09:01;Buy;0.03;USDJPYr;142.799;0.03;2025.05.07 07:58:00;143.322;;;1569
2025.05.06 10:50:00;Buy;0.02;USDJPYr;143.255;0.02;2025.05.07 07:58:00;143.322;;;134
2025.05.07 05:45:01;Buy;0.01;GBPJPYr;190.972;0.01;2025.05.07 07:20:00;191.083;;;111
2025.05.07 06:30:00;Buy;0.01;GBPUSDr;1.3342100000000001;0.01;2025.05.07 07:14:01;1.33523;;;146
2025.05.07 04:00:00;Buy;0.01;GBPJPYr;190.867;0.01;2025.05.07 05:06:00;190.984;;;117
2025.05.07 03:30:00;Buy;0.01;GBPUSDr;1.33423;0.01;2025.05.07 04:01:02;1.3353;;;153
2025.05.07 03:15:00;Buy;0.01;GBPJPYr;190.8;0.01;2025.05.07 03:18:00;190.904;;;104
2025.05.07 02:32:02;Sell;0.01;EURJPYr;162.292;0.01;2025.05.07 03:07:00;162.168;;;124
2025.05.07 02:15:00;Sell;0.01;EURJPYr;162.406;0.01;2025.05.07 02:32:01;162.298;;;108
2025.05.07 02:00:00;Sell;0.01;EURJPYr;162.47;0.01;2025.05.07 02:12:00;162.343;;;127
2025.05.06 19:15:00;Buy;0.01;GBPJPYr;190.962;0.01;2025.05.07 01:07:47;191.105;;;143
2025.05.06 03:30:00;Buy;0.02;AUDCADr;0.8927;0.02;2025.05.06 20:25:00;0.89457;;;387
2025.05.05 17:00:03;Buy;0.01;AUDCADr;0.89518;0.01;2025.05.06 20:25:00;0.89457;;;-63
2025.05.06 17:15:00;Buy;0.01;GBPJPYr;190.805;0.01;2025.05.06 17:17:00;190.933;;;128
2025.05.06 17:00:00;Buy;0.01;GBPJPYr;190.713;0.01;2025.05.06 17:05:00;190.842;;;129
2025.05.06 16:45:00;Sell;0.01;AUDJPYr;92.283;0.01;2025.05.06 16:51:00;92.174;;;109
2025.04.30 11:30:01;Buy;0.01;GBPUSDr;1.33687;0.01;2025.05.06 15:26:03;1.33791;;;148
2025.05.06 11:15:00;Buy;0.01;GBPJPYr;190.734;0.01;2025.05.06 12:56:00;190.843;;;109
2025.05.01 08:45:00;Sell;0.02;AUDJPYr;92.154;0.02;2025.05.06 11:32:00;92.268;;;-228
2025.04.30 20:45:00;Sell;0.01;AUDJPYr;91.388;0.01;2025.05.06 11:32:00;92.268;;;-880
2025.05.02 02:50:00;Sell;0.03;AUDJPYr;92.864;0.03;2025.05.06 11:32:00;92.268;;;1788
2025.05.06 08:00:00;Sell;0.01;EURJPYr;162.74;0.01;2025.05.06 10:26:00;162.639;;;101
2025.05.06 09:00:00;Buy;0.01;GBPJPYr;191.105;0.01;2025.05.06 09:09:01;191.209;;;104
2025.05.06 02:15:01;Buy;0.01;EURUSDr;1.13113;0.01;2025.05.06 07:18:03;1.13215;;;147
2025.05.05 09:30:00;Sell;0.01;AUDNZDr;1.08278;0.01;2025.05.06 05:31:03;1.08288;;;-9
2025.05.06 02:05:02;Sell;0.02;AUDNZDr;1.08444;0.02;2025.05.06 05:31:03;1.08288;;;267
2025.05.01 06:45:07;Sell;0.01;GBPJPYr;191.068;0.01;2025.05.06 02:19:00;190.966;;;102
2025.05.05 19:45:01;Sell;0.01;EURJPYr;163.01;0.01;2025.05.05 20:44:00;162.898;;;112
2025.05.05 09:30:00;Buy;0.01;EURUSDr;1.13256;0.01;2025.05.05 12:06:00;1.13357;;;145
2025.05.05 03:20:00;Sell;0.02;EURJPYr;163.79;0.02;2025.05.05 11:48:00;163.137;;;1306
2025.05.01 06:15:34;Sell;0.01;EURJPYr;162.152;0.01;2025.05.05 11:48:00;163.137;;;-985
2025.05.05 05:15:01;Sell;0.01;EURGBPr;0.85306;0.01;2025.05.05 10:38:06;0.85205;;;194
2025.05.05 07:00:00;Buy;0.01;AUDCADr;0.89242;0.01;2025.05.05 08:10:00;0.89344;;;107
2025.05.02 19:00:00;Buy;0.01;EURUSDr;1.13297;0.01;2025.05.05 05:07:01;1.13401;;;150
2025.05.02 18:30:39;Sell;0.01;USDJPYr;144.386;0.01;2025.05.05 04:21:00;144.262;;;124
2025.05.05 03:15:00;Buy;0.01;AUDCADr;0.89018;0.01;2025.05.05 04:05:00;0.89122;;;109
2025.05.02 17:15:00;Buy;0.01;AUDCADr;0.89081;0.01;2025.05.05 01:58:00;0.89201;;;126
2025.05.02 16:16:02;Buy;0.01;EURUSDr;1.13348;0.01;2025.05.02 16:25:01;1.13468;;;173
2025.04.30 09:45:33;Sell;0.01;USDJPYr;142.513;0.01;2025.05.02 16:22:16;144.208;;;-1695
2025.05.02 02:56:25;Sell;0.03;USDJPYr;145.419;0.03;2025.05.02 16:22:16;144.208;;;3633
2025.05.01 06:51:06;Sell;0.02;USDJPYr;143.653;0.02;2025.05.02 16:22:16;144.208;;;-1110
2025.05.02 15:50:01;Buy;0.01;EURUSDr;1.1324;0.01;2025.05.02 16:16:01;1.1334;;;144
2025.05.01 18:05:00;Buy;0.02;EURUSDr;1.12836;0.02;2025.05.02 12:33:00;1.1337;;;1546
2025.04.29 05:12:01;Buy;0.01;EURUSDr;1.14133;0.01;2025.05.02 12:33:00;1.1337;;;-1104
2025.05.02 07:15:00;Buy;0.01;AUDCADr;0.88633;0.01;2025.05.02 11:34:00;0.88732;;;104
2025.05.01 09:00:00;Buy;0.01;AUDUSDr;0.63936;0.01;2025.05.02 03:49:01;0.64039;;;150
2025.05.01 19:00:00;Buy;0.01;AUDCADr;0.8823;0.01;2025.05.01 20:35:08;0.88331;;;106
2025.05.01 07:30:12;Buy;0.01;AUDCADr;0.88281;0.01;2025.05.01 18:29:00;0.88383;;;107
2025.05.01 14:00:00;Sell;0.01;AUDCADr;0.88303;0.01;2025.05.01 16:19:00;0.88183;;;126
2025.04.30 21:15:01;Sell;0.01;AUDCADr;0.88279;0.01;2025.05.01 10:59:01;0.88175;;;109
2025.04.29 10:45:00;Buy;0.01;AUDCADr;0.88843;0.01;2025.05.01 05:36:00;0.8851;;;-346
2025.04.30 15:50:00;Buy;0.03;AUDCADr;0.88225;0.03;2025.05.01 05:36:00;0.8851;;;888
2025.04.30 10:55:00;Buy;0.02;AUDCADr;0.88467;0.02;2025.05.01 05:36:00;0.8851;;;89
2025.05.01 02:02:38;Sell;0.01;EURJPYr;162.005;0.01;2025.05.01 02:21:38;161.892;;;113
2025.04.30 20:00:02;Buy;0.01;AUDUSDr;0.6395;0.01;2025.04.30 21:08:00;0.64057;;;153
2025.04.30 19:30:00;Buy;0.01;AUDJPYr;91.213;0.01;2025.04.30 20:28:02;91.313;;;100
2025.04.30 15:45:00;Buy;0.01;AUDUSDr;0.63717;0.01;2025.04.30 17:43:01;0.63826;;;156
2025.04.30 16:00:00;Buy;0.01;AUDJPYr;91.02;0.01;2025.04.30 17:26:00;91.125;;;105
2025.04.30 07:30:27;Sell;0.01;GBPJPYr;190.774;0.01;2025.04.30 15:51:33;190.662;;;112
2025.04.30 08:00:00;Sell;0.01;AUDJPYr;91.407;0.01;2025.04.30 10:45:00;91.298;;;109
2025.04.30 05:15:00;Buy;0.01;GBPUSDr;1.33945;0.01;2025.04.30 09:46:00;1.34048;;;147
2025.04.30 04:10:01;Buy;0.01;AUDJPYr;90.957;0.01;2025.04.30 04:32:00;91.131;;;174
2025.04.29 21:15:02;Buy;0.01;AUDUSDr;0.63845;0.01;2025.04.30 04:31:00;0.63968;;;175
2025.04.30 02:00:00;Buy;0.01;AUDJPYr;90.818;0.01;2025.04.30 04:10:00;90.932;;;114
2025.04.29 21:00:34;Sell;0.01;USDJPYr;142.28;0.01;2025.04.30 02:22:32;142.172;;;108
2025.04.29 21:00:01;Buy;0.01;GBPUSDr;1.33988;0.01;2025.04.29 23:18:01;1.3409200000000001;;;148
2025.04.29 17:30:00;Buy;0.01;AUDUSDr;0.63771;0.01;2025.04.29 18:11:00;0.6387;;;141
2025.04.28 12:30:00;Sell;0.01;AUDCADr;0.88682;0.01;2025.04.29 16:10:00;0.88574;;;111
2025.04.29 06:00:25;Sell;0.01;USDJPYr;142.372;0.01;2025.04.29 16:03:52;142.248;;;124
2025.04.29 15:39:01;Sell;0.01;AUDJPYr;91.289;0.01;2025.04.29 16:03:00;91.146;;;143
2025.04.29 13:00:00;Buy;0.01;GBPUSDr;1.33955;0.01;2025.04.29 15:45:01;1.34064;;;155
2025.04.29 15:15:00;Sell;0.01;AUDJPYr;91.414;0.01;2025.04.29 15:39:00;91.306;;;108
2025.04.29 12:45:01;Sell;0.01;AUDJPYr;91.549;0.01;2025.04.29 13:49:00;91.403;;;146
2025.04.29 12:15:26;Sell;0.01;GBPJPYr;191.299;0.01;2025.04.29 13:02:35;191.194;;;105
2025.04.29 09:45:00;Sell;0.01;AUDJPYr;91.54;0.01;2025.04.29 11:10:01;91.444;;;96
2025.04.29 04:15:00;Sell;0.01;AUDJPYr;91.46;0.01;2025.04.29 06:18:00;91.359;;;101
2025.04.29 05:01:18;Sell;0.01;GBPJPYr;191.131;0.01;2025.04.29 06:16:44;191.031;;;100
2025.04.29 04:45:01;Buy;0.01;EURUSDr;1.1396600000000001;0.01;2025.04.29 05:12:00;1.1412499999999999;;;226
2025.04.29 05:00:02;Sell;0.01;USDJPYr;142.412;0.01;2025.04.29 05:09:30;142.311;;;101
2025.04.29 02:00:00;Sell;0.01;AUDJPYr;91.43;0.01;2025.04.29 03:16:00;91.321;;;109
2025.04.29 02:15:55;Sell;0.01;GBPJPYr;191.126;0.01;2025.04.29 03:00:13;191.006;;;120
2025.04.28 17:03:01;Sell;0.01;AUDJPYr;91.606;0.01;2025.04.28 18:49:00;91.484;;;122
2025.04.28 08:45:36;Sell;0.01;GBPJPYr;191.169;0.01;2025.04.28 18:22:35;191.062;;;107
2025.04.28 15:15:00;Buy;0.01;AUDCADr;0.88708;0.01;2025.04.28 17:25:00;0.88818;;;114
2025.04.28 12:30:00;Sell;0.01;AUDJPYr;91.722;0.01;2025.04.28 17:03:00;91.618;;;104
2025.04.28 10:38:01;Buy;0.01;EURUSDr;1.1354899999999999;0.01;2025.04.28 15:21:00;1.13652;;;148
2025.04.28 14:00:43;Sell;0.01;EURJPYr;162.827;0.01;2025.04.28 14:44:54;162.72;;;107
2025.04.28 10:00:00;Buy;0.01;AUDCADr;0.88639;0.01;2025.04.28 12:49:01;0.88749;;;114
2025.04.03 12:00:01;Sell;0.01;EURGBPr;0.83638;0.01;2025.04.28 12:02:00;0.85071;;;-2744
2025.04.04 05:05:02;Sell;0.02;EURGBPr;0.84482;0.02;2025.04.28 12:02:00;0.85071;;;-2255
2025.04.10 11:45:00;Sell;0.05;EURGBPr;0.85737;0.05;2025.04.28 12:02:00;0.85071;;;6376
2025.04.04 14:42:00;Sell;0.03;EURGBPr;0.85042;0.03;2025.04.28 12:02:00;0.85071;;;-167
2025.04.28 10:41:21;Sell;0.01;USDJPYr;143.674;0.01;2025.04.28 11:57:06;143.571;;;103
2025.04.28 10:53:47;Sell;0.01;EURJPYr;163.138;0.01;2025.04.28 10:58:32;163.024;;;114
2025.04.28 07:00:00;Sell;0.01;AUDCADr;0.88586;0.01;2025.04.28 10:57:00;0.88475;;;115
2025.04.28 10:30:13;Sell;0.01;EURJPYr;163.248;0.01;2025.04.28 10:52:13;163.142;;;106
2025.04.28 10:00:00;Buy;0.01;GBPUSDr;1.32968;0.01;2025.04.28 10:45:00;1.33072;;;149
2025.04.28 09:46:13;Sell;0.01;USDJPYr;143.778;0.01;2025.04.28 10:39:46;143.664;;;114
2025.04.28 10:15:01;Buy;0.01;EURUSDr;1.13434;0.01;2025.04.28 10:38:00;1.13541;;;154
2025.04.28 08:45:01;Sell;0.01;AUDJPYr;91.839;0.01;2025.04.28 10:32:00;91.728;;;111
2025.04.28 10:00:00;Buy;0.01;EURUSDr;1.13317;0.01;2025.04.28 10:09:00;1.13427;;;158
2025.04.28 08:15:08;Sell;0.01;EURJPYr;163.177;0.01;2025.04.28 09:55:43;163.034;;;143
2025.04.28 03:45:00;Buy;0.01;GBPUSDr;1.32995;0.01;2025.04.28 07:51:02;1.33105;;;158
2025.04.28 03:15:00;Buy;0.01;AUDUSDr;0.63828;0.01;2025.04.28 07:11:06;0.63934;;;152
2025.04.28 03:15:00;Buy;0.01;AUDCADr;0.88572;0.01;2025.04.28 07:09:00;0.88678;;;110
2025.04.23 14:30:00;Sell;0.01;AUDCADr;0.8859;0.01;2025.04.23 19:05:00;0.88473;;;120
2025.04.23 14:00:00;Buy;0.01;GBPUSDr;1.3302399999999999;0.01;2025.04.23 16:24:00;1.3313;;;150
2025.04.23 13:15:00;Buy;0.01;AUDCADr;0.88526;0.01;2025.04.23 14:42:06;0.88639;;;116
2025.04.23 13:31:17;Sell;0.01;USDJPYr;141.905;0.01;2025.04.23 14:36:10;141.802;;;103
2025.04.23 14:30:01;Buy;0.01;EURUSDr;1.1398;0.01;2025.04.23 14:36:01;1.14078;;;139
2025.04.23 12:00:00;Buy;0.01;AUDJPYr;90.872;0.01;2025.04.23 12:54:00;90.975;;;103
2025.04.23 11:45:00;Buy;0.01;GBPUSDr;1.33099;0.01;2025.04.23 11:52:00;1.33202;;;146
2025.04.23 10:30:00;Buy;0.01;AUDJPYr;90.812;0.01;2025.04.23 10:44:00;90.925;;;113
2025.04.17 19:21:03;Sell;0.02;EURJPYr;161.815;0.02;2025.04.22 09:11:05;161.424;;;782
2025.04.10 08:45:27;Sell;0.01;EURJPYr;161.079;0.01;2025.04.22 09:11:05;161.424;;;-345
2025.04.17 21:45:00;Sell;0.01;AUDCADr;0.88483;0.01;2025.04.18 04:54:00;0.88379;;;107
2025.04.17 21:15:20;Sell;0.01;GBPJPYr;188.982;0.01;2025.04.17 22:05:28;188.863;;;119
2025.04.17 19:15:00;Buy;0.01;EURUSDr;1.13608;0.01;2025.04.17 21:52:00;1.13731;;;175
2025.04.17 20:45:00;Buy;0.01;AUDJPYr;90.894;0.01;2025.04.17 20:59:00;90.994;;;100
2025.04.17 12:15:00;Sell;0.01;AUDCADr;0.88198;0.01;2025.04.17 20:43:01;0.88307;;;-112
2025.04.17 16:45:00;Sell;0.02;AUDCADr;0.88518;0.02;2025.04.17 20:43:01;0.88307;;;434
2025.04.17 19:16:20;Sell;0.01;GBPJPYr;188.806;0.01;2025.04.17 20:17:22;188.701;;;105
2025.04.17 18:13:01;Buy;0.01;AUDJPYr;90.717;0.01;2025.04.17 19:06:00;90.876;;;159
2025.04.17 17:45:00;Buy;0.01;AUDJPYr;90.565;0.01;2025.04.17 18:13:00;90.698;;;133
2025.04.17 13:15:00;Buy;0.01;EURUSDr;1.13705;0.01;2025.04.17 17:23:00;1.13824;;;169
2025.04.17 05:41:42;Sell;0.01;USDJPYr;142.411;0.01;2025.04.17 16:00:19;142.285;;;126
2025.04.16 20:45:00;Buy;0.01;AUDJPYr;90.705;0.01;2025.04.17 15:04:00;90.842;;;137
2025.04.17 08:10:00;Buy;0.02;AUDCADr;0.88082;0.02;2025.04.17 14:18:01;0.88342;;;533
2025.04.16 20:15:00;Buy;0.01;AUDCADr;0.88554;0.01;2025.04.17 14:18:01;0.88342;;;-217
2025.04.17 03:45:03;Buy;0.01;EURUSDr;1.13733;0.01;2025.04.17 11:39:01;1.13841;;;154
2025.04.17 03:15:00;Buy;0.01;GBPUSDr;1.32207;0.01;2025.04.17 09:51:01;1.32325;;;168
2025.04.17 04:01:15;Sell;0.01;USDJPYr;142.59;0.01;2025.04.17 05:40:07;142.484;;;106
2025.04.16 16:47:10;Sell;0.01;AUDCADr;0.88417;0.01;2025.04.16 22:15:01;0.88304;;;116
2025.04.16 18:51:59;Sell;0.01;USDJPYr;142.617;0.01;2025.04.16 19:39:16;142.512;;;105
2025.04.16 16:15:00;Buy;0.01;AUDCADr;0.8861;0.01;2025.04.16 18:57:00;0.88718;;;111
2025.04.16 18:31:29;Sell;0.01;USDJPYr;142.736;0.01;2025.04.16 18:50:25;142.627;;;109
2025.04.16 17:46:01;Sell;0.01;USDJPYr;142.653;0.01;2025.04.16 17:49:11;142.538;;;115
2025.04.16 15:45:00;Buy;0.01;AUDJPYr;90.701;0.01;2025.04.16 17:26:00;90.801;;;100
2025.04.16 12:30:00;Sell;0.01;AUDCADr;0.88584;0.01;2025.04.16 16:47:09;0.8844;;;148
2025.04.16 15:10:00;Buy;0.01;EURUSDr;1.13554;0.01;2025.04.16 16:12:00;1.13667;;;161
2025.04.16 14:28:16;Sell;0.01;USDJPYr;142.626;0.01;2025.04.16 15:43:55;142.525;;;101
2025.04.16 14:01:33;Sell;0.01;USDJPYr;142.775;0.01;2025.04.16 14:26:41;142.647;;;128
2025.04.16 12:30:21;Sell;0.01;GBPJPYr;189.31;0.01;2025.04.16 13:40:50;189.201;;;109
2025.04.16 11:28:01;Buy;0.01;AUDCADr;0.88483;0.01;2025.04.16 11:34:00;0.8859;;;110
2025.04.16 10:15:00;Buy;0.01;AUDJPYr;90.297;0.01;2025.04.16 11:28:00;90.847;;;550
2025.04.16 10:15:00;Buy;0.01;AUDCADr;0.8837;0.01;2025.04.16 11:28:00;0.88472;;;105
2025.04.16 07:30:01;Sell;0.01;AUDCADr;0.8845;0.01;2025.04.16 10:22:00;0.8834;;;112
2025.04.16 09:30:00;Buy;0.01;AUDCADr;0.88387;0.01;2025.04.16 10:02:00;0.88504;;;120
2025.04.16 08:30:00;Buy;0.01;AUDJPYr;90.298;0.01;2025.04.16 09:43:00;90.412;;;114
2025.04.16 07:45:31;Sell;0.01;GBPJPYr;189.086;0.01;2025.04.16 08:15:24;188.952;;;134
2025.04.10 21:15:00;Sell;0.01;AUDCADr;0.86979;0.01;2025.04.10 22:44:00;0.86859;;;124
2025.04.10 19:15:00;Buy;0.01;AUDNZDr;1.0822;0.01;2025.04.10 21:04:00;1.08342;;;102
2025.04.10 19:48:01;Buy;0.01;AUDCADr;0.86758;0.01;2025.04.10 20:45:00;0.86879;;;125
2025.04.10 19:48:01;Buy;0.01;AUDJPYr;89.533;0.01;2025.04.10 19:50:00;89.638;;;105
2025.04.10 19:34:01;Buy;0.01;AUDJPYr;89.36;0.01;2025.04.10 19:48:00;89.514;;;154
2025.04.10 19:15:00;Buy;0.01;AUDCADr;0.86595;0.01;2025.04.10 19:48:00;0.86733;;;142
2025.04.10 19:15:00;Buy;0.01;AUDJPYr;89.224;0.01;2025.04.10 19:34:00;89.35;;;126
2025.04.10 14:19:01;Sell;0.01;AUDCADr;0.86788;0.01;2025.04.10 19:02:00;0.86648;;;144
2025.04.10 18:20:01;Sell;0.01;AUDNZDr;1.0846;0.01;2025.04.10 18:39:00;1.08347;;;94
2025.04.10 17:45:00;Sell;0.01;AUDNZDr;1.08581;0.01;2025.04.10 18:20:00;1.08484;;;81
2025.04.10 14:45:00;Buy;0.01;AUDNZDr;1.08504;0.01;2025.04.10 17:53:00;1.08609;;;87
2025.04.10 17:30:00;Buy;0.01;AUDJPYr;89.704;0.01;2025.04.10 17:32:00;89.87;;;166
2025.04.10 17:15:00;Buy;0.01;AUDJPYr;89.451;0.01;2025.04.10 17:17:00;89.568;;;117
2025.04.07 11:45:00;Buy;0.02;GBPUSDr;1.2877100000000001;0.02;2025.04.10 15:31:00;1.29542;;;2237
2025.04.04 09:45:00;Buy;0.01;GBPUSDr;1.30663;0.01;2025.04.10 15:31:00;1.29542;;;-1626
2025.04.10 14:00:00;Sell;0.01;AUDNZDr;1.08608;0.01;2025.04.10 14:44:00;1.08504;;;86
2025.04.10 13:15:00;Sell;0.01;AUDCADr;0.869;0.01;2025.04.10 14:19:00;0.86801;;;103
2025.04.10 13:03:01;Buy;0.01;AUDNZDr;1.0855299999999999;0.01;2025.04.10 13:09:00;1.08659;;;88
2025.04.10 13:03:01;Buy;0.01;AUDJPYr;90.144;0.01;2025.04.10 13:09:00;90.255;;;111
2025.04.10 11:30:00;Buy;0.01;AUDNZDr;1.08406;0.01;2025.04.10 13:03:00;1.08524;;;98
2025.04.10 12:45:00;Buy;0.01;AUDJPYr;89.909;0.01;2025.04.10 13:03:00;90.107;;;198
2025.04.10 12:30:00;Sell;0.01;AUDUSDr;0.61675;0.01;2025.04.10 12:40:00;0.61575;;;146
2025.04.10 12:00:38;Sell;0.01;GBPJPYr;188.31;0.01;2025.04.10 12:03:46;188.158;;;152
2025.04.10 05:20:01;Sell;0.02;AUDNZDr;1.08782;0.02;2025.04.10 11:29:00;1.08408;;;621
2025.04.09 09:30:00;Sell;0.01;AUDNZDr;1.07956;0.01;2025.04.10 11:29:00;1.08408;;;-375
2025.04.10 05:30:00;Sell;0.01;AUDUSDr;0.61506;0.01;2025.04.10 11:26:00;0.61377;;;189
2025.04.10 08:45:22;Sell;0.01;GBPJPYr;188.583;0.01;2025.04.10 10:42:30;188.449;;;134
2025.04.10 10:15:23;Sell;0.01;USDJPYr;146.826;0.01;2025.04.10 10:32:36;146.679;;;147
2025.04.10 09:35:00;Buy;0.01;EURUSDr;1.09756;0.01;2025.04.10 10:18:00;1.09864;;;159
2025.04.10 10:01:13;Sell;0.01;USDJPYr;146.99;0.01;2025.04.10 10:12:15;146.876;;;114
2025.04.10 05:30:01;Sell;0.01;AUDCADr;0.8669;0.01;2025.04.10 10:08:00;0.86899;;;-219
2025.04.10 08:55:00;Sell;0.02;AUDCADr;0.87151;0.02;2025.04.10 10:08:00;0.86899;;;527
2025.04.10 08:15:35;Sell;0.01;GBPJPYr;188.604;0.01;2025.04.10 08:25:01;188.468;;;136
2025.04.10 04:02:01;Buy;0.01;AUDCADr;0.86525;0.01;2025.04.10 05:30:00;0.8669;;;172
2025.04.10 03:40:00;Sell;0.01;EURUSDr;1.09769;0.01;2025.04.10 05:10:01;1.09664;;;154
2025.04.10 03:45:00;Buy;0.01;AUDJPYr;89.973;0.01;2025.04.10 04:02:00;90.164;;;191
2025.04.10 03:45:00;Buy;0.01;AUDCADr;0.86398;0.01;2025.04.10 04:02:00;0.86497;;;103
2025.04.10 02:53:23;Sell;0.01;GBPJPYr;189.014;0.01;2025.04.10 03:21:31;188.884;;;130
2025.04.10 02:30:00;Buy;0.01;EURUSDr;1.09501;0.01;2025.04.10 03:19:00;1.09604;;;152
2025.04.10 03:00:00;Buy;0.01;AUDCADr;0.86496;0.01;2025.04.10 03:06:00;0.86612;;;121
2025.04.10 02:15:49;Sell;0.01;GBPJPYr;189.098;0.01;2025.04.10 02:51:49;188.991;;;107
2025.04.03 08:25:00;Buy;0.03;AUDNZDr;1.09305;0.03;2025.04.09 20:21:02;1.08626;;;-1667
2025.04.02 12:40:00;Buy;0.02;AUDNZDr;1.09843;0.02;2025.04.09 20:21:02;1.08626;;;-1991
2025.04.02 03:00:01;Buy;0.01;AUDNZDr;1.10111;0.01;2025.04.09 20:21:02;1.08626;;;-1215
2025.04.07 04:55:00;Buy;0.08;AUDNZDr;1.07798;0.08;2025.04.09 20:21:02;1.08626;;;5420
2025.04.04 14:55:00;Buy;0.05;AUDNZDr;1.08255;0.05;2025.04.09 20:21:02;1.08626;;;1518
2025.04.09 15:45:00;Sell;0.01;GBPUSDr;1.28132;0.01;2025.04.09 15:52:00;1.28026;;;153
2025.04.09 03:00:00;Sell;0.01;GBPUSDr;1.27866;0.01;2025.04.09 15:00:00;1.27741;;;181
2025.04.09 03:20:01;Sell;0.01;AUDNZDr;1.07808;0.01;2025.04.09 08:16:00;1.07691;;;94
2025.04.09 03:00:00;Sell;0.01;AUDNZDr;1.07945;0.01;2025.04.09 03:20:00;1.07844;;;81
2025.04.08 20:15:00;Sell;0.01;GBPUSDr;1.2782;0.01;2025.04.08 20:22:02;1.27716;;;152
2025.04.08 15:58:01;Sell;0.01;GBPUSDr;1.27728;0.01;2025.04.08 17:42:00;1.2762;;;159
2025.04.07 20:05:00;Buy;0.02;AUDJPYr;88.245;0.02;2025.04.08 17:18:00;89.667;;;2844
2025.04.04 05:15:00;Buy;0.01;AUDJPYr;92.226;0.01;2025.04.08 17:18:00;89.667;;;-2559
2025.04.08 15:15:00;Sell;0.01;GBPUSDr;1.27834;0.01;2025.04.08 15:58:00;1.2772999999999999;;;153
2025.04.08 12:00:00;Sell;0.01;AUDNZDr;1.08242;0.01;2025.04.08 12:36:00;1.08142;;;82
2025.04.08 07:41:01;Sell;0.01;AUDNZDr;1.08058;0.01;2025.04.08 09:30:00;1.07947;;;92
2025.04.08 07:00:00;Sell;0.01;AUDNZDr;1.08202;0.01;2025.04.08 07:41:00;1.08087;;;95
2025.04.08 02:00:00;Sell;0.01;AUDNZDr;1.08217;0.01;2025.04.08 04:01:00;1.08096;;;99
2025.04.07 14:00:00;Sell;0.01;AUDCADr;0.86094;0.01;2025.04.07 17:35:00;0.85955;;;144
2025.04.07 12:30:00;Buy;0.02;AUDUSDr;0.5992;0.02;2025.04.07 17:12:00;0.61087;;;3447
2025.04.04 06:00:00;Buy;0.01;AUDUSDr;0.62725;0.01;2025.04.07 17:12:00;0.61087;;;-2419
2025.04.04 14:40:00;Buy;0.03;AUDCADr;0.8661;0.03;2025.04.07 15:27:00;0.86305;;;-940
2025.04.04 06:50:00;Buy;0.02;AUDCADr;0.88144;0.02;2025.04.07 15:27:00;0.86305;;;-3776
2025.04.04 02:15:00;Buy;0.01;AUDCADr;0.89024;0.01;2025.04.07 15:27:00;0.86305;;;-2792
2025.04.07 12:30:00;Buy;0.08;AUDCADr;0.85487;0.08;2025.04.07 15:27:00;0.86305;;;6719
2025.04.07 08:20:00;Buy;0.05;AUDCADr;0.85945;0.05;2025.04.07 15:27:00;0.86305;;;1848
2025.04.07 13:45:00;Sell;0.01;AUDNZDr;1.08193;0.01;2025.04.07 15:18:00;1.0808200000000001;;;91
2025.04.07 13:45:00;Sell;0.01;AUDCADr;0.86206;0.01;2025.04.07 13:58:00;0.86102;;;107
2025.04.07 07:36:01;Sell;0.01;AUDCADr;0.85572;0.01;2025.04.07 08:06:02;0.85475;;;99
2025.04.07 05:30:00;Sell;0.01;AUDCADr;0.85692;0.01;2025.04.07 07:36:00;0.85589;;;106
2025.04.07 02:56:01;Sell;0.01;AUDCADr;0.85335;0.01;2025.04.07 02:58:00;0.85153;;;186
2025.04.07 02:15:00;Sell;0.01;AUDCADr;0.85475;0.01;2025.04.07 02:56:00;0.85357;;;120
2025.04.04 14:25:00;Sell;0.03;EURUSDr;1.1059;0.03;2025.04.04 20:11:00;1.09378;;;5337
2025.04.03 03:05:00;Sell;0.02;EURUSDr;1.08987;0.02;2025.04.04 20:11:00;1.09378;;;-1148
2025.03.27 02:50:03;Sell;0.01;EURUSDr;1.07518;0.01;2025.04.04 20:11:00;1.09378;;;-2730
2025.04.04 10:45:01;Buy;0.01;EURUSDr;1.10213;0.01;2025.04.04 13:25:00;1.10326;;;165
2025.04.04 10:06:00;Sell;0.01;USDJPYr;145.914;0.01;2025.04.04 13:16:51;145.761;;;153
2025.04.03 03:00:00;Sell;0.02;GBPUSDr;1.30449;0.02;2025.04.04 12:05:00;1.29727;;;2113
2025.03.05 16:46:58;Sell;0.01;GBPUSDr;1.28593;0.01;2025.04.04 12:05:00;1.29727;;;-1660
2025.04.04 09:31:31;Sell;0.01;USDJPYr;146.039;0.01;2025.04.04 10:04:25;145.917;;;122
2025.04.04 03:31:12;Sell;0.01;EURJPYr;161.369;0.01;2025.04.04 07:52:39;161.26;;;109
2025.04.04 06:00:01;Buy;0.01;GBPUSDr;1.30861;0.01;2025.04.04 06:36:01;1.30965;;;152
2025.04.03 09:00:00;Sell;0.01;AUDUSDr;0.62883;0.01;2025.04.04 05:51:00;0.6278;;;151
2025.04.04 04:32:28;Sell;0.01;GBPJPYr;191.527;0.01;2025.04.04 04:37:09;191.408;;;119
2025.04.04 04:15:14;Sell;0.01;GBPJPYr;191.632;0.01;2025.04.04 04:30:53;191.505;;;127
2025.04.03 10:01:27;Sell;0.01;EURJPYr;161.386;0.01;2025.04.03 17:00:09;161.185;;;201
2025.04.03 12:15:01;Sell;0.01;AUDCADr;0.89607;0.01;2025.04.03 14:06:01;0.89507;;;104
2025.03.24 03:00:00;Buy;0.01;EURGBPr;0.83792;0.01;2025.04.03 13:06:00;0.83903;;;214
2025.04.03 11:42:01;Buy;0.01;AUDCADr;0.89457;0.01;2025.04.03 12:09:00;0.89569;;;116
2025.04.03 11:00:00;Buy;0.01;AUDCADr;0.89331;0.01;2025.04.03 11:42:00;0.89433;;;106
2025.04.03 04:15:00;Buy;0.01;AUDJPYr;92.864;0.01;2025.04.03 11:14:00;92.982;;;118
2025.04.03 09:15:00;Sell;0.01;AUDCADr;0.89419;0.01;2025.04.03 11:01:03;0.89318;;;105
2025.04.03 09:45:49;Sell;0.01;EURJPYr;161.548;0.01;2025.04.03 09:55:12;161.441;;;107
2025.04.03 08:45:00;Sell;0.01;AUDCADr;0.89529;0.01;2025.04.03 08:58:00;0.89408;;;125
2025.04.03 07:15:00;Buy;0.01;AUDCADr;0.89332;0.01;2025.04.03 08:28:00;0.89447;;;119
2025.04.03 06:00:00;Sell;0.01;AUDCADr;0.89421;0.01;2025.04.03 07:10:00;0.89317;;;108
2025.04.03 04:00:00;Buy;0.01;AUDJPYr;92.713;0.01;2025.04.03 04:08:00;92.863;;;150
2025.04.02 16:30:22;Sell;0.01;EURJPYr;161.499;0.01;2025.04.03 00:18:33;161.298;;;201
2025.04.02 05:30:00;Sell;0.01;AUDUSDr;0.62981;0.01;2025.04.02 23:28:00;0.6276;;;331
2025.04.02 15:00:00;Sell;0.03;AUDCADr;0.90289;0.03;2025.04.02 23:28:00;0.90016;;;855
2025.04.02 06:30:00;Sell;0.02;AUDCADr;0.90088;0.02;2025.04.02 23:28:00;0.90016;;;150
2025.04.01 02:30:01;Sell;0.01;AUDCADr;0.89846;0.01;2025.04.02 23:28:00;0.90016;;;-177
2025.04.02 17:45:00;Buy;0.01;AUDCADr;0.90141;0.01;2025.04.02 23:14:00;0.90275;;;141
2025.03.21 03:15:01;Buy;0.01;EURUSDr;1.08516;0.01;2025.04.02 18:41:00;1.08623;;;161
2025.03.31 15:45:00;Buy;0.01;GBPUSDr;1.29386;0.01;2025.04.02 14:58:02;1.29491;;;157
2025.03.28 18:30:01;Buy;0.01;AUDUSDr;0.6297;0.01;2025.04.02 11:41:05;0.6307;;;150
2025.04.01 21:12:53;Sell;0.01;USDJPYr;149.341;0.01;2025.04.02 11:01:18;149.62;;;-279
2025.04.02 08:15:40;Sell;0.02;USDJPYr;149.912;0.02;2025.04.02 11:01:18;149.62;;;584
2025.03.25 03:40:00;Sell;0.03;AUDNZDr;1.09865;0.03;2025.04.02 10:00:00;1.09944;;;-203
2025.03.24 06:28:01;Sell;0.02;AUDNZDr;1.0968;0.02;2025.04.02 10:00:00;1.09944;;;-453
2025.03.24 03:15:00;Sell;0.01;AUDNZDr;1.09523;0.01;2025.04.02 10:00:00;1.09944;;;-361
2025.04.01 06:41:02;Sell;0.08;AUDNZDr;1.10177;0.08;2025.04.02 10:00:00;1.09944;;;1598
2025.03.28 08:55:00;Sell;0.05;AUDNZDr;1.10023;0.05;2025.04.02 10:00:00;1.09944;;;339
2025.04.02 05:01:13;Sell;0.01;EURJPYr;161.775;0.01;2025.04.02 06:44:09;161.672;;;103
2025.04.01 19:30:00;Buy;0.01;AUDCADr;0.89852;0.01;2025.04.02 05:04:00;0.89956;;;109
2025.04.02 02:00:00;Sell;0.01;AUDUSDr;0.62852;0.01;2025.04.02 04:01:00;0.62747;;;157
2025.04.01 19:01:00;Sell;0.01;USDJPYr;149.418;0.01;2025.04.01 21:11:19;149.313;;;105
2025.04.01 18:36:24;Sell;0.01;EURJPYr;161.286;0.01;2025.04.01 21:06:44;161.194;;;92
2025.04.01 15:45:00;Sell;0.01;EURGBPr;0.83672;0.01;2025.04.01 19:14:02;0.83561;;;215
2025.04.01 18:15:34;Sell;0.01;USDJPYr;149.39;0.01;2025.04.01 18:42:12;149.26;;;130
2025.04.01 18:16:05;Sell;0.01;EURJPYr;161.456;0.01;2025.04.01 18:34:50;161.342;;;114
2025.04.01 12:15:00;Buy;0.01;AUDCADr;0.89964;0.01;2025.04.01 16:31:00;0.9007;;;110
2025.04.01 14:15:01;Buy;0.01;AUDJPYr;93.305;0.01;2025.04.01 15:39:00;93.42;;;115
2025.03.31 11:39:58;Sell;0.01;USDJPYr;149.077;0.01;2025.04.01 14:10:50;149.315;;;-238
2025.03.31 16:17:10;Sell;0.02;USDJPYr;149.592;0.02;2025.04.01 14:10:50;149.315;;;554
2025.03.31 14:31:09;Sell;0.01;EURJPYr;161.445;0.01;2025.04.01 13:12:33;161.327;;;118
2025.04.01 11:00:00;Buy;0.01;AUDJPYr;93.475;0.01;2025.04.01 11:28:00;93.595;;;120
2025.03.31 20:00:00;Sell;0.01;EURGBPr;0.83766;0.01;2025.04.01 08:02:01;0.83661;;;203
2025.04.01 02:45:01;Buy;0.01;AUDCADr;0.89854;0.01;2025.04.01 06:32:00;0.90043;;;197
2025.04.01 03:30:00;Buy;0.01;AUDJPYr;93.591;0.01;2025.04.01 05:53:00;93.695;;;104
2025.03.31 06:45:01;Buy;0.01;AUDNZDr;1.10015;0.01;2025.03.31 21:25:09;1.10116;;;86
2025.03.31 11:00:00;Buy;0.01;AUDCADr;0.89893;0.01;2025.03.31 21:13:00;0.89818;;;-78
2025.03.31 16:50:00;Buy;0.02;AUDCADr;0.89621;0.02;2025.03.31 21:13:00;0.89818;;;412
2025.03.31 11:45:01;Buy;0.01;GBPUSDr;1.2944499999999999;0.01;2025.03.31 14:42:00;1.29544;;;148
2025.03.31 14:15:29;Sell;0.01;EURJPYr;161.605;0.01;2025.03.31 14:29:34;161.483;;;122
2025.03.31 12:46:01;Sell;0.01;EURJPYr;161.416;0.01;2025.03.31 13:12:41;161.287;;;129
2025.03.31 12:30:20;Sell;0.01;EURJPYr;161.529;0.01;2025.03.31 12:44:26;161.421;;;108
2025.03.31 11:00:47;Sell;0.01;USDJPYr;149.173;0.01;2025.03.31 11:38:24;149.063;;;110
2025.03.31 11:15:10;Sell;0.01;EURJPYr;161.515;0.01;2025.03.31 11:21:28;161.388;;;127
2025.03.31 10:15:00;Sell;0.01;AUDCADr;0.90034;0.01;2025.03.31 10:40:00;0.89916;;;123
2025.03.31 06:15:00;Buy;0.01;AUDCADr;0.89932;0.01;2025.03.31 09:45:01;0.9003;;;102
2025.03.31 02:00:02;Sell;0.01;EURGBPr;0.83673;0.01;2025.03.31 09:16:00;0.83572;;;195
2025.03.31 04:15:00;Sell;0.01;AUDCADr;0.90046;0.01;2025.03.31 06:09:01;0.89936;;;114
2025.03.28 17:15:00;Buy;0.01;AUDCADr;0.89991;0.01;2025.03.31 04:35:01;0.9009;;;103
2025.03.28 18:00:00;Buy;0.01;GBPUSDr;1.2942;0.01;2025.03.31 03:33:00;1.29521;;;151
2025.03.27 04:45:38;Sell;0.01;EURJPYr;161.794;0.01;2025.03.31 01:42:32;161.684;;;110
2025.03.28 16:30:00;Buy;0.01;AUDNZDr;1.09971;0.01;2025.03.31 01:03:00;1.10071;;;85
2025.03.28 18:29:26;Balance;;;;;;;;;-13000
2025.03.28 09:40:00;Sell;0.02;AUDCADr;0.90134;0.02;2025.03.28 17:53:00;0.89933;;;423
2025.03.27 02:45:00;Sell;0.01;AUDCADr;0.89889;0.01;2025.03.28 17:53:00;0.89933;;;-46
2025.03.28 15:00:01;Sell;0.01;AUDUSDr;0.63022;0.01;2025.03.28 16:38:01;0.62912;;;165
2025.03.27 04:30:01;Sell;0.01;AUDJPYr;94.723;0.01;2025.03.28 16:16:00;94.607;;;116
2025.03.27 20:00:00;Buy;0.01;AUDUSDr;0.63002;0.01;2025.03.28 15:21:00;0.63104;;;154
2025.03.28 13:00:01;Buy;0.01;GBPUSDr;1.29366;0.01;2025.03.28 14:53:00;1.29502;;;205
2025.03.28 13:30:34;Sell;0.01;USDJPYr;150.824;0.01;2025.03.28 14:35:31;150.689;;;135
2025.03.28 06:10:00;Buy;0.02;AUDCADr;0.89911;0.02;2025.03.28 09:23:00;0.90099;;;395
2025.03.27 19:45:00;Buy;0.01;AUDCADr;0.90173;0.01;2025.03.28 09:23:00;0.90099;;;-78
2025.03.27 08:31:33;Sell;0.01;USDJPYr;150.29;0.01;2025.03.28 09:08:22;150.579;;;-289
2025.03.27 12:10:18;Sell;0.02;USDJPYr;150.892;0.02;2025.03.28 09:08:22;150.579;;;626
2025.03.27 08:00:00;Buy;0.01;AUDNZDr;1.09876;0.01;2025.03.28 03:48:00;1.09975;;;85
2025.03.27 05:00:00;Sell;0.01;AUDUSDr;0.63054;0.01;2025.03.28 02:12:01;0.62936;;;178
2025.03.27 16:00:00;Buy;0.01;AUDUSDr;0.63019;0.01;2025.03.27 17:38:00;0.63127;;;163
2025.03.21 01:15:08;Buy;0.01;GBPUSDr;1.29657;0.01;2025.03.27 17:33:00;1.29775;;;178
2025.03.27 03:15:00;Buy;0.01;AUDNZDr;1.09839;0.01;2025.03.27 05:44:02;1.09954;;;99
2025.03.26 19:15:03;Buy;0.01;AUDUSDr;0.63005;0.01;2025.03.27 04:47:00;0.63107;;;153
2025.03.26 15:45:00;Buy;0.01;AUDCADr;0.89902;0.01;2025.03.27 04:45:00;0.90005;;;108
2025.03.27 04:31:30;Sell;0.01;EURJPYr;161.918;0.01;2025.03.27 04:39:21;161.813;;;105
2025.03.27 02:00:00;Sell;0.01;AUDJPYr;94.577;0.01;2025.03.27 03:38:00;94.471;;;106
2025.03.27 02:16:07;Sell;0.01;EURJPYr;161.802;0.01;2025.03.27 03:25:22;161.702;;;100
2025.03.27 02:31:15;Sell;0.01;USDJPYr;150.534;0.01;2025.03.27 02:48:33;150.431;;;103
2025.03.26 06:00:00;Sell;0.02;AUDJPYr;94.899;0.02;2025.03.27 00:26:04;94.507;;;784
2025.03.24 05:35:01;Sell;0.01;AUDJPYr;94.022;0.01;2025.03.27 00:26:04;94.507;;;-485
2025.03.26 15:00:00;Buy;0.01;AUDNZDr;1.09836;0.01;2025.03.27 00:23:00;1.09936;;;86
2025.03.26 20:16:08;Sell;0.01;USDJPYr;150.538;0.01;2025.03.27 00:22:02;150.383;;;155
2025.03.26 04:15:00;Sell;0.01;AUDUSDr;0.62982;0.01;2025.03.26 21:00:01;0.62875;;;161
2025.03.26 17:30:56;Sell;0.02;USDJPYr;150.683;0.02;2025.03.26 19:36:49;150.395;;;576
2025.03.26 14:00:41;Sell;0.01;USDJPYr;150.168;0.01;2025.03.26 19:36:49;150.395;;;-227
2025.03.26 03:00:57;Sell;0.01;EURJPYr;161.92;0.01;2025.03.26 19:36:34;161.769;;;151
2025.03.26 16:30:02;Sell;0.01;EURUSDr;1.07927;0.01;2025.03.26 17:26:02;1.07823;;;157
2025.03.26 04:45:00;Sell;0.01;AUDCADr;0.89981;0.01;2025.03.26 15:53:00;0.89857;;;131
2025.03.26 11:00:01;Sell;0.01;EURUSDr;1.07987;0.01;2025.03.26 12:36:00;1.07888;;;149
2025.03.26 06:20:34;Sell;0.02;USDJPYr;150.475;0.02;2025.03.26 10:18:53;150.199;;;552
2025.03.26 01:03:05;Sell;0.01;USDJPYr;149.944;0.01;2025.03.26 10:18:53;150.199;;;-255
2025.03.26 05:00:00;Sell;0.01;EURUSDr;1.07948;0.01;2025.03.26 05:58:05;1.07847;;;152
2025.03.26 03:34:01;Buy;0.01;AUDUSDr;0.62996;0.01;2025.03.26 05:21:00;0.63097;;;152
2025.03.26 03:15:01;Buy;0.01;AUDUSDr;0.62874;0.01;2025.03.26 03:34:00;0.62988;;;171
2025.03.25 01:15:00;Sell;0.01;AUDCADr;0.89967;0.01;2025.03.26 02:59:02;0.89862;;;110
2025.03.26 01:45:01;Sell;0.01;AUDUSDr;0.63051;0.01;2025.03.26 02:51:00;0.62943;;;162
2025.03.25 12:00:00;Sell;0.01;EURUSDr;1.07997;0.01;2025.03.26 00:41:00;1.07898;;;148
2025.03.25 13:00:02;Sell;0.01;AUDUSDr;0.63162;0.01;2025.03.25 16:15:02;0.63057;;;157
2025.03.24 20:05:16;Sell;0.01;EURJPYr;162.411;0.01;2025.03.25 14:42:59;162.288;;;123
2025.03.24 17:46:30;Sell;0.02;USDJPYr;150.618;0.02;2025.03.25 12:52:27;150.208;;;820
2025.03.24 13:31:30;Sell;0.01;USDJPYr;149.694;0.01;2025.03.25 12:52:27;150.208;;;-514
2025.03.21 02:30:05;Buy;0.01;AUDUSDr;0.63007;0.01;2025.03.25 12:45:00;0.63106;;;149
2025.03.24 16:10:00;Buy;0.02;AUDCADr;0.90011;0.02;2025.03.25 12:17:00;0.90186;;;368
2025.03.20 18:15:00;Buy;0.01;AUDCADr;0.9022;0.01;2025.03.25 12:17:00;0.90186;;;-36
2025.03.25 06:45:02;Sell;0.01;EURUSDr;1.08035;0.01;2025.03.25 09:23:00;1.07934;;;152
2025.03.24 17:00:12;Sell;0.01;EURJPYr;162.492;0.01;2025.03.24 20:03:42;162.38;;;112
2025.03.24 01:30:01;Sell;0.01;AUDCADr;0.90053;0.01;2025.03.24 16:47:00;0.89941;;;118
2025.03.24 14:01:30;Sell;0.01;EURJPYr;162.194;0.01;2025.03.24 15:15:20;162.084;;;110
2025.03.24 08:30:06;Sell;0.01;EURUSDr;1.08378;0.01;2025.03.24 14:17:00;1.08271;;;160
2025.03.24 13:15:55;Sell;0.01;EURJPYr;162.335;0.01;2025.03.24 13:59:56;162.232;;;103
2025.03.24 04:00:28;Sell;0.02;USDJPYr;149.811;0.02;2025.03.24 12:32:58;149.503;;;616
2025.03.21 19:01:13;Sell;0.01;USDJPYr;149.233;0.01;2025.03.24 12:32:58;149.503;;;-270
2025.03.21 08:00:00;Sell;0.01;EURGBPr;0.83747;0.01;2025.03.24 11:30:00;0.83646;;;196
2025.03.24 08:30:25;Sell;0.01;EURJPYr;162.132;0.01;2025.03.24 11:21:24;162.002;;;130
2025.03.24 02:30:24;Sell;0.01;EURJPYr;162.15;0.01;2025.03.24 06:17:29;162.045;;;105
2025.03.24 01:45:01;Sell;0.01;EURUSDr;1.08291;0.01;2025.03.24 06:16:00;1.08186;;;157
2025.03.24 05:15:00;Sell;0.01;AUDJPYr;94.162;0.01;2025.03.24 05:35:00;94.051;;;111
2025.03.11 10:15:00;Buy;0.02;AUDNZDr;1.1023;0.02;2025.03.24 03:54:00;1.09595;;;-1092
2025.03.10 06:00:01;Buy;0.01;AUDNZDr;1.10398;0.01;2025.03.24 03:54:00;1.09595;;;-690
2025.03.17 14:40:00;Buy;0.05;AUDNZDr;1.09695;0.05;2025.03.24 03:54:00;1.09595;;;-430
2025.03.17 04:40:00;Buy;0.03;AUDNZDr;1.09949;0.03;2025.03.24 03:54:00;1.09595;;;-913
2025.03.21 10:35:00;Buy;0.14;AUDNZDr;1.09298;0.14;2025.03.24 03:54:00;1.09595;;;3574
2025.03.20 20:40:01;Buy;0.08;AUDNZDr;1.09506;0.08;2025.03.24 03:54:00;1.09595;;;612
2025.03.21 12:45:00;Buy;0.01;AUDJPYr;93.835;0.01;2025.03.24 00:11:00;93.946;;;111
2025.03.21 20:01:02;Sell;0.01;EURJPYr;161.502;0.01;2025.03.21 21:24:06;161.398;;;104
2025.03.21 09:15:00;Sell;0.01;AUDCADr;0.90182;0.01;2025.03.21 15:54:00;0.90076;;;110
2025.03.21 13:15:00;Sell;0.01;EURUSDr;1.08414;0.01;2025.03.21 14:56:00;1.08311;;;153
2025.03.20 18:35:19;Sell;0.01;EURJPYr;161.353;0.01;2025.03.21 14:41:49;161.218;;;135
2025.03.21 12:00:00;Buy;0.01;EURGBPr;0.83709;0.01;2025.03.21 13:57:00;0.83809;;;193
2025.03.21 07:20:46;Sell;0.02;USDJPYr;149.473;0.02;2025.03.21 13:12:30;149.104;;;738
2025.03.20 16:59:49;Sell;0.01;USDJPYr;148.693;0.01;2025.03.21 13:12:30;149.104;;;-411
2025.03.21 04:45:00;Buy;0.01;EURGBPr;0.83686;0.01;2025.03.21 09:39:03;0.83797;;;214
2025.03.21 05:52:01;Buy;0.01;AUDJPYr;93.938;0.01;2025.03.21 07:25:00;94.051;;;113
2025.03.21 05:15:01;Buy;0.01;AUDJPYr;93.805;0.01;2025.03.21 05:52:00;93.917;;;112
2025.03.21 03:45:01;Sell;0.01;AUDCADr;0.90206;0.01;2025.03.21 05:34:01;0.90105;;;105
2025.03.20 20:30:00;Sell;0.01;EURUSDr;1.08477;0.01;2025.03.21 05:34:00;1.08377;;;149
2025.03.21 01:30:01;Buy;0.01;AUDJPYr;93.709;0.01;2025.03.21 02:22:00;93.851;;;142
2025.03.20 15:55:00;Sell;0.02;AUDNZDr;1.09572;0.02;2025.03.21 01:55:04;1.09417;;;265
2025.03.20 04:45:00;Sell;0.01;AUDNZDr;1.09412;0.01;2025.03.21 01:55:04;1.09417;;;-4
2025.03.20 19:30:00;Buy;0.01;GBPUSDr;1.29574;0.01;2025.03.20 22:31:00;1.29677;;;153
2025.03.20 18:00:55;Sell;0.01;EURJPYr;161.499;0.01;2025.03.20 18:33:45;161.4;;;99
2025.03.20 16:31:46;Sell;0.01;EURJPYr;161.138;0.01;2025.03.20 17:03:04;161.031;;;107
2025.03.20 16:15:55;Sell;0.01;USDJPYr;148.832;0.01;2025.03.20 16:58:14;148.73;;;102
2025.03.20 16:16:06;Sell;0.01;EURJPYr;161.281;0.01;2025.03.20 16:30:11;161.168;;;113
2025.03.14 08:15:00;Sell;0.01;AUDUSDr;0.62956;0.01;2025.03.20 12:19:06;0.62848;;;160
2025.03.17 06:00:08;Sell;0.01;GBPJPYr;192.401;0.01;2025.03.20 12:18:13;192.239;;;162
2025.03.11 08:16:06;Sell;0.01;EURJPYr;159.68;0.01;2025.03.20 12:14:56;161.119;;;-1439
2025.03.17 15:25:04;Sell;0.03;EURJPYr;162.217;0.03;2025.03.20 12:14:56;161.119;;;3294
2025.03.14 01:06:04;Sell;0.02;EURJPYr;160.503;0.02;2025.03.20 12:14:56;161.119;;;-1232
2025.03.13 16:00:00;Sell;0.01;EURGBPr;0.83843;0.01;2025.03.20 11:26:02;0.83729;;;220
2025.03.14 07:00:19;Sell;0.02;USDJPYr;148.498;0.02;2025.03.20 01:43:01;148.519;;;-42
2025.03.14 01:02:29;Sell;0.01;USDJPYr;147.903;0.01;2025.03.20 01:43:01;148.519;;;-616
2025.03.17 20:05:42;Sell;0.03;USDJPYr;148.988;0.03;2025.03.20 01:43:01;148.519;;;1407
2025.03.19 13:00:00;Sell;0.01;AUDNZDr;1.09404;0.01;2025.03.20 00:00:40;1.09314;;;78
2025.03.17 20:55:00;Sell;0.02;EURUSDr;1.09231;0.02;2025.03.19 19:24:00;1.087;;;1593
2025.03.07 04:30:01;Sell;0.01;EURUSDr;1.07946;0.01;2025.03.19 19:24:00;1.087;;;-1131
2025.03.17 19:25:00;Sell;0.02;AUDJPYr;94.976;0.02;2025.03.19 09:42:00;94.464;;;1024
2025.03.14 19:45:00;Sell;0.01;AUDJPYr;93.861;0.01;2025.03.19 09:42:00;94.464;;;-603
2025.03.14 01:00:00;Sell;0.01;AUDCADr;0.90668;0.01;2025.03.19 09:40:00;0.90751;;;-86
2025.03.17 08:40:00;Sell;0.02;AUDCADr;0.90945;0.02;2025.03.19 09:40:00;0.90751;;;404
2025.03.12 14:33:01;Buy;0.01;EURUSDr;1.09175;0.01;2025.03.17 17:29:00;1.09282;;;159
2025.03.17 15:45:01;Buy;0.01;AUDCADr;0.90984;0.01;2025.03.17 16:15:00;0.91087;;;107
2025.03.13 07:30:00;Buy;0.01;GBPUSDr;1.29555;0.01;2025.03.17 12:27:01;1.29665;;;163
2025.03.14 16:00:00;Buy;0.01;AUDCADr;0.90967;0.01;2025.03.17 10:43:00;0.91076;;;113
2025.03.17 02:30:33;Sell;0.01;GBPJPYr;192.4;0.01;2025.03.17 03:31:49;192.296;;;104
2025.03.14 15:45:00;Buy;0.01;AUDJPYr;93.973;0.01;2025.03.14 22:29:00;94.075;;;102
2025.03.14 02:00:32;Sell;0.01;GBPJPYr;191.659;0.01;2025.03.14 18:32:16;191.492;;;167
2025.03.11 20:45:00;Sell;0.01;AUDNZDr;1.10216;0.01;2025.03.14 15:32:00;1.10117;;;84
2025.03.13 05:15:00;Buy;0.01;AUDJPYr;93.74;0.01;2025.03.14 09:30:00;93.837;;;97
2025.03.14 04:30:00;Buy;0.01;AUDCADr;0.90746;0.01;2025.03.14 08:47:01;0.90853;;;110
2025.03.14 04:30:00;Buy;0.01;AUDUSDr;0.62846;0.01;2025.03.14 07:03:02;0.62946;;;149
2025.03.14 02:30:00;Buy;0.01;AUDCADr;0.90652;0.01;2025.03.14 03:09:01;0.9076;;;111
2025.03.13 06:15:01;Buy;0.01;AUDCADr;0.90843;0.01;2025.03.13 18:25:00;0.90646;;;-202
2025.03.13 12:00:00;Buy;0.02;AUDCADr;0.90389;0.02;2025.03.13 18:25:00;0.90646;;;527
2025.03.13 16:31:19;Sell;0.01;GBPJPYr;191.794;0.01;2025.03.13 16:36:01;191.598;;;196
2025.03.13 15:16:11;Sell;0.01;USDJPYr;148.325;0.01;2025.03.13 15:30:15;148.172;;;153
2025.03.13 04:45:04;Sell;0.01;EURGBPr;0.84005;0.01;2025.03.13 09:44:00;0.83904;;;193
2025.03.12 17:45:00;Sell;0.01;AUDCADr;0.90748;0.01;2025.03.13 08:42:00;0.90644;;;107
2025.03.13 02:20:40;Sell;0.02;GBPJPYr;192.236;0.02;2025.03.13 08:24:38;191.196;;;2080
2025.03.11 06:45:45;Sell;0.01;GBPJPYr;189.497;0.01;2025.03.13 08:24:38;191.196;;;-1699
2025.03.12 18:00:01;Sell;0.01;AUDUSDr;0.6305;0.01;2025.03.13 08:11:02;0.62948;;;151
2025.03.13 02:56:15;Sell;0.01;USDJPYr;148.217;0.01;2025.03.13 03:00:58;148.106;;;111
2025.03.13 02:15:19;Sell;0.01;USDJPYr;148.329;0.01;2025.03.13 02:54:41;148.228;;;101
2025.03.12 12:30:00;Buy;0.01;AUDCADr;0.90759;0.01;2025.03.13 01:56:05;0.90861;;;105
2025.03.12 14:31:01;Buy;0.01;AUDUSDr;0.63096;0.01;2025.03.12 22:30:01;0.63199;;;153
2025.03.12 09:01:21;Sell;0.01;USDJPYr;148.324;0.01;2025.03.12 18:44:35;148.219;;;105
2025.03.12 17:26:01;Buy;0.01;AUDJPYr;93.49;0.01;2025.03.12 18:11:00;93.604;;;114
2025.03.12 17:00:00;Buy;0.01;AUDJPYr;93.366;0.01;2025.03.12 17:26:00;93.468;;;102
2025.03.12 16:45:00;Buy;0.01;AUDJPYr;93.304;0.01;2025.03.12 16:54:00;93.411;;;107
2025.03.12 14:32:01;Buy;0.01;AUDJPYr;93.68;0.01;2025.03.12 15:03:00;93.783;;;103
2025.03.11 16:00:00;Sell;0.02;EURGBPr;0.8441;0.02;2025.03.12 14:39:00;0.84082;;;1264
2025.03.07 04:30:01;Sell;0.01;EURGBPr;0.83778;0.01;2025.03.12 14:39:00;0.84082;;;-586
2025.03.12 13:45:01;Buy;0.01;EURUSDr;1.09051;0.01;2025.03.12 14:33:00;1.09164;;;168
2025.03.07 05:35:00;Buy;0.02;AUDJPYr;93.098;0.02;2025.03.12 14:32:00;93.677;;;1158
2025.03.06 07:30:00;Buy;0.01;AUDJPYr;94.535;0.01;2025.03.12 14:32:00;93.677;;;-858
2025.03.12 12:30:00;Buy;0.01;AUDUSDr;0.62889;0.01;2025.03.12 14:31:00;0.63075;;;276
2025.03.11 14:45:00;Sell;0.01;AUDCADr;0.90629;0.01;2025.03.12 14:22:00;0.90528;;;104
2025.03.12 11:00:00;Sell;0.01;AUDUSDr;0.62985;0.01;2025.03.12 12:00:02;0.62883;;;152
2025.03.12 09:41:04;Buy;0.01;GBPUSDr;1.29281;0.01;2025.03.12 10:59:00;1.29397;;;172
2025.03.12 09:00:00;Buy;0.01;AUDUSDr;0.62796;0.01;2025.03.12 10:09:00;0.62894;;;146
2025.03.12 09:15:00;Buy;0.01;EURUSDr;1.0896;0.01;2025.03.12 10:06:01;1.09062;;;151
2025.03.12 09:00:00;Buy;0.01;GBPUSDr;1.2917399999999999;0.01;2025.03.12 09:41:02;1.2928;;;157
2025.03.12 06:45:55;Sell;0.01;USDJPYr;148.184;0.01;2025.03.12 07:58:19;148.044;;;140
2025.03.11 11:15:17;Sell;0.01;USDJPYr;147.283;0.01;2025.03.11 19:07:58;147.152;;;131
2025.03.11 17:00:00;Buy;0.01;AUDUSDr;0.62698;0.01;2025.03.11 17:16:00;0.62816;;;174
2025.03.11 01:00:00;Sell;0.01;AUDNZDr;1.10251;0.01;2025.03.11 16:17:00;1.10152;;;83
2025.03.11 12:45:01;Buy;0.01;AUDCADr;0.90556;0.01;2025.03.11 14:31:00;0.90659;;;105
2025.03.11 11:00:00;Sell;0.01;AUDCADr;0.90675;0.01;2025.03.11 12:25:00;0.90569;;;109
2025.03.11 01:40:00;Buy;0.02;AUDCADr;0.90559;0.02;2025.03.11 11:05:00;0.90741;;;372
2025.03.10 20:15:00;Buy;0.01;AUDCADr;0.90805;0.01;2025.03.11 11:05:00;0.90741;;;-65
2025.03.10 16:30:00;Buy;0.01;GBPUSDr;1.29122;0.01;2025.03.11 10:20:00;1.2923;;;159
2025.03.11 06:40:31;Sell;0.01;USDJPYr;146.989;0.01;2025.03.11 09:42:57;146.874;;;115
2025.03.11 07:45:00;Buy;0.01;EURUSDr;1.08384;0.01;2025.03.11 08:21:00;1.08608;;;330
2025.03.11 04:15:00;Sell;0.01;AUDCADr;0.90582;0.01;2025.03.11 07:14:00;0.90477;;;107
2025.03.11 05:31:09;Sell;0.01;EURJPYr;159.593;0.01;2025.03.11 07:07:05;159.478;;;115
2025.03.11 06:30:05;Sell;0.01;GBPJPYr;189.685;0.01;2025.03.11 06:42:36;189.54;;;145
2025.03.11 05:45:21;Sell;0.01;USDJPYr;147.124;0.01;2025.03.11 06:38:57;146.996;;;128
2025.03.11 03:52:01;Buy;0.01;AUDUSDr;0.62741;0.01;2025.03.11 04:12:00;0.62846;;;154
2025.03.11 03:15:00;Buy;0.01;AUDUSDr;0.62633;0.01;2025.03.11 03:52:00;0.62733;;;147
2025.03.10 16:30:00;Buy;0.01;EURUSDr;1.08382;0.01;2025.03.11 02:52:00;1.0849;;;158
2025.03.10 12:55:01;Sell;0.02;AUDCADr;0.90941;0.02;2025.03.11 00:15:00;0.90633;;;627
2025.03.07 16:00:01;Sell;0.01;AUDCADr;0.90315;0.01;2025.03.11 00:15:00;0.90633;;;-324
2025.03.10 20:15:18;Sell;0.01;USDJPYr;147.31;0.01;2025.03.10 21:03:48;147.19;;;120
2025.03.07 21:15:01;Sell;0.01;AUDUSDr;0.6301;0.01;2025.03.10 19:54:00;0.6291;;;147
2025.03.10 17:45:05;Sell;0.01;USDJPYr;147.15;0.01;2025.03.10 19:37:47;147.047;;;103
2025.03.10 18:21:34;Sell;0.01;GBPJPYr;189.746;0.01;2025.03.10 19:11:37;189.646;;;100
2025.03.10 17:45:38;Sell;0.01;GBPJPYr;189.833;0.01;2025.03.10 18:20:00;189.713;;;120
2025.03.10 16:00:00;Buy;0.01;EURUSDr;1.08355;0.01;2025.03.10 16:12:00;1.08456;;;148
2025.03.10 05:00:01;Buy;0.01;GBPUSDr;1.29127;0.01;2025.03.10 12:31:01;1.29236;;;160
2025.03.10 12:00:39;Sell;0.01;EURJPYr;159.825;0.01;2025.03.10 12:11:37;159.714;;;111
2025.03.10 04:45:01;Buy;0.01;EURUSDr;1.0843;0.01;2025.03.10 11:49:00;1.08531;;;149
2025.03.07 06:15:40;Sell;0.01;EURJPYr;159.48;0.01;2025.03.10 10:17:33;159.332;;;148
2025.03.10 04:31:16;Sell;0.01;USDJPYr;147.526;0.01;2025.03.10 10:14:31;147.42;;;106
2025.03.10 02:15:00;Sell;0.01;AUDNZDr;1.10437;0.01;2025.03.10 09:47:04;1.10333;;;88
2025.03.10 05:15:00;Buy;0.01;AUDCADr;0.90566;0.01;2025.03.10 07:16:00;0.90674;;;111
2025.03.07 20:01:13;Sell;0.01;GBPJPYr;190.45;0.01;2025.03.10 03:30:54;190.333;;;117
2025.03.07 19:46:06;Sell;0.01;USDJPYr;147.555;0.01;2025.03.10 01:13:34;147.45;;;105
2025.03.07 20:00:00;Sell;0.01;AUDNZDr;1.1045;0.01;2025.03.10 01:12:00;1.10347;;;87
2025.03.07 19:45:01;Buy;0.01;EURUSDr;1.08359;0.01;2025.03.07 22:33:02;1.08467;;;160
2025.03.07 20:00:00;Buy;0.01;AUDUSDr;0.62932;0.01;2025.03.07 21:20:00;0.63038;;;157
2025.03.06 05:15:00;Buy;0.01;AUDNZDr;1.10589;0.01;2025.03.07 20:55:00;1.10562;;;-23
2025.03.06 19:45:00;Buy;0.02;AUDNZDr;1.104;0.02;2025.03.07 20:55:00;1.10562;;;273
2025.03.07 18:00:00;Sell;0.01;AUDUSDr;0.63121;0.01;2025.03.07 18:31:00;0.62999;;;180
2025.03.07 18:01:27;Sell;0.01;USDJPYr;147.503;0.01;2025.03.07 18:18:37;147.397;;;106
2025.03.07 17:00:32;Sell;0.01;USDJPYr;147.452;0.01;2025.03.07 17:36:27;147.269;;;183
2025.03.07 17:00:06;Sell;0.01;GBPJPYr;190.535;0.01;2025.03.07 17:32:53;190.34;;;195
2025.03.07 15:45:00;Sell;0.01;AUDCADr;0.90441;0.01;2025.03.07 16:00:00;0.90336;;;108
2025.03.07 09:45:30;Sell;0.01;GBPJPYr;190.326;0.01;2025.03.07 15:57:40;190.06;;;266
2025.03.07 14:20:01;Buy;0.02;AUDCADr;0.90198;0.02;2025.03.07 15:40:00;0.90459;;;536
2025.03.06 18:22:01;Buy;0.01;AUDCADr;0.90659;0.01;2025.03.07 15:40:00;0.90459;;;-206
2025.03.07 13:30:59;Sell;0.01;USDJPYr;147.635;0.01;2025.03.07 15:34:40;147.304;;;331
2025.03.07 14:00:00;Buy;0.01;AUDUSDr;0.62958;0.01;2025.03.07 15:31:00;0.63062;;;154
2025.03.07 08:30:00;Sell;0.01;AUDNZDr;1.1039;0.01;2025.03.07 09:19:00;1.10292;;;83
2025.03.05 19:00:00;Sell;0.01;AUDUSDr;0.63092;0.01;2025.03.07 08:10:00;0.62985;;;158
2025.03.07 02:15:51;Sell;0.01;EURJPYr;159.443;0.01;2025.03.07 05:01:51;159.295;;;148
2025.03.07 03:30:00;Buy;0.01;GBPUSDr;1.2877100000000001;0.01;2025.03.07 04:46:00;1.28872;;;149
2025.03.07 03:30:44;Sell;0.01;GBPJPYr;190.553;0.01;2025.03.07 04:16:08;190.434;;;119
2025.03.07 02:45:38;Sell;0.01;USDJPYr;147.908;0.01;2025.03.07 04:14:54;147.789;;;119
2025.03.07 02:15:35;Sell;0.01;GBPJPYr;190.412;0.01;2025.03.07 02:26:33;190.268;;;144
2025.03.07 02:03:01;Sell;0.01;GBPJPYr;190.626;0.01;2025.03.07 02:12:27;190.495;;;131
2025.03.07 02:01:45;Sell;0.01;EURJPYr;159.691;0.01;2025.03.07 02:09:35;159.57;;;121
2025.03.06 20:00:00;Sell;0.01;AUDCADr;0.90651;0.01;2025.03.06 23:23:02;0.90541;;;114
2025.03.06 19:45:01;Buy;0.01;EURUSDr;1.07991;0.01;2025.03.06 21:53:01;1.08097;;;157
2025.03.06 02:00:01;Sell;0.01;EURGBPr;0.83736;0.01;2025.03.06 20:43:01;0.83633;;;196
2025.03.06 16:37:01;Sell;0.01;EURUSDr;1.08152;0.01;2025.03.06 19:16:00;1.0805;;;151
2025.03.06 18:31:02;Sell;0.01;EURJPYr;160.478;0.01;2025.03.06 18:38:50;160.349;;;129
2025.03.06 18:15:24;Sell;0.01;EURJPYr;160.583;0.01;2025.03.06 18:26:20;160.393;;;190
2025.03.06 17:45:00;Buy;0.01;AUDCADr;0.90537;0.01;2025.03.06 18:22:00;0.90638;;;105
2025.03.06 07:10:00;Sell;0.02;AUDCADr;0.90878;0.02;2025.03.06 17:14:00;0.90683;;;404
2025.03.05 16:46:58;Sell;0.01;AUDCADr;0.90655;0.01;2025.03.06 17:14:00;0.90683;;;-29
2025.03.06 16:15:00;Sell;0.01;EURUSDr;1.08258;0.01;2025.03.06 16:37:00;1.08158;;;147
2025.03.06 16:00:00;Sell;0.01;EURUSDr;1.08258;0.01;2025.03.06 16:09:01;1.08144;;;168
2025.03.06 11:30:00;Buy;0.01;AUDCADr;0.90814;0.01;2025.03.06 13:56:00;0.90925;;;114
2025.03.06 12:30:01;Buy;0.01;GBPUSDr;1.2870300000000001;0.01;2025.03.06 12:41:00;1.28809;;;157
2025.03.06 07:15:05;Sell;0.01;EURUSDr;1.08008;0.01;2025.03.06 11:20:00;1.07873;;;200
2025.03.06 05:00:00;Buy;0.01;AUDCADr;0.90844;0.01;2025.03.06 10:21:00;0.90953;;;113
2025.03.05 19:15:16;Sell;0.01;EURJPYr;160.327;0.01;2025.03.06 10:01:47;160.15;;;177
2025.03.05 20:16:07;Sell;0.01;GBPJPYr;191.732;0.01;2025.03.06 09:20:04;191.608;;;124
2025.03.06 02:02:34;Sell;0.01;USDJPYr;148.96;0.01;2025.03.06 08:08:36;148.856;;;104
2025.03.05 19:30:00;Sell;0.01;AUDNZDr;1.10626;0.01;2025.03.06 07:38:01;1.10522;;;89
2025.03.06 06:00:00;Buy;0.01;EURUSDr;1.0789900000000001;0.01;2025.03.06 06:50:01;1.08007;;;161
2025.03.06 03:45:00;Sell;0.01;EURUSDr;1.08147;0.01;2025.03.06 04:21:01;1.08038;;;162
2025.03.05 20:16:21;Sell;0.01;USDJPYr;148.889;0.01;2025.03.05 22:01:19;148.786;;;103
2025.03.05 18:15:58;Sell;0.01;EURJPYr;160.221;0.01;2025.03.05 18:26:54;159.995;;;226
2025.03.05 16:46:58;Sell;0.01;AUDUSDr;0.63128;0.01;2025.03.05 17:45:00;0.63026;;;152
2025.03.05 17:22:53;Sell;0.01;EURJPYr;159.809;0.01;2025.03.05 17:26:01;159.593;;;216
2025.03.05 17:01:01;Sell;0.01;EURJPYr;160.043;0.01;2025.03.05 17:21:19;159.916;;;127
2025.03.05 16:46:58;Sell;0.01;EURUSDr;1.07627;0.01;2025.03.05 17:12:00;1.07516;;;165
2025.03.05 16:48:31;Sell;0.01;EURJPYr;159.965;0.01;2025.03.05 16:56:19;159.85;;;115
2025.03.05 16:37:33;Balance;;;;;;;;;145000
