Time;Type;Volume;Symbol;Price;S/L;T/P;Time;Price;Commission;Swap;Profit;Comment
2026.09.09 23:15:00;Sell Stop;0.01;XAUUSD;3 945.88;4 080.30;3 913.93;2026.09.11 10:15:00;4 351.81;;;;cancelled
2026.09.09 23:15:00;Buy Stop;0.01;XAUUSD;4 690.66;4 556.24;4 722.61;2026.09.11 10:15:00;4 352.01;;;;cancelled
2026.09.10 05:00:00;Buy Stop;0.01;XAUUSD;4 440.89;4 257.53;4 455.41;2026.09.11 01:00:01;4 321.59;;;;cancelled
2026.09.10 15:34:33;Sell;0.01;XAUUSD;4 343.33;4 337.88;4 210.24;2026.09.10 15:44:29;4 338.06;-0.02;;5.27;[sl]
2026.09.10 15:34:33;Sell;0.01;XAUUSD;4 343.32;4 334.94;4 319.08;2026.09.10 15:42:38;4 335.07;-0.02;;8.25;[sl]
2026.09.10 15:34:33;Sell;0.01;XAUUSD;4 343.33;4 343.33;4 324.93;2026.09.10 15:39:31;4 324.93;-0.02;;18.40;[tp]
2026.09.10 15:34:34;Sell;0.01;XAUUSD;4 342.65;4 336.71;4 327.55;2026.09.10 15:39:08;4 327.55;-0.02;;15.10;[tp]
2026.09.10 15:34:33;Sell;0.01;XAUUSD;4 343.32;4 341.87;4 329.06;2026.09.10 15:38:15;4 329.06;-0.02;;14.26;[tp]
2026.09.09 17:50:00;Sell Stop;0.01;XAUUSD;4 285.16;4 470.63;4 270.47;2026.09.10 13:50:00;4 382.83;;;;cancelled
2026.09.09 04:00:00;Buy Stop;0.01;XAUUSD;4 440.95;4 351.11;4 456.21;2026.09.10 10:00:00;4 425.27;;;;cancelled
2026.09.09 09:00:00;Buy Stop;0.01;XAUUSD;4 440.87;4 255.40;4 455.56;2026.09.10 05:00:00;4 412.40;;;;cancelled
2026.09.08 22:00:00;Sell Stop;0.01;XAUUSD;4 284.37;4 374.47;4 269.07;2026.09.10 04:00:00;4 401.01;;;;cancelled
2026.09.08 12:15:00;Sell Stop;0.01;XAUUSD;3 945.89;4 080.70;3 913.84;2026.09.09 23:15:00;4 397.26;;;;cancelled
2026.09.08 12:15:00;Buy Stop;0.01;XAUUSD;4 690.64;4 555.83;4 722.69;2026.09.09 23:15:00;4 397.41;;;;cancelled
2026.09.07 07:00:00;Buy Stop;0.01;XAUUSD;4 509.84;4 471.14;4 534.78;2026.09.09 19:00:00;4 398.93;;;;cancelled
2026.09.08 21:50:00;Sell Stop;0.01;XAUUSD;4 285.17;4 471.18;4 270.44;2026.09.09 17:50:00;4 420.74;;;;cancelled
2026.09.07 04:45:00;Sell Stop;0.01;XAUUSD;4 284.99;4 323.69;4 260.05;2026.09.09 16:45:00;4 417.14;;;;cancelled
2026.09.08 07:15:00;Buy Stop;0.01;XAUUSD;4 508.83;4 418.73;4 524.13;2026.09.09 13:15:00;4 391.28;;;;cancelled
2026.09.08 17:05:00;Buy Stop;0.01;XAUUSD;4 508.75;4 322.74;4 523.48;2026.09.09 13:05:00;4 390.36;;;;cancelled
2026.09.07 01:00:02;Sell Stop;0.01;XAUUSD;4 285.22;4 315.57;4 266.05;2026.09.09 08:15:00;4 387.70;;;;cancelled
2026.09.07 01:00:02;Buy Stop;0.01;XAUUSD;4 508.63;4 478.28;4 527.80;2026.09.09 08:15:00;4 387.74;;;;cancelled
2026.09.08 21:48:58;Sell;0.01;XAUUSD;4 368.19;4 368.19;4 349.06;2026.09.08 21:53:32;4 368.23;-0.02;;-0.04;[sl]
2026.09.08 21:49:15;Sell;0.01;XAUUSD;4 367.16;4 366.65;4 343.06;2026.09.08 21:53:23;4 366.83;-0.02;;0.33;[sl]
2026.09.08 21:49:15;Sell;0.01;XAUUSD;4 367.69;4 366.22;4 353.45;2026.09.08 21:53:14;4 366.23;-0.02;;1.46;[sl]
2026.09.08 21:49:15;Sell;0.01;XAUUSD;4 367.15;4 365.79;4 352.08;2026.09.08 21:53:13;4 365.87;-0.02;;1.28;[sl]
2026.09.07 13:00:00;Sell Stop;0.01;XAUUSD;4 367.40;4 458.57;4 351.92;2026.09.08 19:00:00;4 394.81;;;;cancelled
2026.09.07 21:05:00;Buy Stop;0.01;XAUUSD;4 508.73;4 320.51;4 523.64;2026.09.08 17:05:00;4 402.18;;;;cancelled
2026.09.07 18:00:00;Sell Stop;0.01;XAUUSD;4 368.21;4 556.43;4 353.30;2026.09.08 14:00:00;4 395.36;;;;cancelled
2026.09.07 01:00:01;Sell Stop;0.01;XAUUSD;3 945.93;4 082.34;3 913.50;2026.09.08 12:15:00;4 397.39;;;;cancelled
2026.09.07 01:00:01;Buy Stop;0.01;XAUUSD;4 690.57;4 554.16;4 723.00;2026.09.08 12:15:00;4 397.56;;;;cancelled
2026.09.07 01:00:01;Sell Stop;0.01;XAUUSD;4 284.39;4 375.56;4 268.91;2026.09.08 07:15:00;4 439.22;;;;cancelled
2026.09.07 01:00:01;Buy Stop;0.01;XAUUSD;4 508.81;4 417.64;4 524.29;2026.09.08 07:15:00;4 439.40;;;;cancelled
2026.09.04 16:30:01;Sell Stop;0.01;XAUUSD;3 943.89;3 965.85;3 853.87;2026.09.08 01:00:01;4 408.98;;;;cancelled
2026.09.07 01:00:01;Sell Stop;0.01;XAUUSD;4 285.20;4 473.42;4 270.29;2026.09.07 21:05:00;4 407.01;;;;cancelled
2026.09.07 01:00:01;Buy Stop;0.01;XAUUSD;4 508.73;4 320.51;4 523.64;2026.09.07 21:05:00;4 407.15;;;;cancelled
2026.09.04 19:00:00;Buy Stop;0.01;XAUUSD;4 509.86;4 471.86;4 534.35;2026.09.07 07:00:00;4 404.33;;;;cancelled
2026.09.04 16:30:02;Sell Stop;0.01;XAUUSD;4 284.95;4 322.95;4 260.46;2026.09.07 04:45:00;4 410.14;;;;cancelled
2026.09.04 16:30:02;Buy Stop;0.01;XAUUSD;4 630.37;4 592.37;4 654.86;2026.09.07 04:45:00;4 410.29;;;;cancelled
2026.09.04 20:00:00;Buy Stop;0.01;XAUUSD;4 508.77;4 323.97;4 523.41;2026.09.07 01:00:01;4 421.42;;;;cancelled
2026.09.04 16:30:02;Sell Stop;0.01;XAUUSD;4 285.17;4 314.97;4 266.35;2026.09.07 01:00:01;4 426.02;;;;cancelled
2026.09.04 16:30:02;Buy Stop;0.01;XAUUSD;4 508.67;4 478.87;4 527.49;2026.09.07 01:00:01;4 427.40;;;;cancelled
2026.09.04 16:30:02;Sell Stop;0.01;XAUUSD;4 284.36;4 373.87;4 269.16;2026.09.07 01:00:01;4 425.61;;;;cancelled
2026.09.04 16:30:02;Buy Stop;0.01;XAUUSD;4 508.84;4 419.33;4 524.04;2026.09.07 01:00:01;4 427.64;;;;cancelled
2026.09.04 16:30:01;Buy Stop;0.01;XAUUSD;4 690.68;4 556.75;4 722.52;2026.09.07 01:00:01;4 421.42;;;;cancelled
2026.09.04 16:30:01;Sell Stop;0.01;XAUUSD;4 285.15;4 469.95;4 270.51;2026.09.07 01:00:01;4 425.01;;;;cancelled
2026.09.04 16:30:01;Buy Stop;0.01;XAUUSD;4 629.28;4 444.48;4 643.92;2026.09.07 01:00:01;4 428.37;;;;cancelled
2026.09.04 16:30:01;Sell Stop;0.01;XAUUSD;3 945.86;4 079.79;3 914.02;2026.09.07 01:00:00;4 419.61;;;;cancelled
2026.09.04 09:00:00;Sell Stop;0.01;XAUUSD;4 284.36;4 373.87;4 269.16;2026.09.04 13:50:01;4 475.13;;;;cancelled
2026.09.04 08:00:00;Buy Stop;0.01;XAUUSD;4 629.35;4 539.84;4 644.55;2026.09.04 13:50:01;4 475.28;;;;cancelled
2026.09.04 04:00:00;Sell Stop;0.01;XAUUSD;4 285.15;4 469.95;4 270.51;2026.09.04 13:50:01;4 475.13;;;;cancelled
2026.09.03 07:00:00;Sell Stop;0.01;XAUUSD;4 284.91;4 322.38;4 260.76;2026.09.04 13:50:01;4 475.11;;;;cancelled
2026.09.03 06:00:00;Buy Stop;0.01;XAUUSD;4 630.38;4 592.91;4 654.53;2026.09.04 13:50:01;4 475.28;;;;cancelled
2026.09.03 04:00:00;Sell Stop;0.01;XAUUSD;4 285.13;4 314.51;4 266.57;2026.09.04 13:50:01;4 475.12;;;;cancelled
2026.09.02 22:00:00;Buy Stop;0.01;XAUUSD;4 629.16;4 598.98;4 648.22;2026.09.04 13:50:01;4 475.27;;;;cancelled
2026.09.04 10:15:00;Sell Stop;0.01;XAUUSD;3 945.86;4 079.79;3 914.02;2026.09.04 13:50:00;4 474.96;;;;cancelled
2026.09.04 10:15:00;Buy Stop;0.01;XAUUSD;4 690.68;4 556.75;4 722.52;2026.09.04 13:50:00;4 475.11;;;;cancelled
2026.09.04 03:00:00;Buy Stop;0.01;XAUUSD;4 629.28;4 444.48;4 643.92;2026.09.04 13:50:00;4 475.26;;;;cancelled
2026.09.03 18:00:00;Sell Stop;0.01;XAUUSD;4 285.21;4 306.86;4 152.62;2026.09.04 13:50:00;4 474.99;;;;cancelled
2026.09.03 14:00:00;Buy Stop;0.01;XAUUSD;4 695.64;4 673.99;4 828.23;2026.09.04 13:50:00;4 475.12;;;;cancelled
2026.08.31 01:00:02;Buy Stop;0.01;XAUUSD;4 692.81;4 669.80;4 787.14;2026.09.04 13:50:00;4 475.20;;;;cancelled
2026.08.28 01:00:00;Buy Stop;0.01;XAUUSD;4 693.73;4 677.65;4 769.55;2026.09.04 13:50:00;4 475.26;;;;cancelled
2026.08.27 17:00:00;Sell Stop;0.01;XAUUSD;3 943.98;3 967.26;3 848.53;2026.09.04 13:50:00;4 475.02;;;;cancelled
2026.09.02 23:15:00;Sell Stop;0.01;XAUUSD;3 945.91;4 081.57;3 913.66;2026.09.04 10:15:00;4 467.97;;;;cancelled
2026.09.02 23:15:00;Buy Stop;0.01;XAUUSD;4 690.60;4 554.94;4 722.85;2026.09.04 10:15:00;4 468.13;;;;cancelled
2026.09.03 03:00:00;Sell Stop;0.01;XAUUSD;4 284.33;4 372.59;4 269.34;2026.09.04 09:00:00;4 472.16;;;;cancelled
2026.09.03 02:00:00;Buy Stop;0.01;XAUUSD;4 629.38;4 541.12;4 644.37;2026.09.04 08:00:00;4 473.86;;;;cancelled
2026.09.03 08:00:00;Sell Stop;0.01;XAUUSD;4 285.12;4 467.32;4 270.69;2026.09.04 04:00:00;4 486.54;;;;cancelled
2026.09.03 07:00:00;Buy Stop;0.01;XAUUSD;4 629.31;4 447.11;4 643.74;2026.09.04 03:00:00;4 480.23;;;;cancelled
2026.08.26 14:00:00;Buy Stop;0.01;XAUUSD;4 695.56;4 672.30;4 838.03;2026.09.03 14:00:00;4 427.23;;;;cancelled
2026.09.02 11:00:00;Buy Stop;0.01;XAUUSD;4 629.25;4 442.06;4 644.08;2026.09.03 07:00:00;4 431.52;;;;cancelled
2026.08.31 18:00:00;Buy Stop;0.01;XAUUSD;4 630.32;4 590.50;4 655.98;2026.09.03 06:00:00;4 420.52;;;;cancelled
2026.09.01 20:00:00;Buy Stop;0.01;XAUUSD;4 629.34;4 539.07;4 644.67;2026.09.03 02:00:00;4 385.02;;;;cancelled
2026.09.01 12:15:00;Sell Stop;0.01;XAUUSD;3 945.89;4 080.95;3 913.78;2026.09.02 23:15:00;4 386.05;;;;cancelled
2026.09.01 12:15:00;Buy Stop;0.01;XAUUSD;4 690.63;4 555.57;4 722.74;2026.09.02 23:15:00;4 386.22;;;;cancelled
2026.08.31 15:00:00;Buy Stop;0.01;XAUUSD;4 629.08;4 597.85;4 648.80;2026.09.02 22:00:00;4 374.56;;;;cancelled
2026.09.02 20:28:04;Balance;;;;;;;;;;-410.00;Withdrawal
2026.08.31 04:00:00;Buy Stop;0.01;XAUUSD;4 695.66;4 655.84;4 721.32;2026.09.02 16:00:00;4 331.43;;;;cancelled
2026.09.01 15:00:00;Buy Stop;0.01;XAUUSD;4 629.26;4 442.90;4 644.02;2026.09.02 11:00:00;4 323.45;;;;cancelled
2026.08.31 01:00:02;Buy Stop;0.01;XAUUSD;4 694.42;4 663.19;4 714.14;2026.09.02 08:15:00;4 309.84;;;;cancelled
2026.09.01 22:39:54;Sell;0.01;XAUUSD;4 324.64;4 319.08;4 191.09;2026.09.02 04:12:50;4 319.14;-0.02;-0.09;5.50;[sl]
2026.09.01 22:39:54;Sell;0.01;XAUUSD;4 325.28;4 325.28;4 307.65;2026.09.02 03:08:41;4 325.31;-0.02;-0.09;-0.03;[sl]
2026.08.31 14:00:00;Buy Stop;0.01;XAUUSD;4 629.26;4 535.46;4 645.19;2026.09.01 20:00:00;4 351.54;;;;cancelled
2026.09.01 16:12:05;Sell;0.01;XAUUSD;4 326.10;4 348.39;4 186.09;2026.09.01 16:31:14;4 348.42;-0.02;;-22.32;[sl]
2026.09.01 16:18:31;Sell;0.01;XAUUSD;4 326.41;4 356.61;4 307.65;2026.09.01 16:30:00;4 343.01;-0.02;;-16.60;
2026.09.01 16:12:05;Sell;0.01;XAUUSD;4 326.49;4 357.96;4 307.01;2026.09.01 16:13:00;4 331.58;-0.02;;-5.09;
2026.08.31 19:00:00;Buy Stop;0.01;XAUUSD;4 629.18;4 435.53;4 644.52;2026.09.01 15:00:00;4 374.78;;;;cancelled
2026.08.31 01:00:02;Sell Stop;0.01;XAUUSD;3 946.03;4 086.38;3 912.67;2026.09.01 12:15:00;4 376.00;;;;cancelled
2026.08.31 01:00:01;Buy Stop;0.01;XAUUSD;4 690.39;4 550.04;4 723.75;2026.09.01 12:15:00;4 376.10;;;;cancelled
2026.09.01 11:09:51;Sell;0.01;XAUUSD;4 395.09;4 385.16;4 374.25;2026.09.01 11:32:41;4 374.25;-0.02;;20.84;[tp]
2026.09.01 11:09:51;Sell;0.01;XAUUSD;4 395.09;4 395.09;4 380.19;2026.09.01 11:30:22;4 380.19;-0.02;;14.90;[tp]
2026.09.01 11:09:51;Sell;0.01;XAUUSD;4 395.09;4 393.61;4 384.40;2026.09.01 11:25:58;4 384.40;-0.02;;10.69;[tp]
2026.09.01 11:09:51;Sell;0.01;XAUUSD;4 395.09;4 399.69;4 383.02;2026.09.01 11:13:07;4 399.72;-0.02;;-4.63;[sl]
2026.08.31 01:00:02;Buy Stop;0.01;XAUUSD;4 694.60;4 600.80;4 710.53;2026.09.01 07:15:00;4 431.19;;;;cancelled
2026.08.31 01:00:02;Buy Stop;0.01;XAUUSD;4 694.52;4 500.87;4 709.86;2026.08.31 21:05:00;4 432.44;;;;cancelled
2026.08.28 16:00:00;Buy Stop;0.01;XAUUSD;4 695.66;4 655.90;4 721.29;2026.08.31 04:00:00;4 456.60;;;;cancelled
2026.08.19 17:00:00;Buy Stop;0.01;XAUUSD;4 885.63;4 863.54;4 976.19;2026.08.31 01:00:03;4 428.40;;;;cancelled
2026.08.28 17:00:00;Buy Stop;0.01;XAUUSD;4 694.52;4 501.15;4 709.84;2026.08.31 01:00:02;4 427.97;;;;cancelled
2026.08.28 11:00:00;Buy Stop;0.01;XAUUSD;4 694.60;4 600.94;4 710.51;2026.08.31 01:00:02;4 428.40;;;;cancelled
2026.08.28 08:00:00;Buy Stop;0.01;XAUUSD;4 694.42;4 663.24;4 714.11;2026.08.31 01:00:02;4 428.40;;;;cancelled
2026.08.27 08:00:00;Sell Stop;0.01;XAUUSD;4 326.77;4 358.36;4 306.82;2026.08.31 01:00:02;4 426.10;;;;cancelled
2026.08.26 13:15:00;Sell Stop;0.01;XAUUSD;4 326.53;4 366.79;4 300.59;2026.08.31 01:00:02;4 426.10;;;;cancelled
2026.08.28 10:15:00;Sell Stop;0.01;XAUUSD;3 946.03;4 086.17;3 912.72;2026.08.31 01:00:01;4 425.76;;;;cancelled
2026.08.28 17:05:15;Sell;0.01;XAUUSD;4 565.70;4 565.17;4 542.08;2026.08.28 17:08:10;4 565.70;-0.02;;0.00;[sl]
2026.08.28 17:05:15;Sell;0.01;XAUUSD;4 565.06;4 565.06;4 548.25;2026.08.28 17:08:10;4 565.71;-0.02;;-0.65;[sl]
2026.08.28 17:05:15;Sell;0.01;XAUUSD;4 563.79;4 562.38;4 551.18;2026.08.28 17:06:35;4 551.18;-0.02;;12.61;[tp]
2026.08.27 21:00:00;Buy Stop;0.01;XAUUSD;4 694.49;4 498.55;4 710.01;2026.08.28 17:00:00;4 604.04;;;;cancelled
2026.08.26 04:00:00;Buy Stop;0.01;XAUUSD;4 695.65;4 655.39;4 721.59;2026.08.28 16:00:00;4 602.15;;;;cancelled
2026.08.20 14:00:00;Sell Stop;0.01;XAUUSD;4 326.65;4 348.32;4 193.91;2026.08.28 14:00:00;4 600.10;;;;cancelled
2026.08.27 05:00:00;Buy Stop;0.01;XAUUSD;4 694.57;4 599.66;4 710.69;2026.08.28 11:00:00;4 611.72;;;;cancelled
2026.08.26 23:15:00;Sell Stop;0.01;XAUUSD;3 946.07;4 087.96;3 912.34;2026.08.28 10:15:00;4 600.55;;;;cancelled
2026.08.26 01:00:00;Buy Stop;0.01;XAUUSD;4 694.39;4 662.82;4 714.33;2026.08.28 08:00:00;4 584.60;;;;cancelled
2026.08.27 01:00:00;Buy Stop;0.01;XAUUSD;4 694.49;4 498.55;4 710.01;2026.08.27 21:00:00;4 606.67;;;;cancelled
2026.08.07 16:30:01;Sell Stop;0.01;XAUUSD;3 943.84;3 965.08;3 856.76;2026.08.27 17:00:00;4 572.72;;;;cancelled
2026.08.26 13:05:00;Sell Stop;0.01;XAUUSD;4 326.75;4 522.52;4 311.24;2026.08.27 09:05:00;4 603.82;;;;cancelled
2026.08.25 01:00:00;Sell Stop;0.01;XAUUSD;4 326.74;4 358.07;4 306.95;2026.08.27 08:00:00;4 618.83;;;;cancelled
2026.08.25 23:00:00;Buy Stop;0.01;XAUUSD;4 694.59;4 600.47;4 710.57;2026.08.27 05:00:00;4 640.27;;;;cancelled
2026.08.26 05:00:00;Buy Stop;0.01;XAUUSD;4 694.49;4 498.72;4 710.00;2026.08.27 01:00:00;4 597.66;;;;cancelled
2026.08.25 12:15:00;Sell Stop;0.01;XAUUSD;3 946.04;4 086.87;3 912.56;2026.08.26 23:15:00;4 591.77;;;;cancelled
2026.08.26 16:16:00;Sell;0.01;XAUUSD;4 606.99;4 638.60;4 588.13;2026.08.26 16:30:00;4 611.81;-0.02;;-4.82;
2026.08.26 16:16:00;Sell;0.01;XAUUSD;4 606.99;4 701.86;4 591.12;2026.08.26 16:30:00;4 611.75;-0.02;;-4.76;
2026.08.25 07:15:00;Sell Stop;0.01;XAUUSD;4 325.89;4 420.01;4 309.91;2026.08.26 13:15:00;4 618.93;;;;cancelled
2026.08.24 01:00:02;Sell Stop;0.01;XAUUSD;4 326.46;4 365.59;4 301.24;2026.08.26 13:15:00;4 618.93;;;;cancelled
2026.08.25 17:05:00;Sell Stop;0.01;XAUUSD;4 326.73;4 521.04;4 311.34;2026.08.26 13:05:00;4 623.35;;;;cancelled
2026.08.24 01:00:02;Sell Stop;0.01;XAUUSD;4 326.69;4 357.37;4 307.31;2026.08.26 08:15:00;4 643.39;;;;cancelled
2026.08.17 18:00:00;Sell Stop;0.01;XAUUSD;4 313.66;4 335.42;4 180.39;2026.08.25 18:00:00;4 635.90;;;;cancelled
2026.08.24 21:05:00;Sell Stop;0.01;XAUUSD;4 326.67;4 516.95;4 311.60;2026.08.25 17:05:00;4 618.96;;;;cancelled
2026.08.07 16:30:01;Sell Stop;0.01;XAUUSD;3 961.99;3 976.86;3 891.90;2026.08.25 17:00:00;4 616.22;;;;cancelled
2026.08.24 01:00:01;Sell Stop;0.01;XAUUSD;3 945.97;4 083.88;3 913.19;2026.08.25 12:15:00;4 630.55;;;;cancelled
2026.08.24 01:00:02;Sell Stop;0.01;XAUUSD;4 325.85;4 418.02;4 310.20;2026.08.25 07:15:00;4 637.15;;;;cancelled
2026.08.24 01:00:01;Sell Stop;0.01;XAUUSD;4 326.67;4 516.95;4 311.60;2026.08.24 21:05:00;4 640.25;;;;cancelled
2026.08.21 07:00:00;Sell Stop;0.01;XAUUSD;4 325.85;4 418.04;4 310.19;2026.08.24 01:00:02;4 616.83;;;;cancelled
2026.08.21 01:00:00;Sell Stop;0.01;XAUUSD;4 326.69;4 357.38;4 307.31;2026.08.24 01:00:02;4 617.35;;;;cancelled
2026.08.20 05:00:00;Sell Stop;0.01;XAUUSD;4 326.36;4 363.87;4 302.19;2026.08.24 01:00:02;4 617.66;;;;cancelled
2026.08.20 02:00:00;Sell Stop;0.01;XAUUSD;4 326.57;4 355.98;4 307.99;2026.08.24 01:00:02;4 617.35;;;;cancelled
2026.08.19 18:00:00;Sell Stop;0.01;XAUUSD;4 313.40;4 351.63;4 288.76;2026.08.24 01:00:02;4 617.66;;;;cancelled
2026.08.21 22:00:00;Sell Stop;0.01;XAUUSD;4 326.67;4 517.00;4 311.59;2026.08.24 01:00:01;4 617.47;;;;cancelled
2026.08.21 10:15:00;Sell Stop;0.01;XAUUSD;3 945.97;4 083.91;3 913.18;2026.08.24 01:00:01;4 615.85;;;;cancelled
2026.08.21 02:00:00;Sell Stop;0.01;XAUUSD;4 326.67;4 517.00;4 311.59;2026.08.21 22:00:00;4 624.52;;;;cancelled
2026.08.19 10:00:00;Sell Stop;0.01;XAUUSD;4 313.62;4 343.60;4 294.69;2026.08.21 17:00:00;4 580.84;;;;cancelled
2026.08.19 23:15:00;Sell Stop;0.01;XAUUSD;3 945.88;4 080.62;3 913.85;2026.08.21 10:15:00;4 561.49;;;;cancelled
2026.08.20 01:00:00;Sell Stop;0.01;XAUUSD;4 325.77;4 414.13;4 310.77;2026.08.21 07:00:00;4 535.50;;;;cancelled
2026.08.20 06:00:00;Sell Stop;0.01;XAUUSD;4 326.56;4 508.97;4 312.11;2026.08.21 02:00:00;4 524.13;;;;cancelled
2026.08.19 14:00:00;Sell Stop;0.01;XAUUSD;4 312.81;4 402.86;4 297.52;2026.08.20 20:00:00;4 510.21;;;;cancelled
2026.08.19 19:00:00;Sell Stop;0.01;XAUUSD;4 313.61;4 499.52;4 298.88;2026.08.20 15:00:00;4 467.14;;;;cancelled
2026.08.17 01:00:01;Sell Stop;0.01;XAUUSD;4 021.76;4 043.52;3 888.49;2026.08.20 14:00:00;4 490.27;;;;cancelled
2026.08.19 15:56:33;Buy;0.01;XAUUSD;4 436.61;4 487.88;4 570.40;2026.08.20 04:53:21;4 487.39;-0.02;-3.37;50.78;[sl]
2026.08.19 16:12:32;Buy;0.01;XAUUSD;4 448.83;4 487.88;4 583.76;2026.08.20 04:53:21;4 487.39;-0.02;-3.37;38.56;[sl]
2026.08.18 12:15:00;Sell Stop;0.01;XAUUSD;3 945.86;4 079.51;3 914.09;2026.08.19 23:15:00;4 506.84;;;;cancelled
2026.08.18 23:00:00;Sell Stop;0.01;XAUUSD;4 313.59;4 498.00;4 298.98;2026.08.19 19:00:00;4 494.06;;;;cancelled
2026.08.17 06:00:00;Sell Stop;0.01;XAUUSD;4 313.37;4 351.03;4 289.10;2026.08.19 18:00:00;4 488.23;;;;cancelled
2026.08.19 16:10:17;Buy;0.01;XAUUSD;4 444.09;4 446.74;4 475.78;2026.08.19 16:36:11;4 446.17;-0.02;;2.08;[sl]
2026.08.19 16:12:32;Buy;0.01;XAUUSD;4 448.83;4 448.83;4 466.54;2026.08.19 16:36:08;4 447.59;-0.02;;-1.24;[sl]
2026.08.19 16:12:16;Buy;0.01;XAUUSD;4 446.29;4 448.50;4 536.62;2026.08.19 16:36:08;4 447.59;-0.02;;1.30;[sl]
2026.08.19 16:12:24;Buy;0.01;XAUUSD;4 447.12;4 454.68;4 519.27;2026.08.19 16:35:43;4 452.70;-0.02;;5.58;[sl]
2026.08.19 16:12:32;Buy;0.01;XAUUSD;4 448.83;4 458.09;4 473.44;2026.08.19 16:35:27;4 457.85;-0.02;;9.02;[sl]
2026.08.19 16:12:32;Buy;0.01;XAUUSD;4 448.83;4 450.72;4 463.07;2026.08.19 16:17:48;4 463.07;-0.02;;14.24;[tp]
2026.08.19 16:12:32;Buy;0.01;XAUUSD;4 448.83;4 450.30;4 462.43;2026.08.19 16:17:38;4 462.43;-0.02;;13.60;[tp]
2026.08.19 15:56:33;Buy;0.01;XAUUSD;4 436.61;4 447.47;4 459.83;2026.08.19 16:13:42;4 459.83;-0.02;;23.22;[tp]
2026.08.19 15:56:33;Buy;0.01;XAUUSD;4 434.96;4 436.43;4 448.82;2026.08.19 16:12:33;4 448.82;-0.02;;13.86;[tp]
2026.08.19 15:56:32;Buy;0.01;XAUUSD;4 434.94;4 434.94;4 452.93;2026.08.19 16:00:09;4 434.85;-0.02;;-0.09;[sl]
2026.08.19 15:56:32;Buy;0.01;XAUUSD;4 434.95;4 436.31;4 449.46;2026.08.19 15:58:27;4 436.15;-0.02;;1.20;[sl]
2026.08.18 08:00:00;Sell Stop;0.01;XAUUSD;4 312.79;4 402.12;4 297.62;2026.08.19 14:00:00;4 367.52;;;;cancelled
2026.08.18 07:15:00;Buy Stop;0.01;XAUUSD;4 447.80;4 358.47;4 462.97;2026.08.19 13:15:00;4 363.97;;;;cancelled
2026.08.17 01:00:01;Buy Stop;0.01;XAUUSD;4 448.82;4 411.16;4 473.09;2026.08.19 13:15:00;4 363.97;;;;cancelled
2026.08.18 17:05:00;Buy Stop;0.01;XAUUSD;4 447.72;4 263.31;4 462.33;2026.08.19 13:05:00;4 360.20;;;;cancelled
2026.08.17 03:00:00;Sell Stop;0.01;XAUUSD;4 313.58;4 343.11;4 294.93;2026.08.19 10:00:00;4 349.24;;;;cancelled
2026.08.17 01:00:02;Sell Stop;0.01;XAUUSD;4 021.68;4 051.21;4 003.03;2026.08.19 08:15:00;4 339.10;;;;cancelled
2026.08.17 01:00:02;Buy Stop;0.01;XAUUSD;4 447.64;4 418.11;4 466.29;2026.08.19 08:15:00;4 339.20;;;;cancelled
2026.08.07 16:30:01;Buy Stop;0.01;XAUUSD;4 885.78;4 864.54;4 972.86;2026.08.19 01:00:02;4 338.16;;;;cancelled
2026.08.18 03:00:00;Sell Stop;0.01;XAUUSD;4 313.59;4 498.00;4 298.98;2026.08.18 23:00:00;4 345.72;;;;cancelled
2026.08.17 21:05:00;Buy Stop;0.01;XAUUSD;4 447.73;4 264.60;4 462.24;2026.08.18 17:05:00;4 404.31;;;;cancelled
2026.08.17 01:00:01;Sell Stop;0.01;XAUUSD;3 945.83;4 078.55;3 914.28;2026.08.18 12:15:00;4 392.71;;;;cancelled
2026.08.17 02:00:00;Sell Stop;0.01;XAUUSD;4 312.78;4 401.48;4 297.72;2026.08.18 08:00:00;4 393.41;;;;cancelled
2026.08.17 01:00:01;Buy Stop;0.01;XAUUSD;4 447.81;4 359.11;4 462.87;2026.08.18 07:15:00;4 392.53;;;;cancelled
2026.08.17 07:00:00;Sell Stop;0.01;XAUUSD;4 313.57;4 496.70;4 299.06;2026.08.18 03:00:00;4 426.07;;;;cancelled
2026.08.17 01:00:01;Buy Stop;0.01;XAUUSD;4 447.73;4 264.60;4 462.24;2026.08.17 21:05:00;4 411.47;;;;cancelled
2026.08.14 10:15:00;Sell Stop;0.01;XAUUSD;3 945.88;4 080.37;3 913.91;2026.08.17 01:00:01;4 382.13;;;;cancelled
2026.08.14 05:00:00;Buy Stop;0.01;XAUUSD;4 447.71;4 262.14;4 462.41;2026.08.17 01:00:01;4 378.67;;;;cancelled
2026.08.14 04:00:00;Buy Stop;0.01;XAUUSD;4 448.80;4 410.64;4 473.39;2026.08.17 01:00:01;4 378.71;;;;cancelled
2026.08.14 01:00:00;Buy Stop;0.01;XAUUSD;4 447.62;4 417.70;4 466.52;2026.08.17 01:00:01;4 378.71;;;;cancelled
2026.08.13 23:00:00;Buy Stop;0.01;XAUUSD;4 447.80;4 358.70;4 462.93;2026.08.17 01:00:01;4 378.71;;;;cancelled
2026.08.13 08:00:00;Sell Stop;0.01;XAUUSD;4 021.69;4 051.35;4 002.96;2026.08.17 01:00:01;4 375.08;;;;cancelled
2026.08.07 16:30:01;Sell Stop;0.01;XAUUSD;4 021.69;4 042.93;3 891.60;2026.08.17 01:00:01;4 382.13;;;;cancelled
2026.08.12 23:15:00;Sell Stop;0.01;XAUUSD;3 945.86;4 079.73;3 914.04;2026.08.14 10:15:00;4 331.14;;;;cancelled
2026.08.11 01:00:00;Sell Stop;0.01;XAUUSD;4 021.68;4 051.14;4 003.08;2026.08.13 08:00:00;4 398.00;;;;cancelled
2026.08.11 12:15:00;Sell Stop;0.01;XAUUSD;3 945.82;4 078.22;3 914.35;2026.08.12 23:15:00;4 409.00;;;;cancelled
2026.08.12 15:43:01;Buy;0.01;XAUUSD;4 434.35;4 249.58;4 403.63;2026.08.12 21:09:49;4 403.63;-0.02;;-30.72;[tp]
2026.08.12 15:43:01;Buy;0.01;XAUUSD;4 434.35;4 344.74;4 402.65;2026.08.12 19:59:06;4 402.65;-0.02;;-31.70;[tp]
2026.08.12 15:43:01;Buy;0.01;XAUUSD;4 434.92;4 396.80;4 458.75;2026.08.12 19:56:30;4 396.58;-0.02;;-38.34;[sl]
2026.08.12 15:43:01;Buy;0.01;XAUUSD;4 434.35;4 404.43;4 451.90;2026.08.12 19:49:46;4 404.30;-0.02;;-30.05;[sl]
2026.08.10 04:45:00;Sell Stop;0.01;XAUUSD;4 021.40;4 058.07;3 997.77;2026.08.12 16:45:00;4 416.83;;;;cancelled
2026.08.11 17:05:00;Sell Stop;0.01;XAUUSD;4 021.66;4 204.34;4 007.19;2026.08.12 13:05:00;4 415.01;;;;cancelled
2026.08.10 01:00:01;Sell Stop;0.01;XAUUSD;4 021.61;4 050.37;4 003.45;2026.08.12 08:15:00;4 400.68;;;;cancelled
2026.08.10 21:05:00;Sell Stop;0.01;XAUUSD;4 021.60;4 199.94;4 007.47;2026.08.11 17:05:00;4 385.12;;;;cancelled
2026.08.10 01:00:01;Sell Stop;0.01;XAUUSD;3 945.74;4 074.99;3 915.02;2026.08.11 12:15:00;4 372.47;;;;cancelled
2026.08.10 01:00:01;Sell Stop;0.01;XAUUSD;4 020.83;4 107.22;4 006.16;2026.08.11 07:15:00;4 413.92;;;;cancelled
2026.08.10 21:31:23;Buy;0.01;XAUUSD;4 372.69;4 385.52;4 394.49;2026.08.10 22:35:42;4 385.29;-0.02;;12.60;[sl]
2026.08.10 21:31:21;Buy;0.01;XAUUSD;4 369.94;4 369.94;4 387.88;2026.08.10 22:24:28;4 387.88;-0.02;;17.94;[tp]
2026.08.10 21:31:21;Buy;0.01;XAUUSD;4 370.09;4 371.50;4 383.94;2026.08.10 22:21:02;4 383.94;-0.02;;13.85;[tp]
2026.08.10 21:31:21;Buy;0.01;XAUUSD;4 369.94;4 374.74;4 384.55;2026.08.10 21:45:54;4 374.09;-0.02;;4.15;[sl]
2026.08.10 01:00:01;Sell Stop;0.01;XAUUSD;4 021.60;4 199.94;4 007.47;2026.08.10 21:05:00;4 363.72;;;;cancelled
2026.08.07 16:30:01;Sell Stop;0.01;XAUUSD;4 021.41;4 058.17;3 997.72;2026.08.10 04:45:00;4 317.32;;;;cancelled
2026.08.07 16:30:01;Sell Stop;0.01;XAUUSD;4 021.62;4 050.44;4 003.42;2026.08.10 01:00:01;4 341.03;;;;cancelled
2026.08.07 16:30:01;Sell Stop;0.01;XAUUSD;4 020.84;4 107.43;4 006.14;2026.08.10 01:00:01;4 343.04;;;;cancelled
2026.08.07 16:30:01;Sell Stop;0.01;XAUUSD;3 945.75;4 075.31;3 914.95;2026.08.10 01:00:01;4 343.10;;;;cancelled
2026.08.07 16:30:01;Sell Stop;0.01;XAUUSD;4 021.61;4 200.37;4 007.45;2026.08.10 01:00:01;4 343.04;;;;cancelled
2026.08.07 06:00:00;Sell Stop;0.01;XAUUSD;4 021.61;4 200.37;4 007.45;2026.08.07 13:50:01;4 318.80;;;;cancelled
2026.08.07 05:00:00;Sell Stop;0.01;XAUUSD;4 021.41;4 058.17;3 997.72;2026.08.07 13:50:01;4 318.90;;;;cancelled
2026.08.07 01:00:01;Sell Stop;0.01;XAUUSD;4 021.62;4 050.44;4 003.42;2026.08.07 13:50:01;4 318.90;;;;cancelled
2026.08.07 01:00:01;Sell Stop;0.01;XAUUSD;4 020.84;4 107.43;4 006.14;2026.08.07 13:50:01;4 318.82;;;;cancelled
2026.08.06 21:00:00;Sell Stop;0.01;XAUUSD;4 021.52;4 049.19;4 004.05;2026.08.07 13:50:01;4 318.93;;;;cancelled
2026.07.27 01:00:01;Sell Stop;0.01;XAUUSD;3 943.77;3 964.01;3 860.77;2026.08.07 13:50:01;4 318.76;;;;cancelled
2026.07.22 01:00:00;Sell Stop;0.01;XAUUSD;3 961.85;3 975.88;3 895.69;2026.08.07 13:50:01;4 318.77;;;;cancelled
2026.08.07 10:15:00;Sell Stop;0.01;XAUUSD;3 945.75;4 075.31;3 914.95;2026.08.07 13:50:00;4 318.74;;;;cancelled
2026.08.05 02:00:00;Sell Stop;0.01;XAUUSD;4 021.57;4 041.83;3 897.50;2026.08.07 13:50:00;4 318.74;;;;cancelled
2026.07.31 06:00:00;Sell Stop;0.01;XAUUSD;3 998.40;4 018.71;3 873.97;2026.08.07 13:50:00;4 318.74;;;;cancelled
2026.07.22 17:00:00;Buy Stop;0.01;XAUUSD;4 885.98;4 865.93;4 968.17;2026.08.07 13:50:00;4 318.92;;;;cancelled
2026.08.07 11:33:51;Buy;0.01;XAUUSD;4 303.41;4 303.41;4 320.23;2026.08.07 11:36:27;4 303.32;-0.02;;-0.09;[sl]
2026.08.07 11:33:52;Buy;0.01;XAUUSD;4 303.42;4 303.91;4 326.86;2026.08.07 11:36:19;4 303.82;-0.02;;0.40;[sl]
2026.08.07 11:33:51;Buy;0.01;XAUUSD;4 303.42;4 306.09;4 316.89;2026.08.07 11:36:15;4 306.00;-0.02;;2.58;[sl]
2026.08.07 11:33:51;Buy;0.01;XAUUSD;4 303.42;4 304.84;4 316.27;2026.08.07 11:35:17;4 316.27;-0.02;;12.85;[tp]
2026.08.05 23:15:00;Sell Stop;0.01;XAUUSD;3 945.59;4 069.15;3 916.22;2026.08.07 10:15:00;4 291.28;;;;cancelled
2026.08.06 10:00:00;Sell Stop;0.01;XAUUSD;4 021.50;4 193.07;4 007.91;2026.08.07 06:00:00;4 250.28;;;;cancelled
2026.08.04 17:00:00;Sell Stop;0.01;XAUUSD;4 021.32;4 056.64;3 998.56;2026.08.07 05:00:00;4 256.79;;;;cancelled
2026.08.05 19:00:00;Sell Stop;0.01;XAUUSD;4 020.75;4 103.33;4 006.73;2026.08.07 01:00:00;4 239.29;;;;cancelled
2026.08.04 14:00:00;Sell Stop;0.01;XAUUSD;4 021.52;4 049.22;4 004.03;2026.08.06 21:00:00;4 247.36;;;;cancelled
2026.08.05 14:00:00;Sell Stop;0.01;XAUUSD;4 021.49;4 191.98;4 007.99;2026.08.06 10:00:00;4 256.21;;;;cancelled
2026.08.05 08:46:53;Buy;0.01;XAUUSD;4 166.20;4 222.47;4 290.78;2026.08.06 03:35:38;4 290.78;-0.02;-3.37;124.58;[tp]
2026.08.04 12:15:00;Sell Stop;0.01;XAUUSD;3 945.62;4 070.11;3 916.03;2026.08.05 23:15:00;4 249.29;;;;cancelled
2026.08.04 13:00:00;Sell Stop;0.01;XAUUSD;4 020.77;4 103.98;4 006.64;2026.08.05 19:00:00;4 232.91;;;;cancelled
2026.08.05 05:37:54;Buy;0.01;XAUUSD;4 119.79;4 172.31;4 244.79;2026.08.05 17:49:16;4 244.79;-0.02;;125.00;[tp]
2026.08.04 18:00:00;Sell Stop;0.01;XAUUSD;4 021.51;4 193.28;4 007.90;2026.08.05 14:00:00;4 161.28;;;;cancelled
2026.08.04 07:15:00;Sell Stop;0.01;XAUUSD;3 997.59;4 080.80;3 983.46;2026.08.05 13:15:00;4 151.11;;;;cancelled
2026.08.03 01:00:02;Sell Stop;0.01;XAUUSD;3 998.15;4 033.67;3 975.26;2026.08.05 13:15:00;4 151.11;;;;cancelled
2026.08.04 17:05:00;Sell Stop;0.01;XAUUSD;3 998.33;4 170.10;3 984.72;2026.08.05 13:05:00;4 152.36;;;;cancelled
2026.08.05 08:46:52;Buy;0.01;XAUUSD;4 163.53;4 163.53;4 230.30;2026.08.05 09:21:53;4 163.24;-0.02;;-0.29;[sl]
2026.08.05 08:46:53;Buy;0.01;XAUUSD;4 164.18;4 164.18;4 181.45;2026.08.05 08:58:38;4 163.96;-0.02;;-0.22;[sl]
2026.08.03 01:00:03;Sell Stop;0.01;XAUUSD;3 998.35;4 026.20;3 980.76;2026.08.05 08:15:00;4 137.28;;;;cancelled
2026.08.05 05:37:54;Buy;0.01;XAUUSD;4 118.52;4 118.52;4 135.67;2026.08.05 06:12:42;4 135.67;-0.02;;17.15;[tp]
2026.08.05 05:37:54;Buy;0.01;XAUUSD;4 119.79;4 127.95;4 142.07;2026.08.05 06:01:03;4 127.29;-0.02;;7.50;[sl]
2026.08.05 05:37:53;Buy;0.01;XAUUSD;4 118.53;4 123.42;4 132.38;2026.08.05 05:55:28;4 132.38;-0.02;;13.85;[tp]
2026.08.05 05:37:54;Buy;0.01;XAUUSD;4 118.53;4 119.88;4 131.78;2026.08.05 05:54:39;4 131.78;-0.02;;13.25;[tp]
2026.07.29 02:00:00;Sell Stop;0.01;XAUUSD;3 961.99;3 982.39;3 837.03;2026.08.05 02:00:00;4 076.19;;;;cancelled
2026.08.03 21:05:00;Sell Stop;0.01;XAUUSD;3 998.34;4 171.05;3 984.66;2026.08.04 17:05:00;4 087.98;;;;cancelled
2026.08.03 21:05:00;Buy Stop;0.01;XAUUSD;4 118.16;3 945.45;4 131.84;2026.08.04 17:05:00;4 088.16;;;;cancelled
2026.08.03 01:00:01;Sell Stop;0.01;XAUUSD;3 945.63;4 070.80;3 915.88;2026.08.04 12:15:00;4 050.67;;;;cancelled
2026.08.03 01:00:02;Sell Stop;0.01;XAUUSD;3 997.60;4 081.26;3 983.39;2026.08.04 07:15:00;4 057.06;;;;cancelled
2026.08.03 01:00:02;Buy Stop;0.01;XAUUSD;4 118.24;4 034.58;4 132.45;2026.08.04 07:15:00;4 057.27;;;;cancelled
2026.08.03 16:38:08;Sell;0.01;XAUUSD;4 022.35;4 106.11;4 051.22;2026.08.03 23:00:10;4 051.22;-0.02;;-28.87;[tp]
2026.08.03 16:38:08;Sell;0.01;XAUUSD;4 022.35;4 050.30;4 005.77;2026.08.03 22:21:56;4 050.35;-0.02;;-28.00;[sl]
2026.08.03 01:00:02;Sell Stop;0.01;XAUUSD;3 998.34;4 171.05;3 984.66;2026.08.03 21:05:00;4 031.87;;;;cancelled
2026.08.03 01:00:02;Buy Stop;0.01;XAUUSD;4 118.16;3 945.45;4 131.84;2026.08.03 21:05:00;4 032.02;;;;cancelled
2026.07.31 18:00:00;Buy Stop;0.01;XAUUSD;4 119.19;4 084.03;4 141.85;2026.08.03 06:00:00;4 062.38;;;;cancelled
2026.07.31 20:00:00;Sell Stop;0.01;XAUUSD;3 997.58;4 080.40;3 983.52;2026.08.03 01:00:02;4 082.55;;;;cancelled
2026.07.31 19:00:00;Buy Stop;0.01;XAUUSD;4 118.18;3 947.20;4 131.72;2026.08.03 01:00:02;4 084.28;;;;cancelled
2026.07.31 15:00:00;Buy Stop;0.01;XAUUSD;4 118.10;4 090.53;4 135.51;2026.08.03 01:00:02;4 084.28;;;;cancelled
2026.07.31 15:00:00;Sell Stop;0.01;XAUUSD;3 998.31;4 169.29;3 984.77;2026.08.03 01:00:02;4 082.55;;;;cancelled
2026.07.31 14:00:00;Buy Stop;0.01;XAUUSD;4 118.25;4 035.43;4 132.31;2026.08.03 01:00:02;4 084.28;;;;cancelled
2026.07.30 18:00:00;Sell Stop;0.01;XAUUSD;3 998.11;4 032.96;3 975.65;2026.08.03 01:00:02;4 082.55;;;;cancelled
2026.07.30 15:00:00;Sell Stop;0.01;XAUUSD;3 998.30;4 025.62;3 981.04;2026.08.03 01:00:02;4 082.55;;;;cancelled
2026.07.29 22:15:01;Buy Stop;0.01;XAUUSD;4 164.08;4 136.39;4 181.57;2026.08.03 01:00:02;4 084.28;;;;cancelled
2026.07.29 22:15:01;Buy Stop;0.01;XAUUSD;4 165.18;4 129.87;4 187.94;2026.08.03 01:00:02;4 084.28;;;;cancelled
2026.07.31 10:15:00;Sell Stop;0.01;XAUUSD;3 945.60;4 069.52;3 916.14;2026.08.03 01:00:01;4 082.55;;;;cancelled
2026.07.24 06:00:00;Buy Stop;0.01;XAUUSD;4 165.09;4 144.50;4 291.19;2026.08.03 01:00:01;4 084.28;;;;cancelled
2026.07.30 14:00:00;Sell Stop;0.01;XAUUSD;3 997.56;4 079.64;3 983.62;2026.07.31 20:00:00;4 043.22;;;;cancelled
2026.07.29 08:15:00;Sell Stop;0.01;XAUUSD;3 961.92;3 989.61;3 944.43;2026.07.31 15:15:00;4 059.11;;;;cancelled
2026.07.30 19:00:00;Sell Stop;0.01;XAUUSD;3 998.29;4 167.74;3 984.87;2026.07.31 15:00:00;4 053.95;;;;cancelled
2026.07.30 18:05:00;Buy Stop;0.01;XAUUSD;4 164.19;3 994.74;4 177.61;2026.07.31 14:05:00;4 055.77;;;;cancelled
2026.07.23 14:00:00;Buy Stop;0.01;XAUUSD;4 202.32;4 181.92;4 327.27;2026.07.31 14:00:00;4 054.69;;;;cancelled
2026.07.29 23:15:00;Sell Stop;0.01;XAUUSD;3 945.61;4 070.06;3 916.03;2026.07.31 10:15:00;4 077.56;;;;cancelled
2026.07.29 22:05:00;Buy Stop;0.01;XAUUSD;4 164.16;3 992.45;4 177.76;2026.07.30 18:05:00;4 097.49;;;;cancelled
2026.07.28 12:15:00;Sell Stop;0.01;XAUUSD;3 945.62;4 070.41;3 915.96;2026.07.29 23:15:00;4 052.05;;;;cancelled
2026.07.29 22:01:50;Buy;0.01;XAUUSD;4 114.91;4 087.07;4 131.67;2026.07.29 22:15:01;4 098.22;-0.02;;-16.69;
2026.07.29 22:01:50;Buy;0.01;XAUUSD;4 115.01;3 943.15;4 127.83;2026.07.29 22:15:00;4 099.72;-0.02;;-15.29;
2026.07.29 22:01:50;Buy;0.01;XAUUSD;4 115.01;4 031.69;4 128.43;2026.07.29 22:15:00;4 098.78;-0.02;;-16.23;
2026.07.29 22:01:50;Buy;0.01;XAUUSD;4 115.55;4 080.09;4 138.07;2026.07.29 22:15:00;4 098.61;-0.02;;-16.94;
2026.07.29 01:00:03;Buy Stop;0.01;XAUUSD;4 114.23;3 942.52;4 127.83;2026.07.29 21:05:00;4 066.71;;;;cancelled
2026.07.27 01:00:03;Sell Stop;0.01;XAUUSD;3 961.70;3 996.74;3 939.12;2026.07.29 13:15:00;4 032.01;;;;cancelled
2026.07.27 01:00:03;Buy Stop;0.01;XAUUSD;4 165.19;4 130.15;4 187.77;2026.07.29 13:15:00;4 032.01;;;;cancelled
2026.07.27 01:00:03;Sell Stop;0.01;XAUUSD;3 961.90;3 989.37;3 944.55;2026.07.29 08:15:00;4 030.40;;;;cancelled
2026.07.27 01:00:03;Buy Stop;0.01;XAUUSD;4 164.10;4 136.63;4 181.45;2026.07.29 08:15:00;4 030.42;;;;cancelled
2026.07.27 23:00:00;Buy Stop;0.01;XAUUSD;4 114.32;4 031.79;4 128.34;2026.07.29 05:00:00;4 026.06;;;;cancelled
2026.07.21 02:00:00;Sell Stop;0.01;XAUUSD;3 961.94;3 981.95;3 839.41;2026.07.29 02:00:00;4 018.32;;;;cancelled
2026.07.28 05:00:00;Buy Stop;0.01;XAUUSD;4 114.23;3 942.05;4 127.87;2026.07.29 01:00:03;4 030.92;;;;cancelled
2026.07.28 12:57:42;Sell;0.01;XAUUSD;4 024.14;4 044.71;3 900.54;2026.07.28 18:47:10;4 044.74;-0.02;;-20.60;[sl]
2026.07.27 21:05:00;Buy Stop;0.01;XAUUSD;4 164.18;3 993.79;4 177.68;2026.07.28 17:05:00;4 026.46;;;;cancelled
2026.07.28 12:57:42;Sell;0.01;XAUUSD;4 024.13;4 024.13;4 007.12;2026.07.28 13:46:22;4 024.25;-0.02;;-0.12;[sl]
2026.07.28 12:57:42;Sell;0.01;XAUUSD;4 024.13;4 023.66;4 001.69;2026.07.28 13:32:50;4 023.84;-0.02;;0.29;[sl]
2026.07.28 12:57:42;Sell;0.01;XAUUSD;4 024.14;4 022.78;4 010.84;2026.07.28 13:32:48;4 022.89;-0.02;;1.25;[sl]
2026.07.28 12:57:43;Sell;0.01;XAUUSD;4 023.12;4 021.86;4 009.58;2026.07.28 13:32:08;4 022.12;-0.02;;1.00;[sl]
2026.07.27 01:00:01;Sell Stop;0.01;XAUUSD;3 945.59;4 069.08;3 916.24;2026.07.28 12:15:00;4 041.01;;;;cancelled
2026.07.27 05:00:00;Sell Stop;0.01;XAUUSD;4 023.72;4 106.25;4 009.70;2026.07.28 11:00:00;4 047.04;;;;cancelled
2026.07.27 01:00:02;Buy Stop;0.01;XAUUSD;4 164.25;4 081.72;4 178.27;2026.07.28 07:15:00;4 044.19;;;;cancelled
2026.07.27 10:00:00;Sell Stop;0.01;XAUUSD;4 024.46;4 194.85;4 010.96;2026.07.28 06:00:00;4 042.05;;;;cancelled
2026.07.27 01:00:02;Sell Stop;0.01;XAUUSD;3 961.89;4 132.28;3 948.39;2026.07.27 21:05:00;4 077.33;;;;cancelled
2026.07.27 01:00:02;Buy Stop;0.01;XAUUSD;4 164.18;3 993.79;4 177.68;2026.07.27 21:05:00;4 077.48;;;;cancelled
2026.07.23 19:00:00;Buy Stop;0.01;XAUUSD;4 165.18;4 129.87;4 187.93;2026.07.27 01:00:03;4 091.43;;;;cancelled
2026.07.23 16:00:00;Buy Stop;0.01;XAUUSD;4 164.08;4 136.39;4 181.57;2026.07.27 01:00:03;4 091.80;;;;cancelled
2026.07.23 05:00:00;Sell Stop;0.01;XAUUSD;3 961.72;3 997.03;3 938.97;2026.07.27 01:00:03;4 090.17;;;;cancelled
2026.07.23 01:00:01;Sell Stop;0.01;XAUUSD;3 961.92;3 989.61;3 944.43;2026.07.27 01:00:03;4 091.39;;;;cancelled
2026.07.22 21:00:00;Sell Stop;0.01;XAUUSD;3 961.87;3 989.08;3 944.69;2026.07.27 01:00:03;4 090.57;;;;cancelled
2026.07.24 22:00:00;Sell Stop;0.01;XAUUSD;3 961.93;4 135.21;3 948.20;2026.07.27 01:00:02;4 089.38;;;;cancelled
2026.07.24 21:00:00;Buy Stop;0.01;XAUUSD;4 164.22;4 080.28;4 178.47;2026.07.27 01:00:02;4 091.44;;;;cancelled
2026.07.24 16:00:00;Buy Stop;0.01;XAUUSD;4 164.15;3 990.87;4 177.88;2026.07.27 01:00:02;4 091.44;;;;cancelled
2026.07.24 07:15:00;Sell Stop;0.01;XAUUSD;3 961.18;4 045.12;3 946.93;2026.07.27 01:00:02;4 090.24;;;;cancelled
2026.07.09 01:00:00;Buy Stop;0.01;XAUUSD;4 200.68;4 186.34;4 268.29;2026.07.27 01:00:02;4 095.29;;;;cancelled
2026.07.24 10:15:00;Sell Stop;0.01;XAUUSD;3 945.64;4 071.23;3 915.79;2026.07.27 01:00:01;4 089.13;;;;cancelled
2026.07.06 01:00:00;Sell Stop;0.01;XAUUSD;3 943.79;3 964.41;3 859.23;2026.07.27 01:00:01;4 092.87;;;;cancelled
2026.07.24 02:00:00;Sell Stop;0.01;XAUUSD;3 961.93;4 135.21;3 948.20;2026.07.24 22:00:00;4 054.63;;;;cancelled
2026.07.23 15:00:00;Buy Stop;0.01;XAUUSD;4 164.24;4 081.07;4 178.36;2026.07.24 21:00:00;4 063.45;;;;cancelled
2026.07.23 20:00:00;Buy Stop;0.01;XAUUSD;4 164.17;3 992.47;4 177.77;2026.07.24 16:00:00;4 056.63;;;;cancelled
2026.07.22 23:15:00;Sell Stop;0.01;XAUUSD;3 945.56;4 067.85;3 916.49;2026.07.24 10:15:00;4 045.94;;;;cancelled
2026.07.23 01:00:01;Sell Stop;0.01;XAUUSD;3 961.17;4 044.34;3 947.05;2026.07.24 07:15:00;4 027.98;;;;cancelled
2026.07.23 06:00:00;Sell Stop;0.01;XAUUSD;3 961.90;4 133.60;3 948.30;2026.07.24 02:00:00;4 049.57;;;;cancelled
2026.07.15 14:00:00;Buy Stop;0.01;XAUUSD;4 202.34;4 182.34;4 324.85;2026.07.23 14:00:00;4 093.55;;;;cancelled
2026.07.22 10:00:00;Sell Stop;0.01;XAUUSD;3 961.86;4 130.59;3 948.50;2026.07.23 06:00:00;4 128.23;;;;cancelled
2026.07.20 17:00:00;Sell Stop;0.01;XAUUSD;3 961.66;3 996.07;3 939.49;2026.07.23 05:00:00;4 117.87;;;;cancelled
2026.07.21 19:00:00;Sell Stop;0.01;XAUUSD;3 961.13;4 042.69;3 947.28;2026.07.23 01:00:01;4 119.42;;;;cancelled
2026.07.21 12:15:00;Sell Stop;0.01;XAUUSD;3 945.55;4 067.58;3 916.54;2026.07.22 23:15:00;4 134.49;;;;cancelled
2026.07.20 14:00:00;Sell Stop;0.01;XAUUSD;3 961.85;3 988.83;3 944.81;2026.07.22 21:00:00;4 142.63;;;;cancelled
2026.07.02 16:30:01;Buy Stop;0.01;XAUUSD;4 885.98;4 865.93;4 968.20;2026.07.22 17:00:00;4 154.79;;;;cancelled
2026.07.21 14:00:00;Sell Stop;0.01;XAUUSD;3 961.86;4 130.24;3 948.52;2026.07.22 10:00:00;4 117.13;;;;cancelled
2026.07.22 06:06:17;Buy;0.01;XAUUSD;4 136.84;4 136.84;4 153.44;2026.07.22 06:31:10;4 136.59;-0.02;;-0.25;[sl]
2026.07.22 04:00:06;Buy;0.01;XAUUSD;4 102.51;4 114.03;4 124.43;2026.07.22 04:17:15;4 113.98;-0.02;;11.47;[sl]
2026.07.22 04:00:05;Buy;0.01;XAUUSD;4 101.26;4 101.26;4 118.18;2026.07.22 04:14:05;4 118.18;-0.02;;16.92;[tp]
2026.07.22 04:00:05;Buy;0.01;XAUUSD;4 101.27;4 102.61;4 114.44;2026.07.22 04:06:11;4 114.44;-0.02;;13.17;[tp]
2026.07.22 03:30:14;Buy;0.01;XAUUSD;4 101.05;4 074.03;4 118.05;2026.07.22 03:31:01;4 094.60;-0.02;;-6.45;
2026.07.22 03:30:14;Buy;0.01;XAUUSD;4 102.46;3 932.70;4 114.42;2026.07.22 03:31:00;4 096.67;-0.02;;-5.79;
2026.07.22 03:30:14;Buy;0.01;XAUUSD;4 102.66;4 067.46;4 124.39;2026.07.22 03:31:00;4 095.32;-0.02;;-7.34;
2026.07.22 03:30:14;Buy;0.01;XAUUSD;4 101.88;4 019.59;4 115.00;2026.07.22 03:31:00;4 096.06;-0.02;;-5.82;
2026.07.21 01:00:00;Sell Stop;0.01;XAUUSD;3 944.75;3 958.75;3 878.73;2026.07.22 01:00:00;4 079.33;;;;cancelled
2026.07.20 13:00:00;Sell Stop;0.01;XAUUSD;3 961.12;4 042.17;3 947.36;2026.07.21 19:00:00;4 074.03;;;;cancelled
2026.07.13 18:00:00;Sell Stop;0.01;XAUUSD;3 944.93;3 965.55;3 818.62;2026.07.21 18:00:00;4 068.40;;;;cancelled
2026.07.20 21:05:00;Buy Stop;0.01;XAUUSD;4 101.09;3 933.77;4 114.34;2026.07.21 17:05:00;4 056.71;;;;cancelled
2026.07.21 09:48:06;Buy;0.01;XAUUSD;4 080.82;4 046.17;4 102.97;2026.07.21 16:44:04;4 045.07;-0.02;;-35.75;[sl]
2026.07.20 18:00:00;Sell Stop;0.01;XAUUSD;3 961.84;4 129.16;3 948.59;2026.07.21 14:00:00;4 063.04;;;;cancelled
2026.07.20 01:00:01;Sell Stop;0.01;XAUUSD;3 945.53;4 066.80;3 916.70;2026.07.21 12:15:00;4 065.24;;;;cancelled
2026.07.21 09:42:06;Buy;0.01;XAUUSD;4 080.85;4 046.25;4 102.83;2026.07.21 09:43:00;4 077.63;-0.02;;-3.22;
2026.07.20 01:00:01;Buy Stop;0.01;XAUUSD;4 101.16;4 020.11;4 114.92;2026.07.21 07:15:00;4 046.12;;;;cancelled
2026.07.03 01:00:00;Sell Stop;0.01;XAUUSD;3 944.77;3 958.89;3 878.22;2026.07.21 01:00:00;4 009.16;;;;cancelled
2026.07.20 01:00:01;Buy Stop;0.01;XAUUSD;4 101.09;3 933.77;4 114.34;2026.07.20 21:05:00;4 007.62;;;;cancelled
2026.07.17 20:00:00;Buy Stop;0.01;XAUUSD;4 100.97;4 073.41;4 118.37;2026.07.20 03:00:00;3 995.75;;;;cancelled
2026.07.17 09:00:00;Buy Stop;0.01;XAUUSD;4 101.05;3 930.15;4 114.59;2026.07.20 01:00:01;4 001.43;;;;cancelled
2026.07.16 22:00:00;Buy Stop;0.01;XAUUSD;4 080.64;4 045.57;4 103.24;2026.07.20 01:00:01;4 004.81;;;;cancelled
2026.07.16 18:00:00;Buy Stop;0.01;XAUUSD;4 101.13;4 018.53;4 115.16;2026.07.20 01:00:01;4 002.11;;;;cancelled
2026.07.15 16:00:00;Buy Stop;0.01;XAUUSD;4 102.08;4 067.46;4 124.39;2026.07.20 01:00:01;4 004.16;;;;cancelled
2026.07.17 10:00:00;Sell Stop;0.01;XAUUSD;3 945.60;4 069.46;3 916.16;2026.07.20 01:00:00;4 000.81;;;;cancelled
2026.07.15 13:00:00;Buy Stop;0.01;XAUUSD;4 101.00;4 073.86;4 118.14;2026.07.17 20:00:00;4 015.56;;;;cancelled
2026.07.15 08:15:00;Buy Stop;0.01;XAUUSD;4 136.26;4 109.12;4 153.40;2026.07.17 15:15:00;3 990.15;;;;cancelled
2026.07.15 23:00:00;Sell Stop;0.01;XAUUSD;3 945.55;4 067.56;3 916.55;2026.07.17 10:00:00;3 999.26;;;;cancelled
2026.07.16 13:00:00;Buy Stop;0.01;XAUUSD;4 101.06;3 930.53;4 114.57;2026.07.17 09:00:00;3 985.49;;;;cancelled
2026.07.15 12:00:00;Buy Stop;0.01;XAUUSD;4 101.15;4 019.61;4 115.00;2026.07.16 18:00:00;3 998.26;;;;cancelled
2026.07.16 16:02:38;Sell;0.01;XAUUSD;3 983.84;4 154.52;3 972.38;2026.07.16 16:15:00;3 993.05;-0.02;;-9.21;
2026.07.16 16:02:38;Sell;0.01;XAUUSD;3 983.84;4 004.25;3 863.43;2026.07.16 16:15:00;3 992.71;-0.02;;-8.87;
2026.07.16 16:02:38;Sell;0.01;XAUUSD;3 983.84;3 983.37;3 963.36;2026.07.16 16:05:54;3 983.47;-0.02;;0.37;[sl]
2026.07.16 16:02:38;Sell;0.01;XAUUSD;3 983.85;3 982.60;3 971.12;2026.07.16 16:03:25;3 983.01;-0.02;;0.84;[sl]
2026.07.16 16:02:38;Sell;0.01;XAUUSD;3 983.85;3 983.85;3 968.73;2026.07.16 16:03:25;3 984.32;-0.02;;-0.47;[sl]
2026.07.15 17:00:00;Buy Stop;0.01;XAUUSD;4 101.08;3 932.74;4 114.41;2026.07.16 13:00:00;4 031.82;;;;cancelled
2026.07.15 13:05:00;Buy Stop;0.01;XAUUSD;4 136.34;3 968.00;4 149.67;2026.07.16 09:05:00;4 031.64;;;;cancelled
2026.07.14 23:00:00;Sell Stop;0.01;XAUUSD;3 985.17;4 068.72;3 970.98;2026.07.16 05:00:00;4 039.18;;;;cancelled
2026.07.15 05:00:00;Sell Stop;0.01;XAUUSD;3 985.86;4 154.20;3 972.53;2026.07.16 01:00:00;4 061.57;;;;cancelled
2026.07.13 17:30:00;Sell Stop;0.01;XAUUSD;3 962.47;3 990.46;3 944.79;2026.07.16 01:00:00;4 063.80;;;;cancelled
2026.07.14 12:00:00;Sell Stop;0.01;XAUUSD;3 945.63;4 070.63;3 915.92;2026.07.15 23:00:00;4 056.98;;;;cancelled
2026.07.13 09:00:00;Buy Stop;0.01;XAUUSD;4 137.31;4 101.62;4 160.31;2026.07.15 21:00:00;4 062.40;;;;cancelled
2026.07.07 14:00:00;Buy Stop;0.01;XAUUSD;4 202.30;4 181.42;4 330.16;2026.07.15 14:00:00;4 028.07;;;;cancelled
2026.07.14 07:15:00;Buy Stop;0.01;XAUUSD;4 136.37;4 052.82;4 150.56;2026.07.15 13:15:00;4 033.92;;;;cancelled
2026.07.14 17:05:00;Buy Stop;0.01;XAUUSD;4 136.30;3 963.82;4 149.96;2026.07.15 13:05:00;4 030.58;;;;cancelled
2026.07.13 01:00:02;Buy Stop;0.01;XAUUSD;4 136.20;4 108.21;4 153.88;2026.07.15 08:15:00;4 026.24;;;;cancelled
2026.07.13 21:05:00;Buy Stop;0.01;XAUUSD;4 136.28;3 962.71;4 150.03;2026.07.14 17:05:00;4 074.06;;;;cancelled
2026.07.13 01:00:00;Sell Stop;0.01;XAUUSD;3 945.65;4 071.44;3 915.75;2026.07.14 12:00:00;4 015.98;;;;cancelled
2026.07.13 01:00:01;Buy Stop;0.01;XAUUSD;4 136.36;4 052.29;4 150.64;2026.07.14 07:15:00;4 015.77;;;;cancelled
2026.07.13 01:00:01;Buy Stop;0.01;XAUUSD;4 136.28;3 962.71;4 150.03;2026.07.13 21:05:00;3 990.81;;;;cancelled
2026.07.13 17:16:45;Sell;0.01;XAUUSD;4 020.84;4 015.68;3 899.44;2026.07.13 18:00:00;4 015.69;-0.02;;5.15;[sl]
2026.07.13 17:16:45;Sell;0.01;XAUUSD;4 020.85;4 020.85;4 006.63;2026.07.13 17:19:04;4 021.33;-0.02;;-0.48;[sl]
2026.07.13 17:16:45;Sell;0.01;XAUUSD;4 020.84;4 020.36;4 001.11;2026.07.13 17:18:57;4 020.42;-0.02;;0.42;[sl]
2026.07.13 17:16:45;Sell;0.01;XAUUSD;4 020.84;4 019.57;4 009.27;2026.07.13 17:17:05;4 009.27;-0.02;;11.57;[tp]
2026.07.13 17:16:45;Sell;0.01;XAUUSD;4 020.85;4 197.87;4 010.55;2026.07.13 17:16:52;4 010.55;-0.02;;10.30;[tp]
2026.07.10 21:00:00;Buy Stop;0.01;XAUUSD;4 137.32;4 102.02;4 160.07;2026.07.13 09:00:00;4 053.76;;;;cancelled
2026.07.10 18:00:00;Buy Stop;0.01;XAUUSD;4 136.22;4 108.54;4 153.70;2026.07.13 01:00:02;4 095.45;;;;cancelled
2026.07.09 19:00:00;Sell Stop;0.01;XAUUSD;4 024.10;4 059.56;4 001.25;2026.07.13 01:00:02;4 095.27;;;;cancelled
2026.07.09 16:00:00;Sell Stop;0.01;XAUUSD;4 024.30;4 052.11;4 006.74;2026.07.13 01:00:02;4 094.14;;;;cancelled
2026.07.08 17:00:00;Buy Stop;0.01;XAUUSD;4 179.46;4 143.42;4 202.69;2026.07.13 01:00:02;4 099.13;;;;cancelled
2026.07.08 13:15:00;Sell Stop;0.01;XAUUSD;3 962.29;3 998.33;3 939.06;2026.07.13 01:00:02;4 094.14;;;;cancelled
2026.07.10 22:00:00;Buy Stop;0.01;XAUUSD;4 136.31;3 964.66;4 149.91;2026.07.13 01:00:01;4 099.89;;;;cancelled
2026.07.10 21:00:00;Sell Stop;0.01;XAUUSD;4 023.54;4 106.69;4 009.42;2026.07.13 01:00:01;4 095.27;;;;cancelled
2026.07.10 17:00:00;Buy Stop;0.01;XAUUSD;4 136.38;4 053.23;4 150.50;2026.07.13 01:00:01;4 099.13;;;;cancelled
2026.07.10 16:00:00;Sell Stop;0.01;XAUUSD;4 024.27;4 195.92;4 010.67;2026.07.13 01:00:01;4 095.27;;;;cancelled
2026.07.10 10:00:00;Buy Stop;0.01;XAUUSD;4 178.47;4 006.82;4 192.07;2026.07.13 01:00:01;4 099.13;;;;cancelled
2026.07.09 19:00:00;Buy Stop;0.01;XAUUSD;4 178.53;4 095.00;4 192.71;2026.07.13 01:00:01;4 099.13;;;;cancelled
2026.07.10 10:00:00;Sell Stop;0.01;XAUUSD;3 945.61;4 070.02;3 916.04;2026.07.13 01:00:00;4 097.55;;;;cancelled
2026.07.09 15:00:00;Sell Stop;0.01;XAUUSD;4 023.54;4 107.07;4 009.36;2026.07.10 21:00:00;4 101.06;;;;cancelled
2026.07.08 14:00:00;Buy Stop;0.01;XAUUSD;4 178.34;4 150.08;4 196.19;2026.07.10 21:00:00;4 101.09;;;;cancelled
2026.07.02 16:30:01;Sell Stop;0.01;XAUUSD;3 944.86;3 964.91;3 822.04;2026.07.10 17:00:00;4 100.30;;;;cancelled
2026.07.02 16:30:01;Buy Stop;0.01;XAUUSD;4 381.16;4 361.11;4 503.98;2026.07.10 17:00:00;4 100.17;;;;cancelled
2026.07.09 20:00:00;Sell Stop;0.01;XAUUSD;4 024.29;4 196.73;4 010.63;2026.07.10 16:00:00;4 100.94;;;;cancelled
2026.07.08 08:15:00;Sell Stop;0.01;XAUUSD;3 962.50;3 990.76;3 944.65;2026.07.10 15:15:00;4 114.98;;;;cancelled
2026.07.09 14:00:00;Buy Stop;0.01;XAUUSD;4 178.46;4 006.02;4 192.12;2026.07.10 10:00:00;4 111.87;;;;cancelled
2026.07.08 23:00:00;Sell Stop;0.01;XAUUSD;3 945.68;4 072.72;3 915.48;2026.07.10 10:00:00;4 111.56;;;;cancelled
2026.07.09 09:05:00;Sell Stop;0.01;XAUUSD;3 962.45;4 134.89;3 948.79;2026.07.10 05:05:00;4 118.11;;;;cancelled
2026.07.08 13:00:00;Buy Stop;0.01;XAUUSD;4 178.50;4 093.60;4 192.92;2026.07.09 19:00:00;4 126.95;;;;cancelled
2026.07.07 05:00:00;Buy Stop;0.01;XAUUSD;4 202.38;4 166.25;4 225.66;2026.07.09 17:00:00;4 121.75;;;;cancelled
2026.07.08 18:00:00;Buy Stop;0.01;XAUUSD;4 178.42;4 003.14;4 192.30;2026.07.09 14:00:00;4 099.54;;;;cancelled
2026.07.08 07:00:00;Buy Stop;0.01;XAUUSD;4 201.42;4 116.52;4 215.84;2026.07.09 13:00:00;4 106.45;;;;cancelled
2026.07.08 13:05:00;Sell Stop;0.01;XAUUSD;3 962.49;4 137.77;3 948.61;2026.07.09 09:05:00;4 093.05;;;;cancelled
2026.07.07 02:00:00;Buy Stop;0.01;XAUUSD;4 201.25;4 172.92;4 219.14;2026.07.09 09:00:00;4 082.06;;;;cancelled
2026.07.02 16:30:01;Buy Stop;0.01;XAUUSD;4 379.55;4 365.51;4 445.72;2026.07.09 01:00:00;4 078.98;;;;cancelled
2026.07.07 12:00:00;Sell Stop;0.01;XAUUSD;3 945.69;4 073.03;3 915.42;2026.07.08 23:00:00;4 079.98;;;;cancelled
2026.07.08 02:00:00;Buy Stop;0.01;XAUUSD;4 201.34;4 026.06;4 215.22;2026.07.08 22:00:00;4 084.56;;;;cancelled
2026.07.06 01:00:01;Sell Stop;0.01;XAUUSD;3 962.27;3 997.96;3 939.27;2026.07.08 13:15:00;4 044.83;;;;cancelled
2026.07.07 17:05:00;Sell Stop;0.01;XAUUSD;3 962.49;4 138.19;3 948.57;2026.07.08 13:05:00;4 047.25;;;;cancelled
2026.07.06 01:00:01;Sell Stop;0.01;XAUUSD;3 962.47;3 990.46;3 944.79;2026.07.08 08:15:00;4 125.72;;;;cancelled
2026.07.07 01:00:00;Buy Stop;0.01;XAUUSD;4 201.41;4 116.30;4 215.86;2026.07.08 07:00:00;4 123.50;;;;cancelled
2026.07.07 06:00:00;Buy Stop;0.01;XAUUSD;4 201.34;4 025.64;4 215.26;2026.07.08 02:00:00;4 098.41;;;;cancelled
2026.07.06 21:05:00;Sell Stop;0.01;XAUUSD;3 962.46;4 136.04;3 948.71;2026.07.07 17:05:00;4 154.66;;;;cancelled
2026.07.06 01:00:00;Sell Stop;0.01;XAUUSD;3 945.65;4 071.45;3 915.75;2026.07.07 12:00:00;4 125.99;;;;cancelled
2026.07.06 01:00:01;Sell Stop;0.01;XAUUSD;3 944.10;4 028.18;3 929.82;2026.07.07 07:15:00;4 136.50;;;;cancelled
2026.07.06 01:00:01;Sell Stop;0.01;XAUUSD;3 962.46;4 136.04;3 948.71;2026.07.06 21:05:00;4 157.51;;;;cancelled
2026.07.03 12:35:00;Sell Stop;0.01;XAUUSD;3 962.41;4 132.14;3 948.97;2026.07.06 01:00:01;4 175.00;;;;cancelled
2026.07.02 16:30:01;Sell Stop;0.01;XAUUSD;3 962.40;3 989.61;3 945.21;2026.07.06 01:00:01;4 185.29;;;;cancelled
2026.07.02 16:30:01;Sell Stop;0.01;XAUUSD;3 962.21;3 996.92;3 939.84;2026.07.06 01:00:01;4 185.34;;;;cancelled
2026.07.02 16:30:01;Sell Stop;0.01;XAUUSD;3 944.05;4 025.80;3 930.17;2026.07.06 01:00:01;4 175.00;;;;cancelled
2026.07.02 16:30:01;Sell Stop;0.01;XAUUSD;3 888.00;3 908.05;3 805.78;2026.07.06 01:00:01;4 185.29;;;;cancelled
2026.07.02 16:30:01;Sell Stop;0.01;XAUUSD;3 962.39;4 131.17;3 949.02;2026.07.03 12:35:00;4 170.01;;;;cancelled
2026.07.02 11:00:00;Sell Stop;0.01;XAUUSD;3 962.21;3 996.92;3 939.84;2026.07.02 13:50:01;4 062.00;;;;cancelled
2026.07.02 08:00:00;Sell Stop;0.01;XAUUSD;3 962.40;3 989.61;3 945.21;2026.07.02 13:50:01;4 062.05;;;;cancelled
2026.07.01 16:45:00;Buy Stop;0.01;XAUUSD;4 380.15;4 352.89;4 397.37;2026.07.02 13:50:01;4 062.27;;;;cancelled
2026.07.01 05:00:00;Sell Stop;0.01;XAUUSD;3 944.59;3 979.35;3 922.19;2026.07.02 13:50:01;4 062.02;;;;cancelled
2026.07.01 02:00:00;Sell Stop;0.01;XAUUSD;3 944.79;3 972.05;3 927.57;2026.07.02 13:50:01;4 062.05;;;;cancelled
2026.07.02 12:00:00;Sell Stop;0.01;XAUUSD;3 962.39;4 131.17;3 949.02;2026.07.02 13:50:00;4 061.98;;;;cancelled
2026.07.02 07:00:00;Sell Stop;0.01;XAUUSD;3 944.05;4 025.80;3 930.17;2026.07.02 13:50:00;4 062.00;;;;cancelled
2026.07.02 02:00:00;Sell Stop;0.01;XAUUSD;3 944.77;4 113.55;3 931.40;2026.07.02 13:50:00;4 061.98;;;;cancelled
2026.07.01 14:00:00;Sell Stop;0.01;XAUUSD;3 944.86;3 964.95;3 821.84;2026.07.02 13:50:00;4 061.83;;;;cancelled
2026.06.30 05:00:00;Sell Stop;0.01;XAUUSD;3 888.03;3 908.46;3 804.25;2026.07.02 13:50:00;4 062.03;;;;cancelled
2026.06.29 01:00:01;Buy Stop;0.01;XAUUSD;4 381.15;4 361.00;4 504.55;2026.07.02 13:50:00;4 061.98;;;;cancelled
2026.06.25 17:00:00;Buy Stop;0.01;XAUUSD;4 885.89;4 865.33;4 970.19;2026.07.02 13:50:00;4 062.11;;;;cancelled
2026.06.22 01:00:03;Buy Stop;0.01;XAUUSD;4 379.42;4 364.69;4 448.88;2026.07.02 13:50:00;4 062.11;;;;cancelled
2026.07.01 01:00:00;Sell Stop;0.01;XAUUSD;3 944.05;4 025.94;3 930.14;2026.07.02 07:00:00;4 070.05;;;;cancelled
2026.07.01 06:00:00;Sell Stop;0.01;XAUUSD;3 944.78;4 113.83;3 931.39;2026.07.02 02:00:00;4 044.48;;;;cancelled
2026.07.01 16:44:50;Buy;0.01;XAUUSD;4 095.10;4 100.12;4 220.23;2026.07.01 17:41:28;4 099.94;-0.02;;4.84;[sl]
2026.07.01 16:44:49;Buy;0.01;XAUUSD;4 094.80;4 094.80;4 111.36;2026.07.01 16:46:37;4 094.45;-0.02;;-0.35;[sl]
2026.07.01 16:44:50;Buy;0.01;XAUUSD;4 096.61;4 097.07;4 117.64;2026.07.01 16:46:33;4 097.01;-0.02;;0.40;[sl]
2026.07.01 16:44:49;Buy;0.01;XAUUSD;4 094.80;4 099.82;4 108.36;2026.07.01 16:46:27;4 099.65;-0.02;;4.85;[sl]
2026.07.01 16:44:49;Buy;0.01;XAUUSD;4 094.80;3 925.60;4 107.57;2026.07.01 16:45:46;4 107.57;-0.02;;12.77;[tp]
2026.07.01 16:38:57;Buy;0.01;XAUUSD;4 062.50;4 062.50;4 078.56;2026.07.01 16:40:39;4 078.56;-0.02;;16.06;[tp]
2026.06.30 16:00:00;Buy Stop;0.01;XAUUSD;4 094.14;3 922.16;4 107.76;2026.07.01 12:00:00;3 974.66;;;;cancelled
2026.06.29 01:00:02;Buy Stop;0.01;XAUUSD;4 380.15;4 352.81;4 397.42;2026.07.01 08:15:00;3 972.08;;;;cancelled
2026.06.29 15:00:00;Buy Stop;0.01;XAUUSD;4 094.24;4 012.10;4 108.19;2026.06.30 21:00:00;4 030.97;;;;cancelled
2026.06.29 20:00:00;Buy Stop;0.01;XAUUSD;4 094.17;3 924.60;4 107.60;2026.06.30 16:00:00;4 010.02;;;;cancelled
2026.06.30 04:07:11;Sell;0.01;XAUUSD;3 961.59;4 086.37;3 982.33;2026.06.30 08:16:44;3 982.33;-0.02;;-20.74;[tp]
2026.06.30 04:07:11;Sell;0.01;XAUUSD;3 960.73;3 981.30;3 838.87;2026.06.30 07:29:34;3 981.82;-0.02;;-21.09;[sl]
2026.06.30 04:07:11;Sell;0.01;XAUUSD;3 960.73;3 957.13;3 894.90;2026.06.30 04:08:30;3 957.40;-0.02;;3.33;[sl]
2026.06.30 04:07:11;Sell;0.01;XAUUSD;3 957.70;3 955.66;3 876.61;2026.06.30 04:08:29;3 956.08;-0.02;;1.62;[sl]
2026.06.30 04:07:11;Sell;0.01;XAUUSD;3 957.69;3 953.59;3 938.74;2026.06.30 04:08:28;3 954.24;-0.02;;3.45;[sl]
2026.06.30 04:07:11;Sell;0.01;XAUUSD;3 957.69;3 988.75;3 944.14;2026.06.30 04:07:38;3 944.14;-0.02;;13.55;[tp]
2026.06.30 04:07:11;Sell;0.01;XAUUSD;3 957.69;4 042.80;3 946.71;2026.06.30 04:07:37;3 946.71;-0.02;;10.98;[tp]
2026.06.30 04:07:11;Sell;0.01;XAUUSD;3 957.70;4 130.96;3 947.96;2026.06.30 04:07:36;3 947.96;-0.02;;9.74;[tp]
2026.06.24 16:00:00;Sell Stop;0.01;XAUUSD;3 888.07;3 909.05;3 802.07;2026.06.30 01:00:01;4 017.12;;;;cancelled
2026.06.29 01:00:01;Sell Stop;0.01;XAUUSD;3 961.39;4 130.96;3 947.96;2026.06.29 21:05:00;4 023.68;;;;cancelled
2026.06.26 15:15:00;Buy Stop;0.01;XAUUSD;4 380.16;4 353.00;4 397.32;2026.06.29 01:00:02;4 084.89;;;;cancelled
2026.06.25 19:00:00;Sell Stop;0.01;XAUUSD;3 961.46;3 989.36;3 943.84;2026.06.29 01:00:02;4 083.66;;;;cancelled
2026.06.26 19:00:00;Sell Stop;0.01;XAUUSD;3 961.38;4 129.83;3 948.04;2026.06.29 01:00:01;4 086.16;;;;cancelled
2026.06.25 22:00:00;Sell Stop;0.01;XAUUSD;3 961.25;3 996.84;3 938.32;2026.06.29 01:00:01;4 081.06;;;;cancelled
2026.06.25 18:00:00;Sell Stop;0.01;XAUUSD;3 960.70;4 044.53;3 946.47;2026.06.29 01:00:01;4 086.16;;;;cancelled
2026.06.24 13:15:00;Buy Stop;0.01;XAUUSD;4 381.19;4 344.89;4 404.59;2026.06.29 01:00:01;4 084.89;;;;cancelled
2026.06.26 10:15:00;Buy Stop;0.01;XAUUSD;5 592.26;5 470.17;5 621.28;2026.06.29 01:00:00;4 090.00;;;;cancelled
2026.06.19 06:00:00;Buy Stop;0.01;XAUUSD;4 381.10;4 359.82;4 511.44;2026.06.29 01:00:00;4 089.85;;;;cancelled
2026.06.25 23:00:00;Sell Stop;0.01;XAUUSD;3 961.44;4 134.50;3 947.73;2026.06.26 19:00:00;4 090.70;;;;cancelled
2026.06.24 08:15:00;Buy Stop;0.01;XAUUSD;4 380.06;4 351.59;4 398.04;2026.06.26 15:15:00;4 049.01;;;;cancelled
2026.06.24 23:15:00;Buy Stop;0.01;XAUUSD;5 591.99;5 464.04;5 622.40;2026.06.26 10:15:00;4 027.63;;;;cancelled
2026.06.25 09:05:00;Buy Stop;0.01;XAUUSD;4 380.19;4 207.13;4 393.90;2026.06.26 05:05:00;4 020.59;;;;cancelled
2026.06.24 13:15:00;Buy Stop;0.01;XAUUSD;4 380.22;4 294.71;4 394.74;2026.06.25 19:15:00;4 037.20;;;;cancelled
2026.06.05 16:30:01;Buy Stop;0.01;XAUUSD;4 885.62;4 863.44;4 976.54;2026.06.25 17:00:00;4 002.46;;;;cancelled
2026.06.24 13:05:00;Buy Stop;0.01;XAUUSD;4 380.15;4 203.61;4 394.13;2026.06.25 09:05:00;3 986.77;;;;cancelled
2026.06.23 12:15:00;Buy Stop;0.01;XAUUSD;5 592.06;5 465.71;5 622.09;2026.06.24 23:15:00;3 995.45;;;;cancelled
2026.06.24 15:25:03;Sell;0.01;XAUUSD;4 020.79;4 005.76;3 897.49;2026.06.24 16:39:52;4 006.08;-0.02;;14.71;[sl]
2026.06.24 15:25:03;Sell;0.01;XAUUSD;4 020.79;4 018.27;3 997.06;2026.06.24 15:56:36;3 997.06;-0.02;;23.73;[tp]
2026.06.24 15:25:03;Sell;0.01;XAUUSD;4 020.20;4 020.20;3 955.86;2026.06.24 15:28:40;4 020.33;-0.02;;-0.13;[sl]
2026.06.24 15:25:03;Sell;0.01;XAUUSD;4 020.19;4 018.09;3 936.96;2026.06.24 15:27:10;4 018.18;-0.02;;2.01;[sl]
2026.06.24 15:25:03;Sell;0.01;XAUUSD;4 020.80;4 020.80;4 008.35;2026.06.24 15:26:07;4 008.35;-0.02;;12.45;[tp]
2026.06.23 07:15:00;Buy Stop;0.01;XAUUSD;4 380.25;4 295.80;4 394.59;2026.06.24 13:15:00;4 061.14;;;;cancelled
2026.06.22 01:00:03;Buy Stop;0.01;XAUUSD;4 381.19;4 344.76;4 404.67;2026.06.24 13:15:00;4 060.97;;;;cancelled
2026.06.23 17:05:00;Buy Stop;0.01;XAUUSD;4 380.17;4 205.83;4 393.98;2026.06.24 13:05:00;4 062.23;;;;cancelled
2026.06.22 01:00:04;Sell Stop;0.01;XAUUSD;4 026.34;4 054.91;4 008.30;2026.06.24 08:15:00;4 067.67;;;;cancelled
2026.06.22 01:00:04;Buy Stop;0.01;XAUUSD;4 380.06;4 351.49;4 398.10;2026.06.24 08:15:00;4 067.83;;;;cancelled
2026.06.22 21:05:00;Buy Stop;0.01;XAUUSD;4 380.14;4 202.98;4 394.17;2026.06.23 17:05:00;4 138.04;;;;cancelled
2026.06.23 07:59:06;Sell;0.01;XAUUSD;4 120.99;4 115.81;3 995.38;2026.06.23 12:21:03;4 115.85;-0.02;;5.14;[sl]
2026.06.22 01:00:03;Sell Stop;0.01;XAUUSD;4 027.15;4 155.55;3 996.63;2026.06.23 12:15:00;4 111.29;;;;cancelled
2026.06.22 01:00:03;Buy Stop;0.01;XAUUSD;5 591.97;5 463.57;5 622.49;2026.06.23 12:15:00;4 111.43;;;;cancelled
2026.06.23 07:59:06;Sell;0.01;XAUUSD;4 120.99;4 120.51;4 100.54;2026.06.23 09:12:36;4 120.84;-0.02;;0.15;[sl]
2026.06.23 07:59:06;Sell;0.01;XAUUSD;4 120.55;4 120.55;4 106.19;2026.06.23 09:12:36;4 120.85;-0.02;;-0.30;[sl]
2026.06.23 07:59:06;Sell;0.01;XAUUSD;4 120.99;4 119.61;4 110.18;2026.06.23 09:12:35;4 119.80;-0.02;;1.19;[sl]
2026.06.23 07:59:06;Sell;0.01;XAUUSD;4 120.14;4 118.87;4 108.88;2026.06.23 09:12:32;4 118.91;-0.02;;1.23;[sl]
2026.06.22 01:00:03;Buy Stop;0.01;XAUUSD;4 380.22;4 294.41;4 394.79;2026.06.23 07:15:00;4 143.41;;;;cancelled
2026.06.15 01:00:02;Buy Stop;0.01;XAUUSD;4 594.06;4 573.01;4 723.02;2026.06.23 02:00:00;4 190.06;;;;cancelled
2026.06.22 01:00:03;Buy Stop;0.01;XAUUSD;4 380.14;4 202.98;4 394.17;2026.06.22 21:05:00;4 183.57;;;;cancelled
2026.06.19 08:00:00;Sell Stop;0.01;XAUUSD;4 026.36;4 055.24;4 008.12;2026.06.22 01:00:04;4 141.17;;;;cancelled
2026.06.18 18:00:00;Buy Stop;0.01;XAUUSD;4 379.99;4 350.59;4 398.56;2026.06.22 01:00:04;4 143.20;;;;cancelled
2026.06.17 23:45:00;Buy Stop;0.01;XAUUSD;4 513.28;4 484.04;4 531.75;2026.06.22 01:00:04;4 143.60;;;;cancelled
2026.06.05 16:30:01;Buy Stop;0.01;XAUUSD;4 592.23;4 576.71;4 665.41;2026.06.22 01:00:04;4 143.67;;;;cancelled
2026.06.19 18:00:00;Buy Stop;0.01;XAUUSD;4 380.12;4 201.02;4 394.31;2026.06.22 01:00:03;4 143.33;;;;cancelled
2026.06.18 21:00:00;Buy Stop;0.01;XAUUSD;4 381.16;4 343.67;4 405.32;2026.06.22 01:00:03;4 142.95;;;;cancelled
2026.06.18 17:00:00;Buy Stop;0.01;XAUUSD;4 380.16;4 291.85;4 395.16;2026.06.22 01:00:03;4 143.43;;;;cancelled
2026.06.18 12:00:00;Sell Stop;0.01;XAUUSD;4 027.25;4 159.38;3 995.84;2026.06.22 01:00:03;4 140.25;;;;cancelled
2026.06.17 13:15:00;Sell Stop;0.01;XAUUSD;4 026.18;4 063.47;4 002.15;2026.06.22 01:00:03;4 141.20;;;;cancelled
2026.06.12 14:00:00;Sell Stop;0.01;XAUUSD;4 026.32;4 046.67;3 901.65;2026.06.22 01:00:03;4 140.64;;;;cancelled
2026.06.19 10:15:00;Buy Stop;0.01;XAUUSD;5 591.91;5 462.10;5 622.77;2026.06.22 01:00:02;4 143.82;;;;cancelled
2026.06.18 22:00:00;Buy Stop;0.01;XAUUSD;4 380.08;4 197.77;4 394.52;2026.06.19 18:00:00;4 149.46;;;;cancelled
2026.06.17 23:15:00;Buy Stop;0.01;XAUUSD;5 591.84;5 460.42;5 623.08;2026.06.19 10:15:00;4 157.25;;;;cancelled
2026.06.17 01:00:00;Sell Stop;0.01;XAUUSD;4 026.40;4 055.64;4 007.93;2026.06.19 08:00:00;4 125.39;;;;cancelled
2026.06.18 09:05:00;Sell Stop;0.01;XAUUSD;4 026.40;4 208.71;4 011.96;2026.06.19 05:05:00;4 185.48;;;;cancelled
2026.06.18 19:35:59;Sell;0.01;XAUUSD;4 220.44;4 219.11;4 205.91;2026.06.18 19:54:32;4 219.15;-0.02;;1.29;[sl]
2026.06.17 13:15:00;Sell Stop;0.01;XAUUSD;4 025.60;4 113.43;4 010.69;2026.06.18 19:15:00;4 227.80;;;;cancelled
2026.06.17 01:00:00;Sell Stop;0.01;XAUUSD;4 027.23;4 158.65;3 995.99;2026.06.18 12:00:00;4 267.40;;;;cancelled
2026.06.17 13:05:00;Sell Stop;0.01;XAUUSD;4 026.38;4 207.71;4 012.02;2026.06.18 09:05:00;4 306.96;;;;cancelled
2026.06.15 16:45:00;Buy Stop;0.01;XAUUSD;4 513.32;4 484.75;4 531.37;2026.06.17 23:45:00;4 260.49;;;;cancelled
2026.06.16 12:15:00;Buy Stop;0.01;XAUUSD;5 591.89;5 461.60;5 622.86;2026.06.17 23:15:00;4 257.72;;;;cancelled
2026.06.17 20:33:35;Buy;0.01;XAUUSD;4 368.24;4 346.55;4 500.03;2026.06.17 21:00:13;4 345.12;-0.02;;-23.12;[sl]
2026.06.17 20:33:35;Buy;0.01;XAUUSD;4 369.21;4 369.71;4 391.98;2026.06.17 21:00:02;4 367.75;-0.02;;-1.46;[sl]
2026.06.17 20:33:33;Buy;0.01;XAUUSD;4 367.43;4 367.43;4 385.32;2026.06.17 21:00:02;4 367.38;-0.02;;-0.05;[sl]
2026.06.17 20:33:33;Buy;0.01;XAUUSD;4 367.44;4 373.26;4 382.07;2026.06.17 20:35:19;4 372.64;-0.02;;5.20;[sl]
2026.06.17 20:33:33;Buy;0.01;XAUUSD;4 367.44;4 185.76;4 381.45;2026.06.17 20:33:59;4 381.45;-0.02;;14.01;[tp]
2026.06.16 14:00:00;Buy Stop;0.01;XAUUSD;4 367.18;4 280.10;4 381.97;2026.06.17 20:00:00;4 359.66;;;;cancelled
2026.06.16 19:00:00;Buy Stop;0.01;XAUUSD;4 367.10;4 187.33;4 381.34;2026.06.17 15:00:00;4 323.73;;;;cancelled
2026.06.16 07:15:00;Sell Stop;0.01;XAUUSD;4 025.59;4 112.67;4 010.80;2026.06.17 13:15:00;4 330.92;;;;cancelled
2026.06.15 01:00:03;Sell Stop;0.01;XAUUSD;4 026.13;4 062.57;4 002.65;2026.06.17 13:15:00;4 330.96;;;;cancelled
2026.06.16 17:05:00;Sell Stop;0.01;XAUUSD;4 026.36;4 206.13;4 012.12;2026.06.17 13:05:00;4 328.72;;;;cancelled
2026.06.15 01:00:03;Sell Stop;0.01;XAUUSD;4 026.34;4 054.91;4 008.29;2026.06.17 08:15:00;4 323.04;;;;cancelled
2026.06.10 22:00:00;Sell Stop;0.01;XAUUSD;3 888.12;3 909.78;3 799.33;2026.06.17 01:00:00;4 333.85;;;;cancelled
2026.06.15 21:05:00;Sell Stop;0.01;XAUUSD;4 026.32;4 203.53;4 012.28;2026.06.16 17:05:00;4 338.60;;;;cancelled
2026.06.15 01:00:01;Buy Stop;0.01;XAUUSD;5 591.97;5 463.53;5 622.50;2026.06.16 12:15:00;4 346.37;;;;cancelled
2026.06.15 01:00:02;Sell Stop;0.01;XAUUSD;4 025.56;4 111.40;4 010.98;2026.06.16 07:15:00;4 327.25;;;;cancelled
2026.06.15 16:32:02;Buy;0.01;XAUUSD;4 362.01;4 184.70;4 325.38;2026.06.15 21:17:55;4 325.38;-0.02;;-36.63;[tp]
2026.06.15 01:00:02;Sell Stop;0.01;XAUUSD;4 026.32;4 203.53;4 012.28;2026.06.15 21:05:00;4 320.67;;;;cancelled
2026.06.15 16:32:02;Buy;0.01;XAUUSD;4 362.56;4 326.02;4 385.78;2026.06.15 20:34:59;4 325.83;-0.02;;-36.73;[sl]
2026.06.15 16:31:56;Buy;0.01;XAUUSD;4 361.20;4 361.20;4 379.21;2026.06.15 16:43:10;4 361.02;-0.02;;-0.18;[sl]
2026.06.15 16:32:02;Buy;0.01;XAUUSD;4 362.01;4 363.31;4 375.91;2026.06.15 16:43:02;4 363.02;-0.02;;1.01;[sl]
2026.06.12 21:00:00;Buy Stop;0.01;XAUUSD;4 361.23;4 333.61;4 378.68;2026.06.15 04:00:00;4 292.96;;;;cancelled
2026.06.12 03:00:00;Sell Stop;0.01;XAUUSD;4 026.05;4 061.28;4 003.35;2026.06.15 01:00:03;4 272.89;;;;cancelled
2026.06.11 23:00:00;Sell Stop;0.01;XAUUSD;4 026.36;4 055.20;4 008.14;2026.06.15 01:00:03;4 273.11;;;;cancelled
2026.06.10 17:00:00;Buy Stop;0.01;XAUUSD;4 362.27;4 324.79;4 386.43;2026.06.15 01:00:03;4 275.19;;;;cancelled
2026.06.15 01:00:01;Buy;0.01;XAUUSD;4 275.97;4 216.69;4 261.76;2026.06.15 01:00:02;4 261.76;-0.02;;-14.21;[tp]
2026.06.15 01:00:01;Buy;0.01;XAUUSD;4 275.97;4 161.49;4 258.56;2026.06.15 01:00:02;4 258.56;-0.02;;-17.41;[tp]
2026.06.12 10:00:00;Buy Stop;0.01;XAUUSD;4 361.32;4 190.01;4 374.89;2026.06.15 01:00:02;4 276.08;;;;cancelled
2026.06.12 04:00:00;Sell Stop;0.01;XAUUSD;4 026.24;4 197.55;4 012.67;2026.06.15 01:00:02;4 273.12;;;;cancelled
2026.06.11 22:00:00;Sell Stop;0.01;XAUUSD;4 025.58;4 112.23;4 010.87;2026.06.15 01:00:02;4 272.34;;;;cancelled
2026.06.11 19:00:00;Buy Stop;0.01;XAUUSD;4 361.31;4 274.66;4 376.02;2026.06.15 01:00:02;4 275.63;;;;cancelled
2026.06.12 10:15:00;Buy Stop;0.01;XAUUSD;5 592.16;5 468.00;5 621.67;2026.06.15 01:00:01;4 275.96;;;;cancelled
2026.06.05 16:30:01;Buy Stop;0.01;XAUUSD;4 594.00;4 571.82;4 729.83;2026.06.15 01:00:01;4 275.96;;;;cancelled
2026.06.10 14:00:00;Buy Stop;0.01;XAUUSD;4 361.10;4 331.71;4 379.66;2026.06.12 21:00:00;4 221.70;;;;cancelled
2026.06.10 08:15:00;Buy Stop;0.01;XAUUSD;4 513.26;4 483.87;4 531.82;2026.06.12 15:15:00;4 214.21;;;;cancelled
2026.06.10 23:15:00;Buy Stop;0.01;XAUUSD;5 591.80;5 459.69;5 623.20;2026.06.12 10:15:00;4 178.37;;;;cancelled
2026.06.11 14:00:00;Buy Stop;0.01;XAUUSD;4 361.23;4 182.34;4 375.40;2026.06.12 10:00:00;4 184.34;;;;cancelled
2026.06.10 13:00:00;Buy Stop;0.01;XAUUSD;4 361.27;4 272.98;4 376.26;2026.06.11 19:00:00;4 089.09;;;;cancelled
2026.06.10 18:00:00;Buy Stop;0.01;XAUUSD;4 361.19;4 178.91;4 375.63;2026.06.11 14:00:00;4 090.14;;;;cancelled
2026.06.10 13:05:00;Buy Stop;0.01;XAUUSD;4 513.35;4 331.07;4 527.79;2026.06.11 09:05:00;4 085.14;;;;cancelled
2026.06.10 21:50:42;Sell;0.01;XAUUSD;4 099.81;4 047.47;4 009.41;2026.06.11 01:30:36;4 048.45;-0.02;-0.26;51.36;[sl]
2026.06.09 12:15:00;Buy Stop;0.01;XAUUSD;5 591.81;5 459.82;5 623.19;2026.06.10 23:15:00;4 072.27;;;;cancelled
2026.06.10 21:50:06;Sell;0.01;XAUUSD;4 102.00;4 099.40;4 070.85;2026.06.10 23:09:32;4 070.85;-0.02;;31.15;[tp]
2026.06.10 20:44:50;Sell;0.01;XAUUSD;4 101.30;4 098.70;4 070.86;2026.06.10 23:09:31;4 070.86;-0.02;;30.44;[tp]
2026.06.10 20:45:01;Sell;0.01;XAUUSD;4 102.15;4 234.36;4 070.85;2026.06.10 20:46:00;4 104.39;-0.02;;-2.24;
2026.06.08 05:00:00;Buy Stop;0.01;XAUUSD;4 514.40;4 475.66;4 539.36;2026.06.10 17:00:00;4 179.66;;;;cancelled
2026.06.09 07:15:00;Buy Stop;0.01;XAUUSD;4 513.43;4 425.21;4 528.41;2026.06.10 13:15:00;4 160.93;;;;cancelled
2026.06.09 17:05:00;Buy Stop;0.01;XAUUSD;4 513.36;4 331.24;4 527.79;2026.06.10 13:05:00;4 169.46;;;;cancelled
2026.06.08 01:00:02;Buy Stop;0.01;XAUUSD;4 513.19;4 482.82;4 532.37;2026.06.10 08:15:00;4 180.30;;;;cancelled
2026.06.09 18:31:47;Sell;0.01;XAUUSD;4 271.50;4 293.30;4 139.16;2026.06.09 18:45:00;4 280.67;-0.02;;-9.17;
2026.06.09 18:31:50;Sell;0.01;XAUUSD;4 268.14;4 272.33;4 255.85;2026.06.09 18:33:51;4 272.89;-0.02;;-4.75;[sl]
2026.06.09 18:31:48;Sell;0.01;XAUUSD;4 271.50;4 271.50;4 253.08;2026.06.09 18:33:37;4 271.72;-0.02;;-0.22;[sl]
2026.06.09 18:31:49;Sell;0.01;XAUUSD;4 271.01;4 270.51;4 247.27;2026.06.09 18:32:21;4 270.57;-0.02;;0.44;[sl]
2026.06.09 18:31:48;Sell;0.01;XAUUSD;4 271.51;4 270.07;4 257.18;2026.06.09 18:32:14;4 270.18;-0.02;;1.33;[sl]
2026.06.08 21:05:00;Buy Stop;0.01;XAUUSD;4 513.29;4 324.92;4 528.21;2026.06.09 17:05:00;4 329.64;;;;cancelled
2026.06.08 01:00:01;Sell Stop;0.01;XAUUSD;4 102.36;4 238.88;4 069.91;2026.06.09 12:15:00;4 328.39;;;;cancelled
2026.06.08 01:00:01;Buy Stop;0.01;XAUUSD;5 591.61;5 455.09;5 624.06;2026.06.09 12:15:00;4 328.81;;;;cancelled
2026.06.08 01:00:02;Buy Stop;0.01;XAUUSD;4 513.36;4 422.11;4 528.85;2026.06.09 07:15:00;4 332.37;;;;cancelled
2026.06.08 01:00:01;Buy Stop;0.01;XAUUSD;4 513.29;4 324.92;4 528.21;2026.06.08 21:05:00;4 344.08;;;;cancelled
2026.06.05 17:00:00;Buy Stop;0.01;XAUUSD;4 514.41;4 476.03;4 539.15;2026.06.08 05:00:00;4 326.54;;;;cancelled
2026.06.05 16:30:02;Buy Stop;0.01;XAUUSD;4 540.31;4 501.93;4 565.05;2026.06.08 04:45:00;4 326.24;;;;cancelled
2026.06.05 16:30:02;Buy Stop;0.01;XAUUSD;4 513.21;4 483.11;4 532.22;2026.06.08 01:00:02;4 331.01;;;;cancelled
2026.06.05 16:30:02;Buy Stop;0.01;XAUUSD;4 513.38;4 422.97;4 528.73;2026.06.08 01:00:02;4 331.01;;;;cancelled
2026.06.05 18:00:00;Buy Stop;0.01;XAUUSD;4 513.30;4 326.65;4 528.08;2026.06.08 01:00:01;4 331.01;;;;cancelled
2026.06.05 17:00:00;Sell Stop;0.01;XAUUSD;4 102.33;4 237.61;4 070.17;2026.06.08 01:00:01;4 327.53;;;;cancelled
2026.06.05 16:30:01;Buy Stop;0.01;XAUUSD;5 591.66;5 456.38;5 623.82;2026.06.08 01:00:01;4 331.01;;;;cancelled
2026.06.05 16:30:01;Buy Stop;0.01;XAUUSD;4 539.20;4 352.55;4 553.98;2026.06.08 01:00:01;4 331.01;;;;cancelled
2026.06.05 16:59:44;Sell;0.01;XAUUSD;4 369.91;4 367.25;4 337.90;2026.06.05 17:51:56;4 368.16;-0.02;;1.75;[sl]
2026.06.05 16:59:49;Sell;0.01;XAUUSD;4 367.78;4 365.56;4 277.14;2026.06.05 17:51:55;4 366.08;-0.02;;1.70;[sl]
2026.06.05 16:59:46;Sell;0.01;XAUUSD;4 369.27;4 363.73;4 233.45;2026.06.05 17:51:28;4 363.75;-0.02;;5.52;[sl]
2026.06.05 16:59:48;Sell;0.01;XAUUSD;4 369.13;4 358.30;4 295.99;2026.06.05 17:48:13;4 359.39;-0.02;;9.74;[sl]
2026.06.05 16:59:48;Sell;0.01;XAUUSD;4 369.13;4 369.13;4 350.19;2026.06.05 17:34:00;4 350.19;-0.02;;18.94;[tp]
2026.06.05 09:00:00;Buy Stop;0.01;XAUUSD;4 593.06;4 502.65;4 608.41;2026.06.05 13:50:01;4 466.95;;;;cancelled
2026.06.05 02:00:00;Sell Stop;0.01;XAUUSD;4 425.50;4 463.88;4 400.76;2026.06.05 13:50:01;4 466.79;;;;cancelled
2026.06.04 22:00:00;Sell Stop;0.01;XAUUSD;4 425.76;4 456.23;4 406.51;2026.06.05 13:50:01;4 466.73;;;;cancelled
2026.06.04 21:00:00;Sell Stop;0.01;XAUUSD;4 424.93;4 516.47;4 409.39;2026.06.05 13:50:01;4 466.79;;;;cancelled
2026.06.03 13:15:00;Sell Stop;0.01;XAUUSD;4 369.01;4 407.83;4 343.99;2026.06.05 13:50:01;4 466.79;;;;cancelled
2026.06.03 12:00:00;Sell Stop;0.01;XAUUSD;4 369.23;4 399.67;4 350.00;2026.06.05 13:50:01;4 466.73;;;;cancelled
2026.06.03 11:00:00;Buy Stop;0.01;XAUUSD;4 540.29;4 501.47;4 565.31;2026.06.05 13:50:01;4 466.95;;;;cancelled
2026.06.03 08:00:00;Buy Stop;0.01;XAUUSD;4 539.09;4 508.65;4 558.32;2026.06.05 13:50:01;4 466.89;;;;cancelled
2026.06.05 13:00:00;Buy Stop;0.01;XAUUSD;4 513.38;4 422.97;4 528.73;2026.06.05 13:50:00;4 466.95;;;;cancelled
2026.06.05 10:15:00;Buy Stop;0.01;XAUUSD;5 591.66;5 456.38;5 623.82;2026.06.05 13:50:00;4 466.95;;;;cancelled
2026.06.05 04:00:00;Buy Stop;0.01;XAUUSD;4 539.20;4 352.55;4 553.98;2026.06.05 13:50:00;4 466.95;;;;cancelled
2026.06.05 03:00:00;Sell Stop;0.01;XAUUSD;4 425.71;4 612.36;4 410.93;2026.06.05 13:50:00;4 466.79;;;;cancelled
2026.06.04 12:00:00;Sell Stop;0.01;XAUUSD;4 370.10;4 507.06;4 337.54;2026.06.05 13:50:00;4 466.78;;;;cancelled
2026.06.03 01:00:01;Buy Stop;0.01;XAUUSD;4 592.19;4 576.49;4 666.21;2026.06.05 13:50:00;4 466.94;;;;cancelled
2026.06.03 01:00:00;Sell Stop;0.01;XAUUSD;4 368.08;4 390.51;4 276.11;2026.06.05 13:50:00;4 466.78;;;;cancelled
2026.06.02 06:00:00;Buy Stop;0.01;XAUUSD;4 593.98;4 571.31;4 732.84;2026.06.05 13:50:00;4 466.93;;;;cancelled
2026.06.02 01:00:00;Sell Stop;0.01;XAUUSD;4 369.23;4 385.10;4 294.42;2026.06.05 13:50:00;4 466.79;;;;cancelled
2026.05.29 19:00:00;Buy Stop;0.01;XAUUSD;4 772.74;4 750.46;4 909.23;2026.06.05 13:50:00;4 466.93;;;;cancelled
2026.05.29 18:00:00;Sell Stop;0.01;XAUUSD;4 369.30;4 391.58;4 232.81;2026.06.05 13:50:00;4 466.78;;;;cancelled
2026.05.27 15:30:48;Buy Stop;0.01;XAUUSD;4 885.51;4 862.67;4 979.17;2026.06.05 13:50:00;4 466.94;;;;cancelled
2026.06.03 23:15:00;Buy Stop;0.01;XAUUSD;5 591.59;5 454.76;5 624.11;2026.06.05 10:15:00;4 458.76;;;;cancelled
2026.06.04 03:00:00;Buy Stop;0.01;XAUUSD;4 593.04;4 501.50;4 608.58;2026.06.05 09:00:00;4 440.12;;;;cancelled
2026.06.04 09:05:00;Sell Stop;0.01;XAUUSD;4 369.22;4 558.20;4 354.25;2026.06.05 05:05:00;4 449.44;;;;cancelled
2026.06.04 08:00:00;Buy Stop;0.01;XAUUSD;4 539.18;4 350.20;4 554.15;2026.06.05 04:00:00;4 459.62;;;;cancelled
2026.06.03 13:15:00;Sell Stop;0.01;XAUUSD;4 368.41;4 459.86;4 352.88;2026.06.04 19:15:00;4 479.21;;;;cancelled
2026.06.03 01:00:00;Sell Stop;0.01;XAUUSD;4 370.10;4 506.93;4 337.58;2026.06.04 12:00:00;4 463.40;;;;cancelled
2026.06.03 13:05:00;Sell Stop;0.01;XAUUSD;4 369.22;4 558.01;4 354.27;2026.06.04 09:05:00;4 473.77;;;;cancelled
2026.06.03 12:00:00;Buy Stop;0.01;XAUUSD;4 539.18;4 350.39;4 554.13;2026.06.04 08:00:00;4 481.23;;;;cancelled
2026.06.01 19:00:00;Buy Stop;0.01;XAUUSD;4 594.07;4 555.18;4 619.14;2026.06.04 07:00:00;4 464.04;;;;cancelled
2026.06.02 21:00:00;Buy Stop;0.01;XAUUSD;4 593.02;4 500.59;4 608.72;2026.06.04 03:00:00;4 456.98;;;;cancelled
2026.06.02 12:15:00;Sell Stop;0.01;XAUUSD;4 102.41;4 240.70;4 069.54;2026.06.03 23:15:00;4 440.12;;;;cancelled
2026.06.02 12:15:00;Buy Stop;0.01;XAUUSD;5 591.53;5 453.24;5 624.40;2026.06.03 23:15:00;4 440.33;;;;cancelled
2026.06.01 16:00:00;Buy Stop;0.01;XAUUSD;4 592.86;4 562.36;4 612.12;2026.06.03 23:00:00;4 444.00;;;;cancelled
2026.06.02 07:15:00;Sell Stop;0.01;XAUUSD;4 368.43;4 460.86;4 352.73;2026.06.03 13:15:00;4 462.87;;;;cancelled
2026.06.01 01:00:05;Sell Stop;0.01;XAUUSD;4 369.02;4 407.91;4 343.95;2026.06.03 13:15:00;4 462.84;;;;cancelled
2026.06.02 17:05:00;Sell Stop;0.01;XAUUSD;4 369.25;4 560.06;4 354.14;2026.06.03 13:05:00;4 448.08;;;;cancelled
2026.06.03 11:51:41;Sell;0.01;XAUUSD;4 450.35;4 450.35;4 430.97;2026.06.03 12:03:50;4 450.62;-0.02;;-0.27;[sl]
2026.06.03 11:51:46;Sell;0.01;XAUUSD;4 450.13;4 449.61;4 424.89;2026.06.03 12:03:39;4 449.62;-0.02;;0.51;[sl]
2026.06.03 11:51:41;Sell;0.01;XAUUSD;4 450.35;4 448.85;4 435.28;2026.06.03 12:03:28;4 448.91;-0.02;;1.44;[sl]
2026.06.02 16:00:00;Buy Stop;0.01;XAUUSD;4 592.94;4 402.13;4 608.05;2026.06.03 12:00:00;4 444.31;;;;cancelled
2026.06.03 11:51:47;Sell;0.01;XAUUSD;4 449.16;4 447.78;4 433.87;2026.06.03 11:52:04;4 448.16;-0.02;;1.00;[sl]
2026.06.01 01:00:05;Sell Stop;0.01;XAUUSD;4 369.24;4 399.74;4 349.98;2026.06.03 08:15:00;4 473.35;;;;cancelled
2026.05.27 15:30:48;Buy Stop;0.01;XAUUSD;4 770.88;4 754.89;4 846.27;2026.06.03 01:00:01;4 491.73;;;;cancelled
2026.05.27 15:30:48;Sell Stop;0.01;XAUUSD;4 100.38;4 123.22;4 006.72;2026.06.03 01:00:01;4 489.23;;;;cancelled
2026.06.01 15:00:00;Buy Stop;0.01;XAUUSD;4 593.04;4 501.42;4 608.60;2026.06.02 21:00:00;4 485.39;;;;cancelled
2026.06.01 21:05:00;Sell Stop;0.01;XAUUSD;4 369.23;4 558.37;4 354.25;2026.06.02 17:05:00;4 502.22;;;;cancelled
2026.06.01 20:00:00;Buy Stop;0.01;XAUUSD;4 592.96;4 403.82;4 607.94;2026.06.02 16:00:00;4 514.80;;;;cancelled
2026.06.01 01:00:04;Sell Stop;0.01;XAUUSD;4 102.38;4 239.46;4 069.79;2026.06.02 12:15:00;4 533.86;;;;cancelled
2026.06.01 01:00:04;Buy Stop;0.01;XAUUSD;5 591.58;5 454.50;5 624.17;2026.06.02 12:15:00;4 534.05;;;;cancelled
2026.06.01 01:00:04;Sell Stop;0.01;XAUUSD;4 368.41;4 460.03;4 352.85;2026.06.02 07:15:00;4 504.64;;;;cancelled
2026.06.01 01:00:04;Sell Stop;0.01;XAUUSD;4 369.23;4 558.37;4 354.25;2026.06.01 21:05:00;4 486.93;;;;cancelled
2026.05.29 08:00:00;Sell Stop;0.01;XAUUSD;4 369.00;4 407.57;4 344.14;2026.06.01 01:00:05;4 518.82;;;;cancelled
2026.05.29 05:00:00;Sell Stop;0.01;XAUUSD;4 369.22;4 399.46;4 350.12;2026.06.01 01:00:05;4 520.48;;;;cancelled
2026.05.29 09:00:00;Sell Stop;0.01;XAUUSD;4 369.20;4 556.76;4 354.34;2026.06.01 01:00:04;4 518.05;;;;cancelled
2026.05.29 04:00:00;Sell Stop;0.01;XAUUSD;4 368.40;4 459.25;4 352.97;2026.06.01 01:00:04;4 518.82;;;;cancelled
2026.05.29 02:45:00;Sell Stop;0.01;XAUUSD;4 102.35;4 238.29;4 070.04;2026.06.01 01:00:04;4 520.00;;;;cancelled
2026.05.29 02:45:00;Buy Stop;0.01;XAUUSD;5 591.63;5 455.69;5 623.94;2026.06.01 01:00:04;4 520.38;;;;cancelled
2026.05.29 18:05:02;Buy;0.01;XAUUSD;4 580.61;4 558.18;4 719.10;2026.05.29 18:48:48;4 557.99;-0.02;;-22.62;[sl]
2026.05.29 18:04:57;Buy;0.01;XAUUSD;4 578.10;4 578.10;4 597.62;2026.05.29 18:29:59;4 578.07;-0.02;;-0.03;[sl]
2026.05.29 18:04:57;Buy;0.01;XAUUSD;4 578.19;4 579.68;4 593.04;2026.05.29 18:11:14;4 593.04;-0.02;;14.85;[tp]
2026.05.29 18:04:58;Buy;0.01;XAUUSD;4 578.46;4 581.23;4 593.93;2026.05.29 18:11:14;4 593.93;-0.02;;15.47;[tp]
2026.05.29 18:05:02;Buy;0.01;XAUUSD;4 581.60;4 539.73;4 604.75;2026.05.29 18:06:00;4 575.12;-0.02;;-6.48;
2026.05.28 11:35:00;Buy Stop;0.01;XAUUSD;4 578.15;4 387.25;4 593.27;2026.05.29 07:35:00;4 509.08;;;;cancelled
2026.05.27 15:30:48;Sell Stop;0.01;XAUUSD;4 102.44;4 241.79;4 069.32;2026.05.29 02:45:00;4 490.16;;;;cancelled
2026.05.27 15:30:47;Buy Stop;0.01;XAUUSD;5 591.48;5 452.13;5 624.60;2026.05.29 02:45:00;4 490.31;;;;cancelled
2026.05.27 15:30:48;Buy Stop;0.01;XAUUSD;4 578.21;4 485.08;4 594.03;2026.05.28 21:45:00;4 501.82;;;;cancelled
2026.05.27 15:30:48;Buy Stop;0.01;XAUUSD;4 578.13;4 385.86;4 593.36;2026.05.28 11:35:00;4 392.56;;;;cancelled
2026.05.27 14:00:00;Sell Stop;0.01;XAUUSD;4 100.38;4 123.22;4 006.72;2026.05.27 15:24:53;4 454.72;;;;cancelled
2026.05.27 14:00:00;Buy Stop;0.01;XAUUSD;4 579.18;4 556.34;4 719.10;2026.05.27 15:24:52;4 454.93;;;;cancelled
2026.05.27 14:00:00;Sell Stop;0.01;XAUUSD;4 102.44;4 241.79;4 069.32;2026.05.27 15:24:52;4 454.42;;;;cancelled
2026.05.27 04:00:00;Buy Stop;0.01;XAUUSD;4 578.13;4 385.86;4 593.36;2026.05.27 15:24:51;4 454.50;;;;cancelled
2026.05.27 03:00:00;Buy Stop;0.01;XAUUSD;4 579.27;4 539.73;4 604.75;2026.05.27 15:24:51;4 454.65;;;;cancelled
2026.05.26 23:00:00;Buy Stop;0.01;XAUUSD;4 578.05;4 547.31;4 597.47;2026.05.27 15:24:50;4 454.62;;;;cancelled
2026.05.26 22:00:00;Buy Stop;0.01;XAUUSD;4 578.23;4 485.88;4 593.91;2026.05.27 15:24:50;4 454.43;;;;cancelled
2026.05.26 21:05:00;Buy Stop;0.01;XAUUSD;4 586.94;4 396.28;4 602.04;2026.05.27 15:24:50;4 454.52;;;;cancelled
2026.05.26 12:15:00;Buy Stop;0.01;XAUUSD;5 591.53;5 453.35;5 624.38;2026.05.27 15:24:49;4 454.56;;;;cancelled
2026.05.20 18:39:32;Buy Stop;0.01;XAUUSD;4 770.88;4 754.90;4 846.21;2026.05.27 15:24:49;4 454.74;;;;cancelled
2026.05.20 18:39:31;Buy Stop;0.01;XAUUSD;4 885.51;4 862.68;4 979.10;2026.05.27 15:24:48;4 454.68;;;;cancelled
2026.05.20 18:39:31;Buy Stop;0.01;XAUUSD;4 772.71;4 749.88;4 912.53;2026.05.27 15:24:47;4 454.76;;;;cancelled
2026.05.27 13:46:15;Sell;0.01;XAUUSD;4 456.65;4 453.91;4 424.12;2026.05.27 15:19:18;4 454.00;-0.02;;2.65;[sl]
2026.05.27 13:46:17;Sell;0.01;XAUUSD;4 454.49;4 452.21;4 362.30;2026.05.27 15:19:14;4 452.65;-0.02;;1.84;[sl]
2026.05.27 13:46:17;Sell;0.01;XAUUSD;4 454.49;4 448.78;4 319.11;2026.05.27 15:19:10;4 449.46;-0.02;;5.03;[sl]
2026.05.27 13:46:17;Sell;0.01;XAUUSD;4 454.49;4 438.07;4 381.34;2026.05.27 15:18:17;4 438.66;-0.02;;15.83;[sl]
2026.05.27 13:46:17;Sell;0.01;XAUUSD;4 454.49;4 442.62;4 430.65;2026.05.27 14:42:22;4 443.28;-0.02;;11.21;[sl]
2026.05.27 13:46:17;Sell;0.01;XAUUSD;4 454.50;4 454.50;4 436.77;2026.05.27 14:30:34;4 436.77;-0.02;;17.73;[tp]
2026.05.25 02:15:00;Buy Stop;0.01;XAUUSD;4 588.06;4 548.74;4 613.40;2026.05.27 14:15:00;4 451.39;;;;cancelled
2026.05.27 13:46:17;Sell;0.01;XAUUSD;4 454.49;4 452.97;4 441.11;2026.05.27 14:03:32;4 453.15;-0.02;;1.34;[sl]
2026.05.26 07:15:00;Sell Stop;0.01;XAUUSD;4 455.50;4 547.85;4 439.82;2026.05.27 13:15:00;4 485.51;;;;cancelled
2026.05.25 01:00:03;Sell Stop;0.01;XAUUSD;4 456.11;4 495.43;4 430.77;2026.05.27 13:15:00;4 485.47;;;;cancelled
2026.05.26 17:05:00;Sell Stop;0.01;XAUUSD;4 456.32;4 646.98;4 441.22;2026.05.27 13:05:00;4 486.58;;;;cancelled
2026.05.26 01:00:01;Sell Stop;0.01;XAUUSD;4 457.20;4 595.38;4 424.35;2026.05.27 12:15:00;4 491.80;;;;cancelled
2026.05.25 02:15:00;Buy Stop;0.01;XAUUSD;4 586.84;4 556.01;4 606.31;2026.05.27 09:15:00;4 494.29;;;;cancelled
2026.05.25 01:00:03;Sell Stop;0.01;XAUUSD;4 456.34;4 487.17;4 436.87;2026.05.27 08:15:00;4 509.12;;;;cancelled
2026.05.26 01:00:02;Buy Stop;0.01;XAUUSD;4 586.94;4 396.28;4 602.04;2026.05.26 21:05:00;4 488.06;;;;cancelled
2026.05.25 21:05:00;Sell Stop;0.01;XAUUSD;4 456.33;4 647.54;4 441.18;2026.05.26 17:05:00;4 517.37;;;;cancelled
2026.05.25 01:00:01;Sell Stop;0.01;XAUUSD;4 102.41;4 240.99;4 069.47;2026.05.26 12:15:00;4 520.33;;;;cancelled
2026.05.25 01:00:01;Buy Stop;0.01;XAUUSD;5 591.51;5 452.93;5 624.45;2026.05.26 12:15:00;4 520.44;;;;cancelled
2026.05.25 02:15:00;Buy Stop;0.01;XAUUSD;4 587.01;4 494.39;4 602.74;2026.05.26 08:15:00;4 529.53;;;;cancelled
2026.05.25 01:00:02;Sell Stop;0.01;XAUUSD;4 455.50;4 548.12;4 439.77;2026.05.26 07:15:00;4 537.37;;;;cancelled
2026.05.26 02:10:28;Buy;0.01;XAUUSD;4 577.50;4 485.12;4 546.13;2026.05.26 03:19:39;4 546.13;-0.02;;-31.37;[tp]
2026.05.26 02:10:28;Buy;0.01;XAUUSD;4 577.51;4 546.66;4 596.71;2026.05.26 03:18:56;4 543.89;-0.02;;-33.62;[sl]
2026.05.25 02:05:00;Buy Stop;0.01;XAUUSD;4 586.93;4 395.72;4 602.08;2026.05.26 01:00:02;4 571.11;;;;cancelled
2026.05.20 18:39:32;Sell Stop;0.01;XAUUSD;4 100.38;4 123.21;4 006.79;2026.05.26 01:00:02;4 568.84;;;;cancelled
2026.05.25 01:00:02;Sell Stop;0.01;XAUUSD;4 456.33;4 647.54;4 441.18;2026.05.25 21:05:00;4 568.97;;;;cancelled
2026.05.25 02:00:13;Buy;0.01;XAUUSD;4 569.16;4 569.16;4 587.75;2026.05.25 02:58:34;4 568.91;-0.02;;-0.25;[sl]
2026.05.25 02:00:13;Buy;0.01;XAUUSD;4 570.00;4 570.52;4 594.84;2026.05.25 02:57:12;4 569.75;-0.02;;-0.25;[sl]
2026.05.25 02:00:13;Buy;0.01;XAUUSD;4 569.15;4 570.55;4 584.18;2026.05.25 02:57:12;4 569.74;-0.02;;0.59;[sl]
2026.05.25 02:00:13;Buy;0.01;XAUUSD;4 569.15;4 570.66;4 583.52;2026.05.25 02:57:12;4 569.74;-0.02;;0.59;[sl]
2026.05.22 02:00:00;Buy Stop;0.01;XAUUSD;4 568.28;4 537.44;4 587.76;2026.05.25 01:00:03;4 537.70;;;;cancelled
2026.05.21 04:00:00;Sell Stop;0.01;XAUUSD;4 456.30;4 486.71;4 437.09;2026.05.25 01:00:03;4 533.71;;;;cancelled
2026.05.20 18:39:33;Buy Stop;0.01;XAUUSD;4 586.83;4 555.85;4 606.40;2026.05.25 01:00:03;4 537.70;;;;cancelled
2026.05.20 18:39:33;Buy Stop;0.01;XAUUSD;4 588.06;4 548.55;4 613.52;2026.05.25 01:00:03;4 537.70;;;;cancelled
2026.05.22 09:00:00;Sell Stop;0.01;XAUUSD;4 455.50;4 548.13;4 439.77;2026.05.25 01:00:02;4 533.71;;;;cancelled
2026.05.22 05:00:00;Buy Stop;0.01;XAUUSD;4 569.50;4 530.18;4 594.84;2026.05.25 01:00:02;4 537.70;;;;cancelled
2026.05.22 04:00:00;Sell Stop;0.01;XAUUSD;4 456.33;4 647.56;4 441.18;2026.05.25 01:00:02;4 533.71;;;;cancelled
2026.05.22 01:00:01;Buy Stop;0.01;XAUUSD;4 568.45;4 475.82;4 584.18;2026.05.25 01:00:02;4 537.70;;;;cancelled
2026.05.21 07:00:00;Sell Stop;0.01;XAUUSD;4 456.08;4 494.87;4 431.08;2026.05.25 01:00:02;4 533.71;;;;cancelled
2026.05.22 06:00:00;Buy Stop;0.01;XAUUSD;4 568.37;4 377.14;4 583.52;2026.05.25 01:00:01;4 536.62;;;;cancelled
2026.05.22 05:45:00;Sell Stop;0.01;XAUUSD;4 102.42;4 241.02;4 069.47;2026.05.25 01:00:01;4 531.32;;;;cancelled
2026.05.22 05:45:00;Buy Stop;0.01;XAUUSD;5 591.51;5 452.91;5 624.46;2026.05.25 01:00:01;4 535.65;;;;cancelled
2026.05.21 14:40:00;Buy Stop;0.01;XAUUSD;4 586.96;4 398.33;4 601.90;2026.05.22 10:40:00;4 517.61;;;;cancelled
2026.05.21 03:00:00;Sell Stop;0.01;XAUUSD;4 455.48;4 546.85;4 439.96;2026.05.22 09:00:00;4 511.44;;;;cancelled
2026.05.20 18:39:31;Sell Stop;0.01;XAUUSD;4 102.43;4 241.68;4 069.33;2026.05.22 05:45:00;4 522.63;;;;cancelled
2026.05.20 18:39:31;Buy Stop;0.01;XAUUSD;5 591.48;5 452.23;5 624.58;2026.05.22 05:45:00;4 522.89;;;;cancelled
2026.05.21 08:00:00;Sell Stop;0.01;XAUUSD;4 456.29;4 644.92;4 441.35;2026.05.22 04:00:00;4 526.30;;;;cancelled
2026.05.20 18:39:32;Buy Stop;0.01;XAUUSD;4 587.00;4 493.93;4 602.80;2026.05.22 01:00:01;4 545.91;;;;cancelled
2026.05.20 18:39:32;Buy Stop;0.01;XAUUSD;4 586.92;4 394.78;4 602.14;2026.05.21 14:40:00;4 510.98;;;;cancelled
2026.05.20 05:00:00;Buy Stop;0.01;XAUUSD;4 586.92;4 394.78;4 602.14;2026.05.20 18:38:44;4 537.34;;;;cancelled
2026.05.19 12:15:00;Sell Stop;0.01;XAUUSD;4 102.40;4 240.54;4 069.56;2026.05.20 18:38:44;4 537.52;;;;cancelled
2026.05.20 04:00:00;Buy Stop;0.01;XAUUSD;4 588.06;4 548.55;4 613.52;2026.05.20 18:38:43;4 537.49;;;;cancelled
2026.05.20 01:00:00;Buy Stop;0.01;XAUUSD;4 586.83;4 555.85;4 606.40;2026.05.20 18:38:43;4 537.63;;;;cancelled
2026.05.19 23:00:00;Buy Stop;0.01;XAUUSD;4 587.02;4 494.69;4 602.70;2026.05.20 18:38:42;4 537.72;;;;cancelled
2026.05.19 12:15:00;Buy Stop;0.01;XAUUSD;5 591.53;5 453.39;5 624.37;2026.05.20 18:38:41;4 537.90;;;;cancelled
2026.05.18 04:00:00;Sell Stop;0.03;XAUUSD;4 100.41;4 123.67;4 005.06;2026.05.20 18:38:41;4 537.89;;;;cancelled
2026.05.18 01:00:06;Buy Stop;0.02;XAUUSD;4 770.80;4 754.38;4 848.20;2026.05.20 18:38:40;4 537.74;;;;cancelled
2026.05.18 01:00:05;Buy Stop;0.03;XAUUSD;4 885.40;4 861.94;4 981.57;2026.05.20 18:38:39;4 537.95;;;;cancelled
2026.05.13 14:00:00;Buy Stop;0.01;XAUUSD;4 772.67;4 748.99;4 917.70;2026.05.20 18:38:37;4 535.91;;;;cancelled
2026.05.18 01:00:09;Buy Stop;0.01;XAUUSD;4 717.72;4 677.47;4 743.66;2026.05.20 13:15:00;4 488.25;;;;cancelled
2026.05.19 17:05:00;Buy Stop;0.01;XAUUSD;4 716.62;4 526.02;4 731.72;2026.05.20 13:05:00;4 486.13;;;;cancelled
2026.05.18 01:00:10;Buy Stop;0.01;XAUUSD;4 716.46;4 684.90;4 736.39;2026.05.20 08:15:00;4 469.62;;;;cancelled
2026.05.18 21:05:00;Buy Stop;0.01;XAUUSD;4 716.56;4 520.83;4 732.06;2026.05.19 17:05:00;4 511.68;;;;cancelled
2026.05.19 16:31:21;Sell;0.01;XAUUSD;4 481.04;4 503.85;4 344.34;2026.05.19 16:54:52;4 504.65;-0.02;;-23.61;[sl]
2026.05.19 16:31:21;Sell;0.01;XAUUSD;4 481.53;4 481.01;4 457.49;2026.05.19 16:32:51;4 482.15;-0.02;;-0.62;[sl]
2026.05.19 16:31:21;Sell;0.01;XAUUSD;4 481.03;4 481.03;4 463.56;2026.05.19 16:32:51;4 482.16;-0.02;;-1.13;[sl]
2026.05.19 16:31:21;Sell;0.01;XAUUSD;4 481.03;4 577.00;4 466.09;2026.05.19 16:31:46;4 466.09;-0.02;;14.94;[tp]
2026.05.19 16:31:21;Sell;0.01;XAUUSD;4 481.04;4 673.56;4 467.86;2026.05.19 16:31:41;4 467.86;-0.02;;13.18;[tp]
2026.05.18 01:00:09;Sell Stop;0.01;XAUUSD;4 102.50;4 244.36;4 068.78;2026.05.19 12:15:00;4 539.42;;;;cancelled
2026.05.18 01:00:09;Buy Stop;0.01;XAUUSD;5 591.36;5 449.50;5 625.08;2026.05.19 12:15:00;4 539.58;;;;cancelled
2026.05.18 01:00:09;Buy Stop;0.01;XAUUSD;4 771.70;4 676.89;4 787.80;2026.05.19 07:15:00;4 540.45;;;;cancelled
2026.05.18 01:00:09;Buy Stop;0.01;XAUUSD;4 716.56;4 520.83;4 732.06;2026.05.18 21:05:00;4 545.87;;;;cancelled
2026.05.18 09:26:00;Balance;;;;;;;;;;-3 000.00;Withdrawal
2026.05.18 03:33:58;Sell;0.01;XAUUSD;4 503.34;4 497.53;4 361.41;2026.05.18 03:56:34;4 498.39;-0.02;;4.95;[sl]
2026.05.18 03:33:58;Sell;0.03;XAUUSD;4 501.01;4 498.68;4 406.41;2026.05.18 03:56:34;4 500.64;-0.06;;1.11;[sl]
2026.05.18 03:33:58;Sell;0.01;XAUUSD;4 503.34;4 503.34;4 483.83;2026.05.18 03:36:12;4 505.51;-0.02;;-2.17;[sl]
2026.05.18 03:33:58;Sell;0.02;XAUUSD;4 503.35;4 503.35;4 426.34;2026.05.18 03:36:12;4 505.51;-0.04;;-4.32;[sl]
2026.05.15 03:25:18;Sell;0.01;XAUUSD;4 639.79;4 576.17;4 496.72;2026.05.18 03:34:12;4 496.72;-0.02;-0.09;143.07;[tp]
2026.05.15 18:00:00;Sell Stop;0.01;XAUUSD;4 503.79;4 535.62;4 483.69;2026.05.18 01:00:10;4 533.89;;;;cancelled
2026.05.15 08:00:00;Buy Stop;0.01;XAUUSD;4 716.44;4 684.61;4 736.54;2026.05.18 01:00:10;4 537.11;;;;cancelled
2026.05.15 12:00:00;Buy Stop;0.01;XAUUSD;4 716.54;4 519.14;4 732.18;2026.05.18 01:00:09;4 537.44;;;;cancelled
2026.05.15 11:00:00;Buy Stop;0.01;XAUUSD;4 717.71;4 677.12;4 743.87;2026.05.18 01:00:09;4 537.10;;;;cancelled
2026.05.15 11:00:00;Buy Stop;0.01;XAUUSD;4 771.69;4 676.07;4 787.93;2026.05.18 01:00:09;4 537.33;;;;cancelled
2026.05.15 10:15:00;Buy Stop;0.01;XAUUSD;5 591.31;5 448.25;5 625.32;2026.05.18 01:00:09;4 541.27;;;;cancelled
2026.05.08 16:30:01;Sell Stop;0.01;XAUUSD;4 503.87;4 527.33;4 360.20;2026.05.18 01:00:09;4 540.07;;;;cancelled
2026.05.08 16:30:01;Buy Stop;0.01;XAUUSD;4 888.22;4 864.76;5 031.89;2026.05.18 01:00:09;4 537.40;;;;cancelled
2026.05.15 10:15:00;Sell Stop;0.01;XAUUSD;4 102.53;4 245.59;4 068.52;2026.05.18 01:00:08;4 540.07;;;;cancelled
2026.05.08 16:30:01;Sell Stop;0.01;XAUUSD;4 503.75;4 520.17;4 426.34;2026.05.18 01:00:07;4 540.11;;;;cancelled
2026.05.15 01:00:06;Buy Stop;0.01;XAUUSD;4 770.80;4 754.38;4 848.20;2026.05.18 01:00:06;4 541.62;;;;cancelled
2026.05.08 16:30:01;Buy Stop;0.01;XAUUSD;4 885.40;4 861.94;4 981.57;2026.05.18 01:00:05;4 532.83;;;;cancelled
2026.05.08 16:30:01;Sell Stop;0.01;XAUUSD;4 502.58;4 526.04;4 406.41;2026.05.18 01:00:04;4 529.22;;;;cancelled
2026.05.16 18:55:50;Balance;;;;;;;;;;2 998.97;Deposit
2026.05.13 11:00:00;Sell Stop;0.01;XAUUSD;4 503.82;4 535.95;4 483.52;2026.05.15 18:00:00;4 562.77;;;;cancelled
2026.05.14 21:05:00;Buy Stop;0.01;XAUUSD;4 771.59;4 573.21;4 787.30;2026.05.15 17:05:00;4 533.15;;;;cancelled
2026.05.13 04:00:00;Buy Stop;0.01;XAUUSD;4 772.76;4 731.78;4 799.17;2026.05.15 16:00:00;4 546.63;;;;cancelled
2026.05.14 05:00:00;Buy Stop;0.01;XAUUSD;4 771.67;4 675.58;4 787.99;2026.05.15 11:00:00;4 572.13;;;;cancelled
2026.05.13 23:15:00;Sell Stop;0.01;XAUUSD;4 102.57;4 247.00;4 068.24;2026.05.15 10:15:00;4 586.01;;;;cancelled
2026.05.13 23:15:00;Buy Stop;0.01;XAUUSD;5 591.25;5 446.82;5 625.58;2026.05.15 10:15:00;4 586.14;;;;cancelled
2026.05.13 01:02:41;Buy Stop;0.01;XAUUSD;4 771.48;4 739.35;4 791.78;2026.05.15 08:15:00;4 592.21;;;;cancelled
2026.05.15 03:25:18;Sell;0.01;XAUUSD;4 639.79;4 625.12;4 614.37;2026.05.15 03:41:44;4 614.37;-0.02;;25.42;[tp]
2026.05.15 03:25:18;Sell;0.01;XAUUSD;4 639.79;4 639.79;4 620.72;2026.05.15 03:39:21;4 620.72;-0.02;;19.07;[tp]
2026.05.15 03:25:18;Sell;0.01;XAUUSD;4 639.31;4 637.87;4 623.81;2026.05.15 03:30:54;4 623.81;-0.02;;15.50;[tp]
2026.05.15 03:25:18;Sell;0.01;XAUUSD;4 639.79;4 638.23;4 625.28;2026.05.15 03:30:54;4 625.28;-0.02;;14.51;[tp]
2026.05.12 03:00:00;Buy Stop;0.01;XAUUSD;4 886.35;4 869.97;4 963.59;2026.05.15 01:00:06;4 653.40;;;;cancelled
2026.05.14 01:00:02;Buy Stop;0.01;XAUUSD;4 771.59;4 573.21;4 787.30;2026.05.14 21:05:00;4 670.46;;;;cancelled
2026.05.13 15:00:00;Sell Stop;0.01;XAUUSD;4 640.14;4 736.67;4 623.75;2026.05.14 21:00:00;4 678.12;;;;cancelled
2026.05.13 20:00:00;Sell Stop;0.01;XAUUSD;4 641.00;4 840.29;4 625.21;2026.05.14 16:00:00;4 704.76;;;;cancelled
2026.05.12 23:00:00;Buy Stop;0.01;XAUUSD;4 771.69;4 676.27;4 787.89;2026.05.14 05:00:00;4 688.86;;;;cancelled
2026.05.13 05:00:00;Buy Stop;0.01;XAUUSD;4 771.58;4 572.29;4 787.37;2026.05.14 01:00:02;4 694.62;;;;cancelled
2026.05.12 12:15:00;Sell Stop;0.01;XAUUSD;4 102.52;4 245.30;4 068.58;2026.05.13 23:15:00;4 690.85;;;;cancelled
2026.05.12 12:15:00;Buy Stop;0.01;XAUUSD;5 591.32;5 448.54;5 625.26;2026.05.13 23:15:00;4 691.00;;;;cancelled
2026.05.11 04:45:00;Sell Stop;0.01;XAUUSD;4 503.55;4 544.04;4 477.46;2026.05.13 16:45:00;4 678.79;;;;cancelled
2026.05.12 18:25:00;Sell Stop;0.01;XAUUSD;4 503.77;4 700.77;4 488.17;2026.05.13 14:25:00;4 698.59;;;;cancelled
2026.05.11 04:00:00;Sell Stop;0.01;XAUUSD;4 503.78;4 535.53;4 483.73;2026.05.13 11:00:00;4 702.69;;;;cancelled
2026.05.12 18:22:47;Sell;0.01;XAUUSD;4 650.25;4 650.25;4 630.77;2026.05.12 18:25:36;4 650.26;-0.02;;-0.01;[sl]
2026.05.12 18:22:47;Sell;0.01;XAUUSD;4 650.25;4 649.71;4 624.49;2026.05.12 18:25:35;4 650.06;-0.02;;0.19;[sl]
2026.05.12 18:22:47;Sell;0.01;XAUUSD;4 650.24;4 648.68;4 635.22;2026.05.12 18:25:33;4 649.17;-0.02;;1.07;[sl]
2026.05.12 18:22:47;Sell;0.01;XAUUSD;4 649.34;4 647.90;4 633.77;2026.05.12 18:25:33;4 648.71;-0.02;;0.63;[sl]
2026.05.11 21:05:00;Sell Stop;0.01;XAUUSD;4 503.77;4 700.65;4 488.18;2026.05.12 17:05:00;4 690.61;;;;cancelled
2026.05.11 01:00:02;Sell Stop;0.01;XAUUSD;4 102.52;4 245.21;4 068.60;2026.05.12 12:15:00;4 697.87;;;;cancelled
2026.05.11 01:00:02;Buy Stop;0.01;XAUUSD;5 591.33;5 448.64;5 625.25;2026.05.12 12:15:00;4 698.02;;;;cancelled
2026.05.11 04:00:00;Sell Stop;0.01;XAUUSD;4 502.92;4 598.29;4 486.73;2026.05.12 10:00:00;4 696.90;;;;cancelled
2026.05.12 02:52:19;Buy;0.01;XAUUSD;4 764.81;4 741.26;4 906.92;2026.05.12 04:25:56;4 741.05;-0.02;;-23.76;[sl]
2026.05.12 02:52:19;Buy;0.01;XAUUSD;4 762.68;4 762.68;4 839.01;2026.05.12 03:23:10;4 762.32;-0.02;;-0.36;[sl]
2026.05.12 02:52:19;Buy;0.01;XAUUSD;4 763.26;4 764.82;4 778.16;2026.05.12 03:22:36;4 764.52;-0.02;;1.26;[sl]
2026.05.12 02:52:19;Buy;0.01;XAUUSD;4 764.80;4 765.34;4 789.82;2026.05.12 03:22:35;4 765.17;-0.02;;0.37;[sl]
2026.05.12 02:52:19;Buy;0.01;XAUUSD;4 763.26;4 763.26;4 782.52;2026.05.12 03:00:48;4 763.04;-0.02;;-0.22;[sl]
2026.05.12 02:52:19;Buy;0.01;XAUUSD;4 763.27;4 764.71;4 778.84;2026.05.12 03:00:23;4 764.44;-0.02;;1.17;[sl]
2026.05.08 16:30:01;Buy Stop;0.01;XAUUSD;4 886.34;4 869.92;4 963.75;2026.05.12 01:00:01;4 738.17;;;;cancelled
2026.05.11 01:00:03;Sell Stop;0.01;XAUUSD;4 503.77;4 700.65;4 488.18;2026.05.11 21:05:00;4 724.34;;;;cancelled
2026.05.11 01:00:03;Buy Stop;0.01;XAUUSD;4 762.57;4 565.69;4 778.16;2026.05.11 21:05:00;4 724.49;;;;cancelled
2026.05.11 03:52:46;Sell;0.01;XAUUSD;4 678.16;4 678.16;4 658.29;2026.05.11 08:34:00;4 678.65;-0.02;;-0.49;[sl]
2026.05.11 03:52:46;Sell;0.01;XAUUSD;4 678.04;4 677.50;4 652.02;2026.05.11 08:33:54;4 677.73;-0.02;;0.31;[sl]
2026.05.11 03:52:46;Sell;0.01;XAUUSD;4 678.15;4 676.59;4 662.74;2026.05.11 08:33:33;4 676.82;-0.02;;1.33;[sl]
2026.05.11 03:52:47;Sell;0.01;XAUUSD;4 677.10;4 675.66;4 661.29;2026.05.11 07:26:21;4 675.73;-0.02;;1.37;[sl]
2026.05.08 19:00:00;Buy Stop;0.01;XAUUSD;4 763.73;4 723.13;4 789.89;2026.05.11 07:00:00;4 678.96;;;;cancelled
2026.05.08 16:30:02;Sell Stop;0.01;XAUUSD;4 503.56;4 544.16;4 477.40;2026.05.11 04:45:00;4 694.68;;;;cancelled
2026.05.11 03:19:58;Sell;0.01;XAUUSD;4 678.10;4 709.99;4 658.29;2026.05.11 03:30:01;4 684.87;-0.02;;-6.77;
2026.05.11 03:19:58;Sell;0.01;XAUUSD;4 678.09;4 718.60;4 652.02;2026.05.11 03:30:00;4 684.87;-0.02;;-6.78;
2026.05.11 03:19:59;Sell;0.01;XAUUSD;4 677.78;4 874.80;4 662.74;2026.05.11 03:30:00;4 684.84;-0.02;;-7.06;
2026.05.11 03:20:04;Sell;0.01;XAUUSD;4 676.67;4 772.85;4 661.29;2026.05.11 03:21:00;4 682.16;-0.02;;-5.49;
2026.05.11 03:17:11;Sell;0.01;XAUUSD;4 677.91;4 709.81;4 658.24;2026.05.11 03:18:06;4 679.82;-0.02;;-1.91;
2026.05.11 03:17:11;Sell;0.01;XAUUSD;4 677.91;4 718.55;4 652.02;2026.05.11 03:18:05;4 679.86;-0.02;;-1.95;
2026.05.11 03:17:11;Sell;0.01;XAUUSD;4 677.92;4 874.95;4 662.74;2026.05.11 03:18:04;4 680.26;-0.02;;-2.34;
2026.05.08 21:00:00;Sell Stop;0.01;XAUUSD;4 677.48;4 773.11;4 661.24;2026.05.11 01:00:03;4 681.29;;;;cancelled
2026.05.08 16:30:02;Sell Stop;0.01;XAUUSD;4 503.79;4 535.62;4 483.68;2026.05.11 01:00:03;4 681.29;;;;cancelled
2026.05.08 16:30:02;Buy Stop;0.01;XAUUSD;4 762.46;4 730.63;4 782.57;2026.05.11 01:00:03;4 684.67;;;;cancelled
2026.05.08 16:30:02;Sell Stop;0.01;XAUUSD;4 502.92;4 598.55;4 486.68;2026.05.11 01:00:03;4 681.29;;;;cancelled
2026.05.08 16:30:02;Buy Stop;0.01;XAUUSD;4 762.64;4 667.01;4 778.88;2026.05.11 01:00:03;4 684.67;;;;cancelled
2026.05.08 20:00:00;Buy Stop;0.01;XAUUSD;4 762.56;4 565.14;4 778.20;2026.05.11 01:00:02;4 684.67;;;;cancelled
2026.05.08 16:30:02;Sell Stop;0.01;XAUUSD;4 102.53;4 245.61;4 068.52;2026.05.11 01:00:02;4 681.28;;;;cancelled
2026.05.08 16:30:01;Buy Stop;0.01;XAUUSD;5 591.31;5 448.23;5 625.32;2026.05.11 01:00:02;4 684.67;;;;cancelled
2026.05.08 16:30:01;Sell Stop;0.01;XAUUSD;4 503.77;4 701.19;4 488.13;2026.05.11 01:00:02;4 681.29;;;;cancelled
2026.05.08 01:00:03;Sell Stop;0.01;XAUUSD;4 503.79;4 535.62;4 483.68;2026.05.08 13:50:03;4 719.64;;;;cancelled
2026.05.08 09:00:00;Sell Stop;0.01;XAUUSD;4 503.77;4 701.19;4 488.13;2026.05.08 13:50:02;4 719.65;;;;cancelled
2026.05.08 08:00:00;Sell Stop;0.01;XAUUSD;4 503.56;4 544.16;4 477.40;2026.05.08 13:50:02;4 719.65;;;;cancelled
2026.05.08 04:00:00;Sell Stop;0.01;XAUUSD;4 502.92;4 598.55;4 486.68;2026.05.08 13:50:02;4 719.65;;;;cancelled
2026.05.07 01:00:01;Sell Stop;0.01;XAUUSD;4 503.68;4 519.63;4 428.47;2026.05.08 13:50:02;4 719.71;;;;cancelled
2026.05.08 01:00:03;Sell Stop;0.01;XAUUSD;4 502.58;4 526.04;4 406.41;2026.05.08 13:50:01;4 719.62;;;;cancelled
2026.05.06 06:00:00;Sell Stop;0.01;XAUUSD;4 503.77;4 526.38;4 365.27;2026.05.08 13:50:01;4 719.78;;;;cancelled
2026.04.23 01:00:01;Buy Stop;0.01;XAUUSD;4 885.38;4 861.78;4 982.14;2026.05.08 13:50:01;4 719.92;;;;cancelled
2026.04.22 01:00:00;Buy Stop;0.01;XAUUSD;4 886.26;4 869.38;4 965.82;2026.05.08 13:50:01;4 719.84;;;;cancelled
2026.05.08 10:00:00;Sell Stop;0.01;XAUUSD;4 102.53;4 245.61;4 068.52;2026.05.08 13:50:00;4 719.99;;;;cancelled
2026.05.08 10:00:00;Buy Stop;0.01;XAUUSD;5 591.31;5 448.23;5 625.32;2026.05.08 13:50:00;4 720.06;;;;cancelled
2026.05.07 02:00:00;Buy Stop;0.01;XAUUSD;4 888.25;4 865.46;5 027.85;2026.05.08 13:50:00;4 720.03;;;;cancelled
2026.05.06 23:00:00;Sell Stop;0.01;XAUUSD;4 102.40;4 240.34;4 069.61;2026.05.08 10:00:00;4 725.43;;;;cancelled
2026.05.06 23:00:00;Buy Stop;0.01;XAUUSD;5 591.54;5 453.60;5 624.33;2026.05.08 10:00:00;4 725.58;;;;cancelled
2026.05.07 13:00:00;Sell Stop;0.01;XAUUSD;4 503.69;4 695.52;4 488.50;2026.05.08 09:00:00;4 727.82;;;;cancelled
2026.05.05 20:00:00;Sell Stop;0.01;XAUUSD;4 503.52;4 543.61;4 477.69;2026.05.08 08:00:00;4 711.10;;;;cancelled
2026.05.06 22:00:00;Sell Stop;0.01;XAUUSD;4 502.85;4 595.04;4 487.19;2026.05.08 04:00:00;4 701.35;;;;cancelled
2026.05.06 03:00:00;Sell Stop;0.01;XAUUSD;4 100.36;4 122.97;4 007.65;2026.05.08 01:00:03;4 679.00;;;;cancelled
2026.05.05 17:00:00;Sell Stop;0.01;XAUUSD;4 503.75;4 535.18;4 483.90;2026.05.08 01:00:03;4 678.48;;;;cancelled
2026.05.06 17:00:00;Sell Stop;0.01;XAUUSD;4 503.67;4 693.99;4 488.59;2026.05.07 13:00:00;4 728.27;;;;cancelled
2026.04.29 02:00:00;Buy Stop;0.01;XAUUSD;4 888.22;4 864.81;5 031.62;2026.05.07 02:00:00;4 695.03;;;;cancelled
2026.05.05 12:00:00;Sell Stop;0.01;XAUUSD;4 102.49;4 243.77;4 068.91;2026.05.06 23:00:00;4 692.38;;;;cancelled
2026.05.05 12:00:00;Buy Stop;0.01;XAUUSD;5 591.39;5 450.11;5 624.97;2026.05.06 23:00:00;4 692.53;;;;cancelled
2026.05.05 16:00:00;Sell Stop;0.01;XAUUSD;4 502.90;4 597.33;4 486.87;2026.05.06 22:00:00;4 686.06;;;;cancelled
2026.05.05 21:00:00;Sell Stop;0.01;XAUUSD;4 503.74;4 698.68;4 488.30;2026.05.06 17:00:00;4 702.19;;;;cancelled
2026.05.06 08:56:29;Buy;0.01;XAUUSD;4 659.36;4 685.09;4 800.90;2026.05.06 15:01:46;4 684.96;-0.02;;25.60;[sl]
2026.05.06 08:56:29;Buy;0.01;XAUUSD;4 659.36;4 659.88;4 684.92;2026.05.06 10:14:06;4 659.67;-0.02;;0.31;[sl]
2026.05.06 08:56:25;Buy;0.01;XAUUSD;4 657.95;4 657.95;4 677.71;2026.05.06 09:05:17;4 657.84;-0.02;;-0.11;[sl]
2026.05.06 08:56:26;Buy;0.01;XAUUSD;4 658.14;4 659.53;4 674.09;2026.05.06 09:04:51;4 659.42;-0.02;;1.28;[sl]
2026.05.06 08:56:26;Buy;0.01;XAUUSD;4 658.08;4 659.59;4 673.42;2026.05.06 09:04:50;4 659.46;-0.02;;1.38;[sl]
2026.04.16 02:00:01;Sell Stop;0.01;XAUUSD;4 100.47;4 124.67;4 001.26;2026.05.06 03:00:00;4 595.19;;;;cancelled
2026.05.04 14:00:00;Buy Stop;0.01;XAUUSD;4 658.07;4 563.81;4 674.08;2026.05.05 20:00:00;4 561.35;;;;cancelled
2026.05.04 19:00:00;Buy Stop;0.01;XAUUSD;4 657.98;4 463.38;4 673.39;2026.05.05 15:00:00;4 563.22;;;;cancelled
2026.05.04 01:00:00;Sell Stop;0.01;XAUUSD;4 102.48;4 243.52;4 068.95;2026.05.05 12:00:00;4 558.87;;;;cancelled
2026.05.04 01:00:00;Buy Stop;0.01;XAUUSD;5 591.40;5 450.36;5 624.93;2026.05.05 12:00:00;4 559.01;;;;cancelled
2026.05.04 19:07:58;Sell;0.01;XAUUSD;4 509.84;4 704.57;4 544.47;2026.05.05 08:55:16;4 544.47;-0.02;-0.09;-34.63;[tp]
2026.05.04 19:07:58;Sell;0.01;XAUUSD;4 510.53;4 550.68;4 486.97;2026.05.05 08:35:18;4 550.90;-0.02;-0.09;-40.37;[sl]
2026.05.04 19:07:59;Sell;0.01;XAUUSD;4 509.84;4 604.23;4 541.86;2026.05.05 05:54:52;4 541.86;-0.02;-0.09;-32.02;[tp]
2026.05.04 19:07:58;Sell;0.01;XAUUSD;4 509.85;4 541.36;4 493.17;2026.05.05 04:37:10;4 541.43;-0.02;-0.09;-31.58;[sl]
2026.05.04 18:51:30;Sell;0.01;XAUUSD;4 512.45;4 535.71;4 373.84;2026.05.05 04:05:01;4 535.76;-0.02;-0.09;-23.31;[sl]
2026.05.04 19:07:58;Sell;0.01;XAUUSD;4 510.54;4 526.85;4 436.65;2026.05.04 19:21:16;4 527.15;-0.02;;-16.61;[sl]
2026.05.04 18:51:30;Sell;0.01;XAUUSD;4 512.45;4 512.45;4 493.17;2026.05.04 19:11:42;4 512.46;-0.02;;-0.01;[sl]
2026.05.04 18:51:30;Sell;0.01;XAUUSD;4 512.45;4 511.92;4 486.97;2026.05.04 19:11:41;4 511.97;-0.02;;0.48;[sl]
2026.05.04 18:51:30;Sell;0.01;XAUUSD;4 512.45;4 510.91;4 497.56;2026.05.04 19:11:26;4 511.15;-0.02;;1.30;[sl]
2026.05.04 18:51:30;Sell;0.01;XAUUSD;4 512.46;4 528.79;4 436.65;2026.05.04 18:53:43;4 529.90;-0.02;;-17.44;[sl]
2026.05.04 13:03:52;Sell;0.01;XAUUSD;4 559.69;4 546.65;4 536.86;2026.05.04 13:18:20;4 536.86;-0.02;;22.83;[tp]
2026.05.04 13:03:52;Sell;0.01;XAUUSD;4 562.00;4 562.00;4 543.06;2026.05.04 13:09:17;4 543.06;-0.02;;18.94;[tp]
2026.05.01 19:00:00;Sell Stop;0.01;XAUUSD;4 512.10;4 604.74;4 496.37;2026.05.04 01:00:01;4 631.28;;;;cancelled
2026.05.01 17:15:00;Buy Stop;0.01;XAUUSD;4 887.12;4 856.28;4 906.60;2026.05.04 01:00:01;4 632.22;;;;cancelled
2026.04.30 17:00:00;Sell Stop;0.01;XAUUSD;4 512.74;4 552.52;4 487.10;2026.05.04 01:00:01;4 631.28;;;;cancelled
2026.04.30 14:00:00;Sell Stop;0.01;XAUUSD;4 512.97;4 544.16;4 493.27;2026.05.04 01:00:01;4 628.51;;;;cancelled
2026.05.01 14:00:00;Sell Stop;0.01;XAUUSD;4 512.93;4 704.18;4 497.78;2026.05.04 01:00:00;4 631.28;;;;cancelled
2026.05.01 10:15:00;Sell Stop;0.01;XAUUSD;4 102.42;4 241.03;4 069.47;2026.05.04 01:00:00;4 631.28;;;;cancelled
2026.05.01 10:00:00;Buy Stop;0.01;XAUUSD;5 591.51;5 452.90;5 624.46;2026.05.04 01:00:00;4 634.73;;;;cancelled
2026.04.30 13:00:00;Sell Stop;0.01;XAUUSD;4 512.12;4 605.82;4 496.21;2026.05.01 19:00:00;4 642.78;;;;cancelled
2026.05.01 17:12:18;Buy;0.01;XAUUSD;4 646.24;4 646.76;4 671.02;2026.05.01 17:13:20;4 656.92;-0.02;;10.68;
2026.05.01 17:12:18;Buy;0.01;XAUUSD;4 646.23;4 646.23;4 663.94;2026.05.01 17:13:20;4 656.92;-0.02;;10.69;
2026.05.01 17:12:18;Buy;0.01;XAUUSD;4 646.24;4 647.75;4 659.70;2026.05.01 17:13:19;4 656.61;-0.02;;10.37;
2026.05.01 17:12:18;Buy;0.01;XAUUSD;4 646.24;4 648.18;4 660.36;2026.05.01 17:13:19;4 656.94;-0.02;;10.70;
2026.04.29 08:15:00;Buy Stop;0.01;XAUUSD;4 887.05;4 855.28;4 907.12;2026.05.01 15:15:00;4 584.91;;;;cancelled
2026.04.30 18:00:00;Sell Stop;0.01;XAUUSD;4 512.96;4 706.41;4 497.64;2026.05.01 14:00:00;4 567.37;;;;cancelled
2026.04.29 23:15:00;Sell Stop;0.01;XAUUSD;4 102.53;4 245.34;4 068.58;2026.05.01 10:15:00;4 596.08;;;;cancelled
2026.04.29 23:00:00;Buy Stop;0.01;XAUUSD;5 591.32;5 448.51;5 625.27;2026.05.01 10:00:00;4 595.07;;;;cancelled
2026.04.13 01:00:17;Sell Stop;0.01;XAUUSD;4 101.64;4 118.32;4 022.99;2026.05.01 02:00:00;4 630.29;;;;cancelled
2026.04.28 12:15:00;Sell Stop;0.01;XAUUSD;4 102.54;4 245.82;4 068.48;2026.04.29 23:15:00;4 546.64;;;;cancelled
2026.04.28 12:00:00;Buy Stop;0.01;XAUUSD;5 591.30;5 448.02;5 625.36;2026.04.29 23:00:00;4 546.52;;;;cancelled
2026.04.29 12:50:12;Sell;0.01;XAUUSD;4 555.64;4 551.94;4 540.77;2026.04.29 16:02:00;4 552.20;-0.02;;3.44;[sl]
2026.04.27 01:00:01;Buy Stop;0.01;XAUUSD;4 888.31;4 847.64;4 914.52;2026.04.29 13:15:00;4 568.05;;;;cancelled
2026.04.27 01:00:01;Buy Stop;0.01;XAUUSD;4 887.04;4 855.15;4 907.18;2026.04.29 08:15:00;4 601.20;;;;cancelled
2026.04.21 02:00:00;Buy Stop;0.01;XAUUSD;4 888.19;4 864.23;5 034.95;2026.04.29 02:00:00;4 594.34;;;;cancelled
2026.04.28 08:06:16;Sell;0.01;XAUUSD;4 659.29;4 597.47;4 516.81;2026.04.28 15:20:46;4 598.10;-0.02;;61.19;[sl]
2026.04.28 08:40:01;Sell;0.01;XAUUSD;4 630.75;4 597.44;4 488.19;2026.04.28 15:20:46;4 597.84;-0.02;;32.91;[sl]
2026.04.27 01:00:01;Sell Stop;0.01;XAUUSD;4 102.54;4 245.87;4 068.47;2026.04.28 12:15:00;4 625.49;;;;cancelled
2026.04.27 01:00:00;Buy Stop;0.01;XAUUSD;5 591.30;5 447.97;5 625.37;2026.04.28 12:00:00;4 629.88;;;;cancelled
2026.04.28 08:40:01;Sell;0.01;XAUUSD;4 630.75;4 630.75;4 615.55;2026.04.28 08:50:15;4 630.93;-0.02;;-0.18;[sl]
2026.04.28 08:06:16;Sell;0.01;XAUUSD;4 659.49;4 659.49;4 640.44;2026.04.28 08:23:21;4 659.63;-0.02;;-0.14;[sl]
2026.04.28 08:06:16;Sell;0.01;XAUUSD;4 659.50;4 657.93;4 644.91;2026.04.28 08:20:15;4 658.49;-0.02;;1.01;[sl]
2026.04.28 08:06:16;Sell;0.01;XAUUSD;4 659.29;4 658.75;4 634.14;2026.04.28 08:20:15;4 658.77;-0.02;;0.52;[sl]
2026.04.28 08:06:16;Sell;0.01;XAUUSD;4 659.28;4 657.83;4 643.45;2026.04.28 08:20:14;4 657.84;-0.02;;1.44;[sl]
2026.04.27 09:00:00;Sell Stop;0.01;XAUUSD;4 660.57;4 858.33;4 644.91;2026.04.28 05:00:00;4 670.83;;;;cancelled
2026.04.27 01:00:01;Buy Stop;0.01;XAUUSD;4 887.14;4 689.38;4 902.80;2026.04.27 21:05:00;4 680.52;;;;cancelled
2026.04.24 22:00:00;Buy Stop;0.01;XAUUSD;4 887.12;4 687.63;4 902.92;2026.04.27 01:00:01;4 701.66;;;;cancelled
2026.04.24 15:15:00;Sell Stop;0.01;XAUUSD;4 635.72;4 667.89;4 615.40;2026.04.27 01:00:01;4 698.32;;;;cancelled
2026.04.24 07:15:00;Buy Stop;0.01;XAUUSD;4 887.20;4 790.57;4 903.61;2026.04.27 01:00:01;4 700.86;;;;cancelled
2026.04.23 05:00:00;Buy Stop;0.01;XAUUSD;4 888.30;4 847.46;4 914.62;2026.04.27 01:00:01;4 700.86;;;;cancelled
2026.04.22 21:00:00;Buy Stop;0.01;XAUUSD;4 886.98;4 854.26;4 907.64;2026.04.27 01:00:01;4 699.25;;;;cancelled
2026.04.24 10:15:00;Sell Stop;0.01;XAUUSD;4 102.57;4 247.15;4 068.20;2026.04.27 01:00:00;4 697.83;;;;cancelled
2026.04.24 10:15:00;Buy Stop;0.01;XAUUSD;5 591.24;5 446.66;5 625.61;2026.04.27 01:00:00;4 701.27;;;;cancelled
2026.04.24 02:00:00;Buy Stop;0.01;XAUUSD;4 887.12;4 687.63;4 902.92;2026.04.24 22:00:00;4 722.87;;;;cancelled
2026.04.22 08:15:00;Sell Stop;0.01;XAUUSD;4 635.77;4 668.49;4 615.11;2026.04.24 15:15:00;4 708.54;;;;cancelled
2026.04.22 23:15:00;Sell Stop;0.01;XAUUSD;4 102.64;4 249.70;4 067.68;2026.04.24 10:15:00;4 680.52;;;;cancelled
2026.04.22 23:15:00;Buy Stop;0.01;XAUUSD;5 591.13;5 444.07;5 626.09;2026.04.24 10:15:00;4 680.66;;;;cancelled
2026.04.23 01:00:01;Buy Stop;0.01;XAUUSD;4 887.21;4 791.00;4 903.55;2026.04.24 07:15:00;4 670.16;;;;cancelled
2026.04.24 06:04:06;Sell;0.01;XAUUSD;4 671.41;4 695.14;4 527.00;2026.04.24 06:05:00;4 673.10;-0.02;;-1.69;
2026.04.23 06:00:00;Buy Stop;0.01;XAUUSD;4 887.13;4 688.50;4 902.86;2026.04.24 02:00:00;4 693.29;;;;cancelled
2026.04.23 20:45:26;Sell;0.01;XAUUSD;4 671.44;4 870.07;4 655.71;2026.04.23 21:00:00;4 710.13;-0.02;;-38.69;
2026.04.23 20:46:40;Sell;0.01;XAUUSD;4 670.07;4 711.05;4 644.39;2026.04.23 21:00:00;4 710.56;-0.02;;-40.49;
2026.04.23 20:46:40;Sell;0.01;XAUUSD;4 669.88;4 766.23;4 704.99;2026.04.23 21:00:00;4 710.39;-0.02;;-40.51;
2026.04.23 20:45:26;Sell;0.01;XAUUSD;4 671.43;4 703.60;4 650.86;2026.04.23 20:53:21;4 703.79;-0.02;;-32.36;[sl]
2026.04.23 20:45:26;Sell;0.01;XAUUSD;4 671.43;4 695.14;4 527.00;2026.04.23 20:53:18;4 697.19;-0.02;;-25.76;[sl]
2026.04.22 10:00:00;Buy Stop;0.01;XAUUSD;4 887.08;4 684.17;4 903.15;2026.04.23 06:00:00;4 699.30;;;;cancelled
2026.04.20 17:00:00;Buy Stop;0.01;XAUUSD;4 888.28;4 846.82;4 915.00;2026.04.23 05:00:00;4 723.47;;;;cancelled
2026.04.21 19:00:00;Buy Stop;0.01;XAUUSD;4 887.18;4 789.50;4 903.77;2026.04.23 01:00:01;4 744.07;;;;cancelled
2026.04.15 17:00:00;Buy Stop;0.01;XAUUSD;5 415.21;5 391.49;5 512.45;2026.04.23 01:00:01;4 744.07;;;;cancelled
2026.04.21 12:15:00;Sell Stop;0.01;XAUUSD;4 102.61;4 248.77;4 067.87;2026.04.22 23:15:00;4 735.99;;;;cancelled
2026.04.21 12:15:00;Buy Stop;0.01;XAUUSD;5 591.17;5 445.01;5 625.91;2026.04.22 23:15:00;4 736.14;;;;cancelled
2026.04.20 14:00:00;Buy Stop;0.01;XAUUSD;4 886.99;4 854.48;4 907.52;2026.04.22 21:00:00;4 737.46;;;;cancelled
2026.04.14 14:00:00;Sell Stop;0.01;XAUUSD;4 635.74;4 658.90;4 493.86;2026.04.22 14:00:00;4 759.43;;;;cancelled
2026.04.20 01:00:01;Sell Stop;0.01;XAUUSD;4 635.51;4 676.97;4 608.79;2026.04.22 13:15:00;4 748.52;;;;cancelled
2026.04.21 14:00:00;Buy Stop;0.01;XAUUSD;4 887.09;4 685.42;4 903.06;2026.04.22 10:00:00;4 767.72;;;;cancelled
2026.04.20 01:00:02;Sell Stop;0.01;XAUUSD;4 635.75;4 668.26;4 615.22;2026.04.22 08:15:00;4 756.99;;;;cancelled
2026.04.21 17:46:38;Sell;0.01;XAUUSD;4 739.78;4 711.37;4 593.30;2026.04.21 23:35:24;4 711.84;-0.02;;27.94;[sl]
2026.04.20 13:00:00;Buy Stop;0.01;XAUUSD;4 887.18;4 789.51;4 903.77;2026.04.21 19:00:00;4 741.83;;;;cancelled
2026.04.21 17:46:38;Sell;0.01;XAUUSD;4 739.54;4 739.54;4 719.44;2026.04.21 17:54:47;4 739.57;-0.02;;-0.03;[sl]
2026.04.21 17:46:38;Sell;0.01;XAUUSD;4 739.54;4 738.99;4 713.00;2026.04.21 17:54:46;4 739.31;-0.02;;0.23;[sl]
2026.04.21 17:46:38;Sell;0.01;XAUUSD;4 739.55;4 737.95;4 723.99;2026.04.21 17:53:44;4 738.05;-0.02;;1.50;[sl]
2026.04.21 17:46:38;Sell;0.01;XAUUSD;4 738.83;4 736.39;4 722.50;2026.04.21 17:53:03;4 736.59;-0.02;;2.24;[sl]
2026.04.20 21:05:00;Sell Stop;0.01;XAUUSD;4 635.73;4 837.36;4 619.76;2026.04.21 17:05:00;4 780.42;;;;cancelled
2026.04.20 18:00:00;Buy Stop;0.01;XAUUSD;4 887.09;4 685.46;4 903.06;2026.04.21 14:00:00;4 790.02;;;;cancelled
2026.04.20 01:00:01;Sell Stop;0.01;XAUUSD;4 102.61;4 248.74;4 067.87;2026.04.21 12:15:00;4 784.37;;;;cancelled
2026.04.20 01:00:01;Buy Stop;0.01;XAUUSD;5 591.17;5 445.04;5 625.91;2026.04.21 12:15:00;4 784.51;;;;cancelled
2026.04.20 01:00:01;Sell Stop;0.01;XAUUSD;4 635.73;4 837.36;4 619.76;2026.04.20 21:05:00;4 811.40;;;;cancelled
2026.04.20 01:00:02;Sell;0.01;XAUUSD;4 766.71;4 765.24;4 752.92;2026.04.20 02:43:13;4 752.92;-0.02;;13.79;[tp]
2026.04.16 01:00:01;Sell Stop;0.01;XAUUSD;4 635.78;4 668.62;4 615.04;2026.04.20 01:00:02;4 767.20;;;;cancelled
2026.04.17 15:00:00;Sell Stop;0.01;XAUUSD;4 634.87;4 732.57;4 618.28;2026.04.20 01:00:01;4 770.97;;;;cancelled
2026.04.17 11:00:00;Sell Stop;0.01;XAUUSD;4 635.74;4 837.44;4 619.76;2026.04.20 01:00:01;4 770.97;;;;cancelled
2026.04.17 10:15:00;Buy Stop;0.01;XAUUSD;5 591.17;5 444.99;5 625.92;2026.04.20 01:00:01;4 773.90;;;;cancelled
2026.04.16 14:00:00;Sell Stop;0.01;XAUUSD;4 635.54;4 677.42;4 608.55;2026.04.20 01:00:01;4 770.97;;;;cancelled
2026.04.17 10:15:00;Sell Stop;0.01;XAUUSD;4 102.61;4 248.79;4 067.86;2026.04.20 01:00:00;4 770.65;;;;cancelled
2026.04.17 16:10:54;Buy;0.01;XAUUSD;4 873.69;4 849.59;5 018.39;2026.04.17 16:30:23;4 849.29;-0.02;;-24.40;[sl]
2026.04.17 16:10:53;Buy;0.01;XAUUSD;4 869.50;4 869.50;4 889.71;2026.04.17 16:16:53;4 869.07;-0.02;;-0.43;[sl]
2026.04.17 16:10:53;Buy;0.01;XAUUSD;4 873.21;4 873.76;4 897.26;2026.04.17 16:16:12;4 873.65;-0.02;;0.44;[sl]
2026.04.17 16:10:53;Buy;0.01;XAUUSD;4 869.51;4 873.88;4 885.77;2026.04.17 16:13:25;4 885.77;-0.02;;16.26;[tp]
2026.04.17 16:10:53;Buy;0.01;XAUUSD;4 869.51;4 871.11;4 885.07;2026.04.17 16:13:11;4 885.07;-0.02;;15.56;[tp]
2026.04.17 15:48:12;Buy;0.01;XAUUSD;4 839.09;4 795.83;4 864.04;2026.04.17 15:49:00;4 830.87;-0.02;;-8.22;
2026.04.16 09:00:00;Sell Stop;0.01;XAUUSD;4 634.89;4 733.54;4 618.14;2026.04.17 15:00:00;4 799.23;;;;cancelled
2026.04.16 15:00:00;Sell Stop;0.01;XAUUSD;4 635.76;4 839.43;4 619.63;2026.04.17 11:00:00;4 784.66;;;;cancelled
2026.04.15 23:15:00;Sell Stop;0.01;XAUUSD;4 102.57;4 247.24;4 068.18;2026.04.17 10:15:00;4 787.33;;;;cancelled
2026.04.15 23:15:00;Buy Stop;0.01;XAUUSD;5 591.24;5 446.57;5 625.63;2026.04.17 10:15:00;4 787.47;;;;cancelled
2026.04.16 01:00:01;Buy Stop;0.01;XAUUSD;4 869.16;4 770.51;4 885.91;2026.04.17 07:15:00;4 795.57;;;;cancelled
2026.04.16 06:00:00;Buy Stop;0.01;XAUUSD;4 869.07;4 665.40;4 885.20;2026.04.17 02:00:00;4 795.29;;;;cancelled
2026.04.15 19:00:00;Sell Stop;0.01;XAUUSD;4 635.71;4 835.32;4 619.90;2026.04.16 15:00:00;4 822.39;;;;cancelled
2026.04.14 02:00:00;Sell Stop;0.01;XAUUSD;4 635.42;4 675.51;4 609.58;2026.04.16 14:00:00;4 817.14;;;;cancelled
2026.04.15 03:00:00;Sell Stop;0.01;XAUUSD;4 634.85;4 731.54;4 618.43;2026.04.16 09:00:00;4 821.25;;;;cancelled
2026.04.13 22:00:00;Sell Stop;0.01;XAUUSD;4 635.73;4 668.08;4 615.30;2026.04.16 05:00:00;4 818.09;;;;cancelled
2026.03.27 01:00:11;Sell Stop;0.01;XAUUSD;4 100.36;4 122.91;4 007.92;2026.04.16 02:00:01;4 807.55;;;;cancelled
2026.04.14 12:15:00;Sell Stop;0.01;XAUUSD;4 102.49;4 243.79;4 068.90;2026.04.15 23:15:00;4 793.75;;;;cancelled
2026.04.14 12:15:00;Buy Stop;0.01;XAUUSD;5 591.39;5 450.09;5 624.98;2026.04.15 23:15:00;4 793.92;;;;cancelled
2026.04.14 23:00:00;Sell Stop;0.01;XAUUSD;4 635.64;4 830.61;4 620.20;2026.04.15 19:00:00;4 801.79;;;;cancelled
2026.03.26 17:00:00;Buy Stop;0.01;XAUUSD;5 415.44;5 393.08;5 507.10;2026.04.15 17:00:00;4 829.29;;;;cancelled
2026.04.13 01:00:18;Sell Stop;0.01;XAUUSD;4 610.26;4 651.51;4 583.68;2026.04.15 13:15:00;4 801.13;;;;cancelled
2026.04.07 10:00:00;Sell Stop;0.01;XAUUSD;4 354.26;4 377.49;4 211.96;2026.04.15 10:00:00;4 811.79;;;;cancelled
2026.04.15 08:50:47;Balance;;;;;;;;;;-550.00;Withdrawal
2026.04.13 01:00:19;Sell Stop;0.01;XAUUSD;4 610.49;4 642.84;4 590.06;2026.04.15 08:15:00;4 826.87;;;;cancelled
2026.04.15 04:16:11;Buy;0.01;XAUUSD;4 856.58;4 832.80;5 000.97;2026.04.15 05:25:34;4 832.72;-0.02;;-23.86;[sl]
2026.04.15 04:16:10;Buy;0.01;XAUUSD;4 855.58;4 855.58;4 875.54;2026.04.15 04:20:50;4 854.07;-0.02;;-1.51;[sl]
2026.04.15 04:16:10;Buy;0.01;XAUUSD;4 855.32;4 855.32;4 875.12;2026.04.15 04:20:50;4 854.08;-0.02;;-1.24;[sl]
2026.04.15 04:16:11;Buy;0.01;XAUUSD;4 856.57;4 857.12;4 882.35;2026.04.15 04:20:49;4 856.28;-0.02;;-0.29;[sl]
2026.04.15 04:16:08;Buy;0.01;XAUUSD;4 854.68;4 858.49;4 933.13;2026.04.15 04:20:49;4 857.42;-0.02;;2.74;[sl]
2026.04.15 04:16:10;Buy;0.01;XAUUSD;4 856.03;4 861.32;4 871.48;2026.04.15 04:20:40;4 861.30;-0.02;;5.27;[sl]
2026.04.15 04:16:10;Buy;0.01;XAUUSD;4 856.03;4 857.61;4 870.80;2026.04.15 04:17:19;4 870.80;-0.02;;14.77;[tp]
2026.04.13 21:00:00;Sell Stop;0.01;XAUUSD;4 634.86;4 732.03;4 618.36;2026.04.15 03:00:00;4 837.37;;;;cancelled
2026.04.14 03:00:00;Sell Stop;0.01;XAUUSD;4 635.64;4 830.61;4 620.20;2026.04.14 23:00:00;4 845.26;;;;cancelled
2026.04.14 16:38:28;Buy;0.01;XAUUSD;4 802.52;4 803.05;4 826.90;2026.04.14 17:39:24;4 802.93;-0.02;;0.41;[sl]
2026.04.14 16:38:11;Buy;0.01;XAUUSD;4 799.25;4 800.79;4 815.03;2026.04.14 17:33:07;4 815.03;-0.02;;15.78;[tp]
2026.04.14 16:38:11;Buy;0.01;XAUUSD;4 799.25;4 799.25;4 819.47;2026.04.14 17:20:25;4 799.11;-0.02;;-0.14;[sl]
2026.04.13 21:05:00;Sell Stop;0.01;XAUUSD;4 610.48;4 811.08;4 594.59;2026.04.14 17:05:00;4 795.59;;;;cancelled
2026.04.13 01:00:17;Sell Stop;0.01;XAUUSD;4 102.59;4 247.97;4 068.03;2026.04.14 12:15:00;4 785.64;;;;cancelled
2026.04.13 01:00:16;Buy Stop;0.01;XAUUSD;5 591.21;5 445.83;5 625.77;2026.04.14 12:15:00;4 785.84;;;;cancelled
2026.04.13 01:00:18;Sell Stop;0.01;XAUUSD;4 609.62;4 706.79;4 593.12;2026.04.14 07:15:00;4 768.77;;;;cancelled
2026.04.13 01:00:18;Buy Stop;0.01;XAUUSD;4 855.38;4 758.21;4 871.88;2026.04.14 07:15:00;4 768.91;;;;cancelled
2026.04.13 01:00:17;Sell Stop;0.01;XAUUSD;4 610.48;4 811.08;4 594.59;2026.04.13 21:05:00;4 731.92;;;;cancelled
2026.04.13 01:00:17;Buy Stop;0.01;XAUUSD;4 799.14;4 598.54;4 815.03;2026.04.13 21:05:00;4 731.99;;;;cancelled
2026.04.10 21:00:00;Buy Stop;0.01;XAUUSD;4 800.33;4 759.49;4 826.65;2026.04.13 09:00:00;4 729.59;;;;cancelled
2026.04.09 01:00:02;Buy Stop;0.01;XAUUSD;4 855.22;4 823.19;4 875.45;2026.04.13 01:00:19;4 639.88;;;;cancelled
2026.04.10 18:00:00;Buy Stop;0.01;XAUUSD;4 799.06;4 767.04;4 819.28;2026.04.13 01:00:18;4 639.88;;;;cancelled
2026.04.10 05:00:00;Buy Stop;0.01;XAUUSD;4 855.40;4 759.21;4 871.73;2026.04.13 01:00:18;4 640.25;;;;cancelled
2026.04.09 20:00:00;Sell Stop;0.01;XAUUSD;4 609.60;4 705.83;4 593.26;2026.04.13 01:00:18;4 636.49;;;;cancelled
2026.04.09 04:00:00;Buy Stop;0.01;XAUUSD;4 856.49;4 815.64;4 882.82;2026.04.13 01:00:18;4 639.88;;;;cancelled
2026.04.09 01:00:02;Sell Stop;0.01;XAUUSD;4 610.47;4 642.50;4 590.24;2026.04.13 01:00:18;4 638.40;;;;cancelled
2026.04.08 18:00:00;Sell Stop;0.01;XAUUSD;4 610.19;4 650.43;4 584.26;2026.04.13 01:00:18;4 638.40;;;;cancelled
2026.04.10 22:00:00;Buy Stop;0.01;XAUUSD;4 799.16;4 600.58;4 814.89;2026.04.13 01:00:17;4 637.33;;;;cancelled
2026.04.10 21:05:00;Buy Stop;0.01;XAUUSD;4 855.32;4 656.74;4 871.05;2026.04.13 01:00:17;4 637.33;;;;cancelled
2026.04.10 11:00:00;Sell Stop;0.01;XAUUSD;4 610.45;4 809.03;4 594.72;2026.04.13 01:00:17;4 634.78;;;;cancelled
2026.04.13 01:00:16;Sell;0.01;XAUUSD;4 632.84;4 741.32;4 674.16;2026.04.13 01:00:17;4 674.16;-0.02;;-41.32;[tp]
2026.03.26 01:00:02;Sell Stop;0.01;XAUUSD;4 101.46;4 117.11;4 027.69;2026.04.13 01:00:17;4 632.84;;;;cancelled
2026.04.10 10:00:00;Sell Stop;0.01;XAUUSD;4 102.56;4 246.48;4 068.35;2026.04.13 01:00:16;4 632.84;;;;cancelled
2026.04.10 10:00:00;Buy Stop;0.01;XAUUSD;5 591.27;5 447.35;5 625.48;2026.04.13 01:00:16;4 634.67;;;;cancelled
2026.04.08 15:00:00;Sell Stop;0.01;XAUUSD;4 610.42;4 641.97;4 590.49;2026.04.10 22:00:00;4 765.22;;;;cancelled
2026.04.10 01:00:01;Buy Stop;0.01;XAUUSD;4 855.32;4 656.74;4 871.05;2026.04.10 21:05:00;4 753.51;;;;cancelled
2026.04.08 14:00:00;Sell Stop;0.01;XAUUSD;4 556.33;4 587.88;4 536.40;2026.04.10 21:00:00;4 760.39;;;;cancelled
2026.04.09 15:00:00;Sell Stop;0.01;XAUUSD;4 610.45;4 809.11;4 594.71;2026.04.10 11:00:00;4 749.60;;;;cancelled
2026.04.08 23:00:00;Sell Stop;0.01;XAUUSD;4 102.50;4 244.32;4 068.79;2026.04.10 10:00:00;4 746.15;;;;cancelled
2026.04.08 23:00:00;Buy Stop;0.01;XAUUSD;5 591.37;5 449.55;5 625.08;2026.04.10 10:00:00;4 746.33;;;;cancelled
2026.04.08 23:00:00;Buy Stop;0.01;XAUUSD;4 855.43;4 760.64;4 871.53;2026.04.10 05:00:00;4 765.18;;;;cancelled
2026.04.09 05:00:00;Buy Stop;0.01;XAUUSD;4 855.32;4 656.66;4 871.06;2026.04.10 01:00:00;4 766.69;;;;cancelled
2026.04.08 14:00:00;Sell Stop;0.01;XAUUSD;4 609.57;4 704.36;4 593.47;2026.04.09 20:00:00;4 788.99;;;;cancelled
2026.04.08 19:00:00;Sell Stop;0.01;XAUUSD;4 610.41;4 806.09;4 594.91;2026.04.09 15:00:00;4 756.91;;;;cancelled
2026.04.08 03:00:00;Sell Stop;0.01;XAUUSD;4 556.32;4 752.00;4 540.82;2026.04.08 23:00:00;4 731.34;;;;cancelled
2026.04.07 12:00:00;Sell Stop;0.01;XAUUSD;4 102.50;4 244.21;4 068.81;2026.04.08 23:00:00;4 730.64;;;;cancelled
2026.04.07 12:00:00;Buy Stop;0.01;XAUUSD;5 591.37;5 449.66;5 625.06;2026.04.08 23:00:00;4 730.71;;;;cancelled
2026.04.06 10:00:00;Sell Stop;0.01;XAUUSD;4 556.16;4 597.35;4 529.61;2026.04.08 22:00:00;4 704.98;;;;cancelled
2026.04.07 12:00:00;Sell Stop;0.01;XAUUSD;4 555.48;4 650.19;4 539.40;2026.04.08 18:00:00;4 736.04;;;;cancelled
2026.04.06 07:00:00;Sell Stop;0.01;XAUUSD;4 556.40;4 588.70;4 536.00;2026.04.08 14:00:00;4 782.61;;;;cancelled
2026.04.06 01:00:01;Sell Stop;0.01;XAUUSD;4 354.01;4 395.20;4 327.46;2026.04.08 13:15:00;4 782.68;;;;cancelled
2026.04.06 01:00:01;Sell Stop;0.01;XAUUSD;4 354.25;4 386.55;4 333.85;2026.04.08 08:15:00;4 809.39;;;;cancelled
2026.03.31 05:00:00;Buy Stop;0.01;XAUUSD;5 237.11;5 214.65;5 374.67;2026.04.08 05:00:00;4 810.51;;;;cancelled
2026.04.07 07:00:00;Sell Stop;0.01;XAUUSD;4 556.32;4 751.86;4 540.83;2026.04.08 03:00:00;4 832.98;;;;cancelled
2026.04.08 01:54:37;Buy;0.01;XAUUSD;4 800.01;4 806.66;4 873.92;2026.04.08 02:00:45;4 804.83;-0.02;;4.82;[sl]
2026.04.08 01:54:37;Buy;0.01;XAUUSD;4 800.01;4 805.82;4 944.81;2026.04.08 02:00:45;4 804.82;-0.02;;4.81;[sl]
2026.04.08 01:54:37;Buy;0.01;XAUUSD;4 800.00;4 809.96;4 825.67;2026.04.08 02:00:37;4 809.33;-0.02;;9.33;[sl]
2026.04.08 01:54:37;Buy;0.01;XAUUSD;4 800.00;4 800.00;4 818.24;2026.04.08 01:57:59;4 818.24;-0.02;;18.24;[tp]
2026.04.08 01:54:37;Buy;0.01;XAUUSD;4 800.00;4 801.43;4 814.16;2026.04.08 01:56:22;4 814.16;-0.02;;14.16;[tp]
2026.04.08 01:54:37;Buy;0.01;XAUUSD;4 800.00;4 801.55;4 813.48;2026.04.08 01:56:16;4 813.48;-0.02;;13.48;[tp]
2026.03.24 17:00:00;Buy Stop;0.01;XAUUSD;5 416.34;5 400.70;5 490.08;2026.04.08 01:00:03;4 723.81;;;;cancelled
2026.04.07 22:45:54;Buy;0.01;XAUUSD;4 708.18;4 709.73;4 719.82;2026.04.07 23:44:06;4 709.16;-0.02;;0.98;[sl]
2026.04.07 22:45:54;Buy;0.01;XAUUSD;4 708.17;4 708.71;4 731.40;2026.04.07 23:44:06;4 708.60;-0.02;;0.43;[sl]
2026.04.07 22:45:54;Buy;0.01;XAUUSD;4 708.18;4 708.18;4 724.15;2026.04.07 22:49:41;4 708.00;-0.02;;-0.18;[sl]
2026.04.07 22:45:54;Buy;0.01;XAUUSD;4 708.18;4 709.61;4 720.50;2026.04.07 22:47:12;4 708.92;-0.02;;0.74;[sl]
2026.04.07 01:00:00;Buy Stop;0.01;XAUUSD;4 797.99;4 602.45;4 813.48;2026.04.07 21:00:00;4 675.93;;;;cancelled
2026.04.06 06:00:00;Sell Stop;0.01;XAUUSD;4 555.52;4 652.55;4 539.04;2026.04.07 12:00:00;4 683.10;;;;cancelled
2026.04.06 01:00:00;Sell Stop;0.01;XAUUSD;4 102.59;4 247.77;4 068.08;2026.04.07 12:00:00;4 682.58;;;;cancelled
2026.04.06 01:00:00;Buy Stop;0.01;XAUUSD;5 591.21;5 446.03;5 625.72;2026.04.07 12:00:00;4 683.25;;;;cancelled
2026.03.30 10:00:00;Sell Stop;0.01;XAUUSD;4 354.10;4 376.04;4 219.69;2026.04.07 10:00:00;4 653.59;;;;cancelled
2026.04.06 11:00:00;Sell Stop;0.01;XAUUSD;4 556.39;4 756.71;4 540.52;2026.04.07 07:00:00;4 649.86;;;;cancelled
2026.04.06 01:00:00;Buy Stop;0.01;XAUUSD;4 798.02;4 700.99;4 814.50;2026.04.07 07:00:00;4 650.05;;;;cancelled
2026.04.06 04:00:00;Buy Stop;0.01;XAUUSD;4 797.94;4 597.62;4 813.81;2026.04.07 01:00:00;4 653.14;;;;cancelled
2026.04.06 01:00:00;Sell Stop;0.01;XAUUSD;4 354.24;4 554.56;4 338.37;2026.04.06 21:00:00;4 653.63;;;;cancelled
2026.04.02 23:00:00;Buy Stop;0.01;XAUUSD;4 797.88;4 766.19;4 817.90;2026.04.06 01:00:01;4 612.07;;;;cancelled
2026.04.02 01:08:24;Sell Stop;0.01;XAUUSD;4 354.20;4 385.89;4 334.18;2026.04.06 01:00:01;4 608.10;;;;cancelled
2026.04.01 13:15:00;Sell Stop;0.01;XAUUSD;4 353.88;4 392.93;4 328.72;2026.04.06 01:00:01;4 608.10;;;;cancelled
2026.04.02 22:00:00;Buy Stop;0.01;XAUUSD;4 798.06;4 702.85;4 814.23;2026.04.06 01:00:00;4 612.07;;;;cancelled
2026.04.02 10:00:00;Sell Stop;0.01;XAUUSD;4 354.18;4 550.74;4 338.61;2026.04.06 01:00:00;4 608.10;;;;cancelled
2026.04.01 23:15:00;Sell Stop;0.01;XAUUSD;4 102.39;4 240.01;4 069.68;2026.04.06 01:00:00;4 608.10;;;;cancelled
2026.04.01 23:15:00;Buy Stop;0.01;XAUUSD;5 591.56;5 453.94;5 624.27;2026.04.06 01:00:00;4 612.07;;;;cancelled
2026.04.01 13:15:00;Sell Stop;0.01;XAUUSD;4 353.27;4 445.25;4 337.65;2026.04.02 19:15:00;4 654.84;;;;cancelled
2026.03.31 04:45:00;Buy Stop;0.01;XAUUSD;5 042.11;5 011.63;5 061.36;2026.04.02 11:45:00;4 631.09;;;;cancelled
2026.04.01 14:00:00;Sell Stop;0.01;XAUUSD;4 354.09;4 543.97;4 339.05;2026.04.02 10:00:00;4 598.49;;;;cancelled
2026.03.31 01:00:01;Sell Stop;0.01;XAUUSD;4 354.09;4 384.57;4 334.84;2026.04.02 08:15:00;4 670.48;;;;cancelled
2026.03.31 12:15:00;Sell Stop;0.01;XAUUSD;4 102.37;4 239.37;4 069.80;2026.04.01 23:15:00;4 768.94;;;;cancelled
2026.03.31 12:15:00;Buy Stop;0.01;XAUUSD;5 591.58;5 454.58;5 624.15;2026.04.01 23:15:00;4 769.09;;;;cancelled
2026.03.24 22:00:00;Sell Stop;0.01;XAUUSD;4 101.57;4 123.92;3 964.71;2026.04.01 22:00:00;4 753.20;;;;cancelled
2026.03.31 18:00:00;Sell Stop;0.01;XAUUSD;4 354.07;4 543.10;4 339.10;2026.04.01 14:00:00;4 731.51;;;;cancelled
2026.03.31 07:15:00;Sell Stop;0.01;XAUUSD;4 353.26;4 444.82;4 337.71;2026.04.01 13:15:00;4 715.57;;;;cancelled
2026.03.30 01:00:04;Sell Stop;0.01;XAUUSD;4 353.81;4 391.79;4 329.33;2026.04.01 13:15:00;4 715.57;;;;cancelled
2026.03.30 04:00:00;Sell Stop;0.01;XAUUSD;4 354.02;4 383.80;4 335.21;2026.04.01 11:00:00;4 712.90;;;;cancelled
2026.03.30 22:00:00;Sell Stop;0.01;XAUUSD;4 354.01;4 538.71;4 339.38;2026.03.31 18:00:00;4 600.20;;;;cancelled
2026.03.30 01:00:04;Sell Stop;0.01;XAUUSD;4 102.29;4 236.15;4 070.47;2026.03.31 12:15:00;4 567.58;;;;cancelled
2026.03.30 01:00:04;Buy Stop;0.01;XAUUSD;5 591.73;5 457.87;5 623.55;2026.03.31 12:15:00;4 567.67;;;;cancelled
2026.03.30 01:00:04;Sell Stop;0.01;XAUUSD;4 353.22;4 442.69;4 338.03;2026.03.31 07:15:00;4 557.61;;;;cancelled
2026.03.31 04:41:14;Buy;0.01;XAUUSD;4 602.73;4 608.34;4 738.47;2026.03.31 04:46:45;4 606.99;-0.02;;4.26;[sl]
2026.03.31 04:41:14;Buy;0.01;XAUUSD;4 602.73;4 610.48;4 626.13;2026.03.31 04:46:28;4 610.16;-0.02;;7.43;[sl]
2026.03.31 04:41:11;Buy;0.01;XAUUSD;4 601.17;4 415.86;4 615.19;2026.03.31 04:43:56;4 615.19;-0.02;;14.02;[tp]
2026.03.31 04:41:11;Buy;0.01;XAUUSD;4 601.18;4 601.18;4 619.66;2026.03.31 04:42:35;4 600.91;-0.02;;-0.27;[sl]
2026.03.31 04:41:11;Buy;0.01;XAUUSD;4 601.18;4 601.18;4 619.28;2026.03.31 04:42:35;4 600.90;-0.02;;-0.28;[sl]
2026.03.31 04:41:11;Buy;0.01;XAUUSD;4 601.18;4 602.56;4 615.82;2026.03.31 04:42:33;4 602.41;-0.02;;1.23;[sl]
2026.03.30 02:00:00;Sell Stop;0.01;XAUUSD;4 354.01;4 538.71;4 339.38;2026.03.30 22:00:00;4 498.73;;;;cancelled
2026.03.30 01:00:04;Sell Stop;0.01;XAUUSD;4 101.43;4 286.13;4 086.80;2026.03.30 21:05:00;4 518.41;;;;cancelled
2026.03.30 01:00:04;Buy Stop;0.01;XAUUSD;4 600.56;4 415.86;4 615.19;2026.03.30 21:05:00;4 518.80;;;;cancelled
2026.03.27 21:00:00;Sell Stop;0.01;XAUUSD;4 354.10;4 384.70;4 334.78;2026.03.30 04:00:00;4 432.63;;;;cancelled
2026.03.26 03:00:00;Buy Stop;0.01;XAUUSD;4 600.42;4 570.08;4 619.58;2026.03.30 01:00:05;4 485.81;;;;cancelled
2026.03.27 23:00:00;Buy Stop;0.01;XAUUSD;4 600.50;4 410.74;4 615.53;2026.03.30 01:00:04;4 486.50;;;;cancelled
2026.03.27 21:05:00;Sell Stop;0.01;XAUUSD;4 101.50;4 291.26;4 086.47;2026.03.30 01:00:04;4 484.21;;;;cancelled
2026.03.27 20:00:00;Sell Stop;0.01;XAUUSD;4 353.27;4 445.19;4 337.66;2026.03.30 01:00:04;4 482.74;;;;cancelled
2026.03.27 10:15:00;Buy Stop;0.01;XAUUSD;5 591.56;5 454.03;5 624.25;2026.03.30 01:00:04;4 486.50;;;;cancelled
2026.03.27 08:00:00;Buy Stop;0.01;XAUUSD;4 600.58;4 508.66;4 616.19;2026.03.30 01:00:04;4 485.81;;;;cancelled
2026.03.27 01:00:11;Sell Stop;0.01;XAUUSD;4 102.39;4 239.92;4 069.70;2026.03.30 01:00:04;4 484.21;;;;cancelled
2026.03.26 23:00:00;Sell Stop;0.01;XAUUSD;4 101.27;4 139.96;4 076.34;2026.03.30 01:00:04;4 482.92;;;;cancelled
2026.03.26 19:00:00;Sell Stop;0.01;XAUUSD;4 100.67;4 191.81;4 085.19;2026.03.30 01:00:04;4 482.92;;;;cancelled
2026.03.26 15:00:00;Sell Stop;0.01;XAUUSD;4 101.49;4 131.83;4 082.33;2026.03.30 01:00:04;4 482.92;;;;cancelled
2026.03.26 06:00:00;Buy Stop;0.01;XAUUSD;4 601.63;4 562.94;4 626.56;2026.03.30 01:00:04;4 485.81;;;;cancelled
2026.03.20 06:00:00;Buy Stop;0.01;XAUUSD;5 237.02;5 212.90;5 384.73;2026.03.30 01:00:04;4 486.50;;;;cancelled
2026.03.27 03:00:00;Buy Stop;0.01;XAUUSD;4 600.50;4 410.74;4 615.53;2026.03.27 23:00:00;4 514.82;;;;cancelled
2026.03.27 01:00:11;Sell Stop;0.01;XAUUSD;4 101.50;4 291.26;4 086.47;2026.03.27 21:05:00;4 493.70;;;;cancelled
2026.03.25 08:15:00;Buy Stop;0.01;XAUUSD;5 042.15;5 012.21;5 061.06;2026.03.27 15:15:00;4 424.97;;;;cancelled
2026.03.25 23:15:00;Buy Stop;0.01;XAUUSD;5 591.69;5 457.11;5 623.68;2026.03.27 10:15:00;4 455.27;;;;cancelled
2026.03.26 02:00:00;Buy Stop;0.01;XAUUSD;4 600.60;4 509.46;4 616.08;2026.03.27 08:00:00;4 445.99;;;;cancelled
2026.03.26 07:00:00;Buy Stop;0.01;XAUUSD;4 600.52;4 412.36;4 615.42;2026.03.27 03:00:00;4 405.41;;;;cancelled
2026.03.23 04:00:00;Sell Stop;0.01;XAUUSD;3 888.23;3 911.48;3 792.90;2026.03.27 01:00:13;4 382.57;;;;cancelled
2026.03.26 04:00:00;Sell Stop;0.01;XAUUSD;4 101.48;4 289.64;4 086.58;2026.03.27 01:00:11;4 388.62;;;;cancelled
2026.03.24 11:00:00;Sell Stop;0.01;XAUUSD;4 101.27;4 139.94;4 076.35;2026.03.26 23:00:00;4 364.05;;;;cancelled
2026.03.25 13:00:00;Sell Stop;0.01;XAUUSD;4 100.65;4 190.60;4 085.38;2026.03.26 19:00:00;4 438.30;;;;cancelled
2026.03.06 16:30:01;Buy Stop;0.01;XAUUSD;5 414.87;5 389.14;5 520.34;2026.03.26 17:00:00;4 454.40;;;;cancelled
2026.03.24 08:00:00;Sell Stop;0.01;XAUUSD;4 101.49;4 131.82;4 082.34;2026.03.26 15:00:00;4 423.11;;;;cancelled
2026.03.25 08:00:00;Sell Stop;0.01;XAUUSD;4 101.45;4 287.14;4 086.74;2026.03.26 04:00:00;4 535.81;;;;cancelled
2026.03.24 12:15:00;Buy Stop;0.01;XAUUSD;5 591.62;5 455.31;5 624.02;2026.03.25 23:15:00;4 529.45;;;;cancelled
2026.03.23 09:00:00;Buy Stop;0.01;XAUUSD;5 043.29;5 003.05;5 069.23;2026.03.25 21:00:00;4 550.93;;;;cancelled
2026.03.24 17:05:00;Buy Stop;0.01;XAUUSD;5 042.22;4 854.15;5 057.12;2026.03.25 13:05:00;4 559.04;;;;cancelled
2026.03.24 07:00:00;Sell Stop;0.01;XAUUSD;4 100.67;4 191.77;4 085.20;2026.03.25 13:00:00;4 552.02;;;;cancelled
2026.03.23 01:00:05;Buy Stop;0.01;XAUUSD;5 042.03;5 010.47;5 061.96;2026.03.25 08:15:00;4 571.83;;;;cancelled
2026.03.24 12:00:00;Sell Stop;0.01;XAUUSD;4 101.48;4 289.55;4 086.58;2026.03.25 08:00:00;4 573.07;;;;cancelled
2026.03.23 21:05:00;Buy Stop;0.01;XAUUSD;5 042.13;4 846.42;5 057.63;2026.03.24 17:05:00;4 397.07;;;;cancelled
2026.03.06 16:30:01;Buy Stop;0.01;XAUUSD;5 415.90;5 397.89;5 500.79;2026.03.24 17:00:00;4 381.38;;;;cancelled
2026.03.23 01:00:04;Buy Stop;0.01;XAUUSD;5 591.37;5 449.53;5 625.09;2026.03.24 12:15:00;4 399.16;;;;cancelled
2026.03.23 01:00:05;Buy Stop;0.01;XAUUSD;5 042.21;4 947.41;5 058.31;2026.03.24 07:15:00;4 350.83;;;;cancelled
2026.03.23 01:00:04;Buy Stop;0.01;XAUUSD;5 042.13;4 846.42;5 057.63;2026.03.23 21:05:00;4 423.87;;;;cancelled
2026.03.20 21:00:00;Buy Stop;0.01;XAUUSD;5 043.25;5 001.51;5 070.15;2026.03.23 09:00:00;4 310.29;;;;cancelled
2026.03.23 03:34:43;Sell;0.01;XAUUSD;4 403.56;4 342.38;4 298.35;2026.03.23 03:38:09;4 343.10;-0.02;;60.46;[sl]
2026.03.20 13:00:00;Buy Stop;0.01;XAUUSD;5 041.95;5 009.22;5 062.62;2026.03.23 01:00:05;4 474.50;;;;cancelled
2026.03.20 22:00:00;Buy Stop;0.01;XAUUSD;5 042.05;4 839.07;5 058.13;2026.03.23 01:00:04;4 474.50;;;;cancelled
2026.03.20 17:00:00;Buy Stop;0.01;XAUUSD;5 042.13;4 943.81;5 058.83;2026.03.23 01:00:04;4 474.50;;;;cancelled
2026.03.20 10:15:00;Buy Stop;0.01;XAUUSD;5 591.13;5 444.02;5 626.10;2026.03.23 01:00:04;4 474.50;;;;cancelled
2026.03.20 02:00:00;Buy Stop;0.01;XAUUSD;5 042.05;4 839.07;5 058.13;2026.03.20 22:00:00;4 499.67;;;;cancelled
2026.03.20 21:50:32;Sell;0.01;XAUUSD;4 503.95;4 493.89;4 478.61;2026.03.20 21:57:08;4 478.61;-0.02;;25.34;[tp]
2026.03.20 21:50:32;Sell;0.01;XAUUSD;4 505.60;4 538.46;4 485.08;2026.03.20 21:55:41;4 485.08;-0.02;;20.52;[tp]
2026.03.20 21:50:32;Sell;0.01;XAUUSD;4 503.96;4 602.41;4 488.16;2026.03.20 21:55:36;4 488.16;-0.02;;15.80;[tp]
2026.03.20 21:50:32;Sell;0.01;XAUUSD;4 505.59;4 708.70;4 489.65;2026.03.20 21:55:34;4 489.65;-0.02;;15.94;[tp]
2026.03.18 09:00:00;Buy Stop;0.01;XAUUSD;5 043.20;4 999.88;5 071.12;2026.03.20 21:00:00;4 574.30;;;;cancelled
2026.03.19 11:00:00;Buy Stop;0.01;XAUUSD;5 042.05;4 940.03;5 059.37;2026.03.20 17:00:00;4 616.51;;;;cancelled
2026.03.18 06:00:00;Buy Stop;0.01;XAUUSD;5 041.86;5 007.89;5 063.32;2026.03.20 13:00:00;4 667.78;;;;cancelled
2026.03.18 23:15:00;Buy Stop;0.01;XAUUSD;5 590.88;5 438.19;5 627.17;2026.03.20 10:15:00;4 679.51;;;;cancelled
2026.03.12 06:00:00;Buy Stop;0.01;XAUUSD;5 236.93;5 211.00;5 395.76;2026.03.20 06:00:00;4 698.48;;;;cancelled
2026.03.19 06:00:00;Buy Stop;0.01;XAUUSD;5 041.96;4 831.34;5 058.64;2026.03.20 02:00:00;4 636.60;;;;cancelled
2026.03.18 05:00:00;Buy Stop;0.01;XAUUSD;5 042.05;4 940.00;5 059.38;2026.03.19 11:00:00;4 728.62;;;;cancelled
2026.03.18 10:00:00;Buy Stop;0.01;XAUUSD;5 041.96;4 831.28;5 058.65;2026.03.19 06:00:00;4 858.85;;;;cancelled
2026.03.18 13:35:37;Sell;0.01;XAUUSD;4 970.62;4 901.64;4 817.45;2026.03.18 23:28:05;4 817.45;-0.02;;153.17;[tp]
2026.03.17 12:15:00;Buy Stop;0.01;XAUUSD;5 590.88;5 438.22;5 627.17;2026.03.18 23:15:00;4 826.14;;;;cancelled
2026.03.18 13:35:36;Sell;0.01;XAUUSD;4 970.62;4 970.62;4 948.91;2026.03.18 14:14:57;4 970.71;-0.02;;-0.09;[sl]
2026.03.18 13:35:37;Sell;0.01;XAUUSD;4 968.25;4 960.61;4 942.48;2026.03.18 14:10:59;4 960.66;-0.02;;7.59;[sl]
2026.03.18 13:35:38;Sell;0.01;XAUUSD;4 968.25;4 966.58;4 953.93;2026.03.18 14:06:26;4 953.93;-0.02;;14.32;[tp]
2026.03.18 13:35:37;Sell;0.01;XAUUSD;4 968.25;4 966.71;4 952.39;2026.03.18 13:58:24;4 966.77;-0.02;;1.48;[sl]
2026.03.17 07:15:00;Buy Stop;0.01;XAUUSD;5 235.92;5 133.89;5 253.25;2026.03.18 13:15:00;4 989.16;;;;cancelled
2026.03.16 01:00:02;Buy Stop;0.01;XAUUSD;5 237.06;5 193.10;5 265.39;2026.03.18 13:15:00;4 989.16;;;;cancelled
2026.03.17 17:05:00;Buy Stop;0.01;XAUUSD;5 235.83;5 025.19;5 252.51;2026.03.18 13:05:00;4 989.31;;;;cancelled
2026.03.16 06:00:00;Buy Stop;0.01;XAUUSD;5 235.69;5 201.22;5 257.46;2026.03.18 13:00:00;4 992.30;;;;cancelled
2026.03.16 22:00:00;Sell Stop;0.01;XAUUSD;4 969.75;5 073.29;4 952.17;2026.03.18 04:00:00;5 004.23;;;;cancelled
2026.03.17 04:00:00;Sell Stop;0.01;XAUUSD;4 970.62;5 181.26;4 953.94;2026.03.18 01:00:00;5 004.89;;;;cancelled
2026.03.16 21:05:00;Buy Stop;0.01;XAUUSD;5 235.80;5 022.05;5 252.73;2026.03.17 17:05:00;5 011.08;;;;cancelled
2026.03.16 01:00:01;Buy Stop;0.01;XAUUSD;5 590.78;5 435.86;5 627.60;2026.03.17 12:15:00;5 014.17;;;;cancelled
2026.03.16 01:00:03;Buy Stop;0.01;XAUUSD;5 235.89;5 132.35;5 253.47;2026.03.17 07:15:00;5 029.34;;;;cancelled
2026.03.16 01:00:02;Buy Stop;0.01;XAUUSD;5 235.80;5 022.05;5 252.73;2026.03.16 21:05:00;4 993.16;;;;cancelled
2026.03.13 23:00:00;Buy Stop;0.01;XAUUSD;5 235.64;5 200.50;5 257.83;2026.03.16 06:00:00;5 003.77;;;;cancelled
2026.03.13 22:47:20;Sell;0.01;XAUUSD;5 014.79;5 008.44;4 859.48;2026.03.16 03:00:54;5 009.19;-0.02;-0.09;5.60;[sl]
2026.03.16 02:20:15;Sell;0.01;XAUUSD;4 996.76;4 996.76;4 977.45;2026.03.16 02:23:00;4 977.45;-0.02;;19.31;[tp]
2026.03.16 01:00:04;Sell;0.01;XAUUSD;4 996.50;5 034.42;4 977.09;2026.03.16 01:01:00;5 011.95;-0.02;;-15.45;
2026.03.13 22:47:20;Sell;0.01;XAUUSD;5 014.79;5 011.22;4 999.18;2026.03.16 01:00:45;5 014.67;-0.02;-0.09;0.12;[sl]
2026.03.13 22:47:20;Sell;0.01;XAUUSD;5 014.78;5 014.19;4 988.88;2026.03.16 01:00:45;5 014.67;-0.02;-0.09;0.11;[sl]
2026.03.13 22:47:20;Sell;0.01;XAUUSD;5 014.78;5 014.78;4 995.83;2026.03.16 01:00:45;5 017.06;-0.02;-0.09;-2.28;[sl]
2026.03.13 22:47:20;Sell;0.01;XAUUSD;5 014.78;5 013.09;5 000.78;2026.03.16 01:00:03;5 000.78;-0.02;-0.09;14.00;[tp]
2026.03.12 21:00:00;Buy Stop;0.01;XAUUSD;5 235.84;5 130.12;5 253.79;2026.03.16 01:00:03;5 001.05;;;;cancelled
2026.03.13 12:00:00;Buy Stop;0.01;XAUUSD;5 235.75;5 017.85;5 253.01;2026.03.16 01:00:02;5 001.55;;;;cancelled
2026.03.11 19:00:00;Buy Stop;0.01;XAUUSD;5 237.04;5 192.56;5 265.70;2026.03.16 01:00:02;5 001.55;;;;cancelled
2026.03.13 10:15:00;Buy Stop;0.01;XAUUSD;5 590.64;5 432.71;5 628.18;2026.03.16 01:00:01;5 001.55;;;;cancelled
2026.03.06 16:30:01;Sell Stop;0.01;XAUUSD;4 999.36;5 025.09;4 841.79;2026.03.16 01:00:01;5 000.00;;;;cancelled
2026.03.06 16:30:01;Buy Stop;0.01;XAUUSD;5 417.95;5 392.22;5 575.52;2026.03.16 01:00:01;5 001.55;;;;cancelled
2026.03.11 16:00:00;Buy Stop;0.01;XAUUSD;5 235.66;5 200.78;5 257.69;2026.03.13 23:00:00;5 017.43;;;;cancelled
2026.03.12 13:00:00;Sell Stop;0.01;XAUUSD;5 017.10;5 122.82;4 999.15;2026.03.13 19:00:00;5 034.83;;;;cancelled
2026.03.11 08:15:00;Buy Stop;0.01;XAUUSD;5 416.67;5 381.79;5 438.70;2026.03.13 15:15:00;5 108.65;;;;cancelled
2026.03.12 18:00:00;Sell Stop;0.01;XAUUSD;5 018.04;5 236.30;5 000.75;2026.03.13 14:00:00;5 095.40;;;;cancelled
2026.03.12 16:00:00;Buy Stop;0.01;XAUUSD;5 235.74;5 017.48;5 253.03;2026.03.13 12:00:00;5 087.54;;;;cancelled
2026.03.11 23:15:00;Buy Stop;0.01;XAUUSD;5 590.69;5 433.93;5 627.95;2026.03.13 10:15:00;5 090.46;;;;cancelled
2026.03.11 15:00:00;Buy Stop;0.01;XAUUSD;5 235.86;5 131.09;5 253.65;2026.03.12 21:00:00;5 105.52;;;;cancelled
2026.03.11 22:00:00;Sell Stop;0.01;XAUUSD;5 018.02;5 234.31;5 000.89;2026.03.12 18:00:00;5 142.24;;;;cancelled
2026.03.10 05:00:00;Sell Stop;0.01;XAUUSD;5 017.80;5 062.64;4 988.91;2026.03.12 17:00:00;5 151.24;;;;cancelled
2026.03.11 20:00:00;Buy Stop;0.01;XAUUSD;5 235.77;5 019.48;5 252.90;2026.03.12 16:00:00;5 180.78;;;;cancelled
2026.03.11 07:00:00;Sell Stop;0.01;XAUUSD;5 017.08;5 121.85;4 999.29;2026.03.12 13:00:00;5 188.17;;;;cancelled
2026.03.10 02:00:00;Sell Stop;0.01;XAUUSD;5 018.06;5 053.22;4 995.86;2026.03.12 09:00:00;5 154.74;;;;cancelled
2026.03.10 01:00:01;Sell Stop;0.01;XAUUSD;4 999.29;5 034.45;4 977.09;2026.03.12 08:15:00;5 146.33;;;;cancelled
2026.03.10 12:15:00;Buy Stop;0.01;XAUUSD;5 590.64;5 432.62;5 628.20;2026.03.11 23:15:00;5 178.09;;;;cancelled
2026.03.11 02:00:00;Sell Stop;0.01;XAUUSD;5 018.02;5 234.31;5 000.89;2026.03.11 22:00:00;5 172.56;;;;cancelled
2026.03.09 04:45:00;Sell Stop;0.01;XAUUSD;4 998.98;5 043.03;4 970.59;2026.03.11 16:45:00;5 165.56;;;;cancelled
2026.03.09 04:45:00;Buy Stop;0.01;XAUUSD;5 418.07;5 374.02;5 446.46;2026.03.11 16:45:00;5 165.69;;;;cancelled
2026.03.09 02:45:00;Sell Stop;0.01;XAUUSD;4 999.23;5 033.77;4 977.42;2026.03.11 09:45:00;5 194.35;;;;cancelled
2026.03.09 01:00:18;Buy Stop;0.01;XAUUSD;5 416.69;5 382.15;5 438.50;2026.03.11 08:15:00;5 204.34;;;;cancelled
2026.03.10 01:00:00;Sell Stop;0.01;XAUUSD;5 017.10;5 122.71;4 999.17;2026.03.11 07:00:00;5 203.37;;;;cancelled
2026.03.10 06:00:00;Sell Stop;0.01;XAUUSD;5 018.04;5 236.08;5 000.77;2026.03.11 02:00:00;5 189.31;;;;cancelled
2026.03.09 22:45:00;Sell Stop;0.01;XAUUSD;4 999.22;5 213.43;4 982.25;2026.03.10 18:45:00;5 235.55;;;;cancelled
2026.03.09 21:05:00;Buy Stop;0.01;XAUUSD;5 416.80;5 202.59;5 433.77;2026.03.10 17:05:00;5 201.68;;;;cancelled
2026.03.10 16:01:20;Buy;0.01;XAUUSD;5 200.88;5 216.48;5 228.01;2026.03.10 16:27:23;5 228.01;-0.02;;27.13;[tp]
2026.03.10 16:01:19;Buy;0.01;XAUUSD;5 197.86;5 197.86;5 219.58;2026.03.10 16:22:06;5 219.58;-0.02;;21.72;[tp]
2026.03.10 16:01:19;Buy;0.01;XAUUSD;5 198.05;5 204.77;5 215.59;2026.03.10 16:21:11;5 215.59;-0.02;;17.54;[tp]
2026.03.10 16:01:19;Buy;0.01;XAUUSD;5 198.04;5 199.77;5 215.11;2026.03.10 16:19:02;5 215.11;-0.02;;17.07;[tp]
2026.03.09 01:00:17;Buy Stop;0.01;XAUUSD;5 590.76;5 435.51;5 627.66;2026.03.10 12:15:00;5 187.98;;;;cancelled
2026.03.09 02:45:00;Sell Stop;0.01;XAUUSD;4 998.29;5 102.05;4 980.67;2026.03.10 08:45:00;5 168.58;;;;cancelled
2026.03.09 01:00:18;Buy Stop;0.01;XAUUSD;5 416.89;5 313.13;5 434.51;2026.03.10 07:15:00;5 164.52;;;;cancelled
2026.03.09 02:45:00;Sell Stop;0.01;XAUUSD;4 999.22;5 213.43;4 982.25;2026.03.09 22:45:00;5 135.41;;;;cancelled
2026.03.09 01:00:17;Buy Stop;0.01;XAUUSD;5 416.80;5 202.59;5 433.77;2026.03.09 21:05:00;5 093.15;;;;cancelled
2026.03.06 16:30:02;Sell Stop;0.01;XAUUSD;4 999.01;5 043.53;4 970.32;2026.03.09 04:45:00;5 079.76;;;;cancelled
2026.03.06 16:30:02;Buy Stop;0.01;XAUUSD;5 418.05;5 373.53;5 446.74;2026.03.09 04:45:00;5 079.90;;;;cancelled
2026.03.09 02:42:57;Sell;0.01;XAUUSD;5 049.63;5 037.72;5 025.38;2026.03.09 03:15:06;5 038.69;-0.02;;10.94;[sl]
2026.03.09 02:42:57;Sell;0.01;XAUUSD;5 049.64;5 084.31;5 032.48;2026.03.09 03:13:56;5 032.48;-0.02;;17.16;[tp]
2026.03.09 02:42:57;Sell;0.01;XAUUSD;5 049.63;5 263.97;5 037.31;2026.03.09 03:13:31;5 037.31;-0.02;;12.32;[tp]
2026.03.09 02:42:57;Sell;0.01;XAUUSD;5 051.85;5 050.28;5 035.73;2026.03.09 02:43:02;5 050.65;-0.02;;1.20;[sl]
2026.03.06 18:00:00;Sell Stop;0.01;XAUUSD;5 054.32;5 089.23;5 032.27;2026.03.09 01:00:18;5 184.63;;;;cancelled
2026.03.06 17:00:00;Sell Stop;0.01;XAUUSD;5 053.38;5 158.26;5 035.57;2026.03.09 01:00:18;5 184.31;;;;cancelled
2026.03.06 16:30:02;Sell Stop;0.01;XAUUSD;4 999.26;5 034.17;4 977.21;2026.03.09 01:00:18;5 184.44;;;;cancelled
2026.03.06 16:30:02;Buy Stop;0.01;XAUUSD;5 416.67;5 381.76;5 438.72;2026.03.09 01:00:18;5 187.91;;;;cancelled
2026.03.06 16:30:02;Sell Stop;0.01;XAUUSD;4 998.32;5 103.20;4 980.51;2026.03.09 01:00:18;5 184.31;;;;cancelled
2026.03.06 16:30:01;Buy Stop;0.01;XAUUSD;5 416.87;5 311.99;5 434.68;2026.03.09 01:00:18;5 187.69;;;;cancelled
2026.03.06 22:00:00;Sell Stop;0.01;XAUUSD;5 054.31;5 270.83;5 037.16;2026.03.09 01:00:17;5 185.55;;;;cancelled
2026.03.06 16:30:01;Buy Stop;0.01;XAUUSD;5 590.69;5 433.76;5 627.99;2026.03.09 01:00:17;5 185.12;;;;cancelled
2026.03.06 16:30:01;Sell Stop;0.01;XAUUSD;4 999.25;5 215.77;4 982.10;2026.03.09 01:00:17;5 185.55;;;;cancelled
2026.03.06 16:30:01;Buy Stop;0.01;XAUUSD;5 416.77;5 200.25;5 433.92;2026.03.09 01:00:17;5 187.64;;;;cancelled
2026.03.05 14:00:00;Buy Stop;0.01;XAUUSD;5 416.69;5 382.08;5 438.55;2026.03.06 13:50:01;5 085.03;;;;cancelled
2026.03.04 15:00:00;Sell Stop;0.01;XAUUSD;4 999.38;5 035.56;4 976.53;2026.03.06 13:50:01;5 084.88;;;;cancelled
2026.03.06 11:00:00;Sell Stop;0.01;XAUUSD;4 999.25;5 215.77;4 982.10;2026.03.06 13:50:00;5 084.65;;;;cancelled
2026.03.06 10:15:00;Buy Stop;0.01;XAUUSD;5 590.69;5 433.76;5 627.99;2026.03.06 13:50:00;5 084.94;;;;cancelled
2026.03.06 01:03:06;Buy Stop;0.01;XAUUSD;5 414.87;5 389.14;5 520.34;2026.03.06 13:50:00;5 085.08;;;;cancelled
2026.03.05 23:00:00;Buy Stop;0.01;XAUUSD;5 416.80;5 202.18;5 433.80;2026.03.06 13:50:00;5 084.79;;;;cancelled
2026.03.05 22:00:00;Buy Stop;0.01;XAUUSD;5 418.06;5 373.93;5 446.50;2026.03.06 13:50:00;5 085.03;;;;cancelled
2026.03.05 20:00:00;Sell Stop;0.01;XAUUSD;4 998.30;5 102.26;4 980.65;2026.03.06 13:50:00;5 084.65;;;;cancelled
2026.03.05 18:00:00;Buy Stop;0.01;XAUUSD;5 416.89;5 312.93;5 434.54;2026.03.06 13:50:00;5 084.79;;;;cancelled
2026.03.05 06:00:00;Sell Stop;0.01;XAUUSD;4 999.33;5 024.83;4 843.15;2026.03.06 13:50:00;5 084.94;;;;cancelled
2026.03.05 01:00:01;Buy Stop;0.01;XAUUSD;5 415.93;5 398.08;5 500.08;2026.03.06 13:50:00;5 084.81;;;;cancelled
2026.03.04 18:00:00;Sell Stop;0.01;XAUUSD;4 999.11;5 045.25;4 969.38;2026.03.06 13:50:00;5 084.89;;;;cancelled
2026.03.03 22:00:00;Buy Stop;0.01;XAUUSD;5 417.90;5 391.01;5 582.63;2026.03.06 13:50:00;5 085.08;;;;cancelled
2026.02.27 02:00:00;Sell Stop;0.01;XAUUSD;4 844.76;4 870.57;4 686.68;2026.03.06 13:50:00;5 084.94;;;;cancelled
2026.02.26 17:00:01;Sell Stop;0.01;XAUUSD;4 403.82;4 429.53;4 298.42;2026.03.06 13:50:00;5 084.94;;;;cancelled
2026.02.24 17:00:00;Sell Stop;0.01;XAUUSD;4 405.08;4 422.95;4 320.82;2026.03.06 13:50:00;5 084.67;;;;cancelled
2026.03.05 15:00:00;Sell Stop;0.01;XAUUSD;4 999.22;5 213.84;4 982.22;2026.03.06 11:00:00;5 109.51;;;;cancelled
2026.03.04 23:15:00;Buy Stop;0.01;XAUUSD;5 590.43;5 427.82;5 629.08;2026.03.06 10:15:00;5 115.64;;;;cancelled
2026.02.26 17:00:00;Buy Stop;0.01;XAUUSD;5 593.39;5 567.68;5 698.79;2026.03.06 01:04:06;5 090.49;;;;cancelled
2026.03.05 03:00:00;Buy Stop;0.01;XAUUSD;5 416.80;5 202.18;5 433.80;2026.03.05 23:00:00;5 076.82;;;;cancelled
2026.03.03 10:00:00;Buy Stop;0.01;XAUUSD;5 418.00;5 371.45;5 448.00;2026.03.05 22:00:00;5 066.57;;;;cancelled
2026.03.03 13:45:00;Sell Stop;0.01;XAUUSD;4 844.80;4 881.30;4 821.75;2026.03.05 20:45:00;5 083.63;;;;cancelled
2026.03.04 14:00:00;Sell Stop;0.01;XAUUSD;4 998.40;5 107.08;4 979.95;2026.03.05 20:00:00;5 062.97;;;;cancelled
2026.03.04 12:00:00;Buy Stop;0.01;XAUUSD;5 416.78;5 308.10;5 435.23;2026.03.05 18:00:00;5 102.87;;;;cancelled
2026.03.04 19:00:00;Sell Stop;0.01;XAUUSD;4 999.36;5 223.72;4 981.59;2026.03.05 15:00:00;5 162.54;;;;cancelled
2026.03.03 07:00:00;Buy Stop;0.01;XAUUSD;5 416.55;5 380.05;5 439.60;2026.03.05 14:00:00;5 163.82;;;;cancelled
2026.03.04 07:00:00;Buy Stop;0.01;XAUUSD;5 416.69;5 192.33;5 434.46;2026.03.05 03:00:00;5 172.83;;;;cancelled
2026.03.03 12:15:00;Buy Stop;0.01;XAUUSD;5 590.36;5 426.31;5 629.36;2026.03.04 23:15:00;5 140.19;;;;cancelled
2026.03.03 06:00:00;Buy Stop;0.01;XAUUSD;5 416.76;5 307.12;5 435.38;2026.03.04 12:00:00;5 182.65;;;;cancelled
2026.03.03 11:00:00;Buy Stop;0.01;XAUUSD;5 416.66;5 190.30;5 434.59;2026.03.04 07:00:00;5 157.19;;;;cancelled
2026.03.03 13:31:28;Sell;0.01;XAUUSD;5 091.02;5 091.02;5 073.14;2026.03.03 13:33:49;5 091.51;-0.02;;-0.49;[sl]
2026.03.03 13:31:28;Sell;0.01;XAUUSD;5 091.02;5 090.40;5 065.92;2026.03.03 13:33:49;5 091.52;-0.02;;-0.50;[sl]
2026.03.03 13:31:28;Sell;0.01;XAUUSD;5 091.02;5 322.53;5 078.24;2026.03.03 13:31:37;5 078.24;-0.02;;12.78;[tp]
2026.03.03 13:29:36;Sell;0.01;XAUUSD;5 132.56;5 177.84;5 104.06;2026.03.03 13:31:27;5 104.06;-0.02;;28.50;[tp]
2026.03.03 13:29:37;Sell;0.01;XAUUSD;5 130.89;5 240.67;5 113.74;2026.03.03 13:31:19;5 113.74;-0.02;;17.15;[tp]
2026.03.03 13:29:36;Sell;0.01;XAUUSD;5 132.56;5 132.56;5 110.30;2026.03.03 13:30:05;5 135.86;-0.02;;-3.30;[sl]
2026.03.03 13:29:36;Sell;0.01;XAUUSD;5 132.56;5 132.56;5 111.01;2026.03.03 13:30:05;5 135.87;-0.02;;-3.31;[sl]
2026.03.03 13:29:36;Sell;0.01;XAUUSD;5 132.55;5 351.40;5 115.93;2026.03.03 13:29:47;5 115.93;-0.02;;16.62;[tp]
2026.03.02 01:00:12;Buy Stop;0.01;XAUUSD;5 590.63;5 432.50;5 628.22;2026.03.03 12:15:00;5 273.38;;;;cancelled
2026.03.02 01:00:13;Sell Stop;0.01;XAUUSD;5 132.27;5 237.96;5 114.32;2026.03.03 07:15:00;5 362.40;;;;cancelled
2026.03.02 01:00:12;Sell Stop;0.01;XAUUSD;5 133.21;5 351.40;5 115.93;2026.03.02 21:05:00;5 325.37;;;;cancelled
2026.02.27 18:00:00;Sell Stop;0.01;XAUUSD;5 132.96;5 177.63;5 104.17;2026.03.02 06:00:00;5 366.31;;;;cancelled
2026.02.27 15:00:00;Sell Stop;0.01;XAUUSD;5 133.21;5 168.24;5 111.09;2026.03.02 01:00:13;5 378.70;;;;cancelled
2026.02.25 17:00:00;Sell Stop;0.01;XAUUSD;5 095.83;5 141.06;5 066.68;2026.03.02 01:00:13;5 378.70;;;;cancelled
2026.02.25 13:15:00;Sell Stop;0.01;XAUUSD;4 844.44;4 889.67;4 815.29;2026.03.02 01:00:13;5 378.70;;;;cancelled
2026.02.27 19:00:00;Sell Stop;0.01;XAUUSD;5 133.20;5 350.42;5 115.99;2026.03.02 01:00:12;5 378.80;;;;cancelled
2026.02.27 14:00:00;Sell Stop;0.01;XAUUSD;5 132.26;5 237.48;5 114.39;2026.03.02 01:00:12;5 378.20;;;;cancelled
2026.02.27 10:15:00;Buy Stop;0.01;XAUUSD;5 590.66;5 433.23;5 628.08;2026.03.02 01:00:12;5 380.70;;;;cancelled
2026.02.27 10:00:00;Sell Stop;0.01;XAUUSD;5 096.04;5 313.26;5 078.83;2026.03.02 01:00:12;5 378.80;;;;cancelled
2026.02.26 19:00:00;Sell Stop;0.01;XAUUSD;5 095.10;5 199.91;5 077.30;2026.03.02 01:00:12;5 378.70;;;;cancelled
2026.02.25 14:00:00;Sell Stop;0.01;XAUUSD;5 096.09;5 131.55;5 073.69;2026.02.27 21:00:00;5 244.94;;;;cancelled
2026.02.27 18:11:06;Buy;0.01;XAUUSD;5 248.61;5 222.65;5 408.64;2026.02.27 18:24:27;5 222.46;-0.02;;-26.15;[sl]
2026.02.27 18:10:38;Buy;0.01;XAUUSD;5 246.60;5 246.60;5 331.71;2026.02.27 18:20:15;5 246.21;-0.02;;-0.39;[sl]
2026.02.27 18:10:56;Buy;0.01;XAUUSD;5 247.66;5 247.66;5 269.44;2026.02.27 18:20:13;5 246.84;-0.02;;-0.82;[sl]
2026.02.27 18:11:07;Buy;0.01;XAUUSD;5 248.84;5 249.44;5 277.50;2026.02.27 18:20:04;5 248.92;-0.02;;0.08;[sl]
2026.02.27 18:10:56;Buy;0.01;XAUUSD;5 247.70;5 249.29;5 265.39;2026.02.27 18:20:04;5 248.92;-0.02;;1.22;[sl]
2026.02.27 18:10:56;Buy;0.01;XAUUSD;5 247.69;5 249.41;5 264.64;2026.02.27 18:20:04;5 248.92;-0.02;;1.23;[sl]
2026.02.27 17:58:21;Buy;0.01;XAUUSD;5 246.99;5 228.47;5 331.71;2026.02.27 17:59:00;5 243.18;-0.02;;-3.81;
2026.02.27 15:15:26;Buy;0.01;XAUUSD;5 217.17;5 229.55;5 245.25;2026.02.27 15:30:05;5 229.08;-0.02;;11.91;[sl]
2026.02.27 15:15:26;Buy;0.01;XAUUSD;5 217.18;5 217.18;5 237.24;2026.02.27 15:25:57;5 237.24;-0.02;;20.06;[tp]
2026.02.27 15:15:26;Buy;0.01;XAUUSD;5 217.17;5 218.89;5 232.45;2026.02.27 15:23:41;5 232.45;-0.02;;15.28;[tp]
2026.02.27 15:15:26;Buy;0.01;XAUUSD;5 217.17;5 219.47;5 233.20;2026.02.27 15:23:41;5 233.20;-0.02;;16.03;[tp]
2026.02.26 19:00:00;Buy Stop;0.01;XAUUSD;5 247.44;5 031.07;5 264.58;2026.02.27 15:00:00;5 187.78;;;;cancelled
2026.02.25 02:00:00;Buy Stop;0.01;XAUUSD;5 248.69;5 203.46;5 277.84;2026.02.27 14:00:00;5 186.21;;;;cancelled
2026.02.25 23:15:00;Buy Stop;0.01;XAUUSD;5 590.57;5 431.17;5 628.46;2026.02.27 10:15:00;5 178.70;;;;cancelled
2026.02.26 14:00:00;Sell Stop;0.01;XAUUSD;5 096.03;5 312.40;5 078.89;2026.02.27 10:00:00;5 176.94;;;;cancelled
2026.02.26 03:00:00;Buy Stop;0.01;XAUUSD;5 247.53;5 142.72;5 265.33;2026.02.27 09:00:00;5 185.82;;;;cancelled
2026.02.25 01:00:02;Sell Stop;0.01;XAUUSD;4 844.70;4 880.16;4 822.30;2026.02.27 08:15:00;5 197.21;;;;cancelled
2026.02.25 01:00:02;Buy Stop;0.01;XAUUSD;5 247.29;5 211.83;5 269.69;2026.02.27 08:15:00;5 197.25;;;;cancelled
2026.02.24 22:00:00;Buy Stop;0.01;XAUUSD;5 247.35;5 212.70;5 269.24;2026.02.27 05:00:00;5 184.00;;;;cancelled
2026.02.19 02:00:00;Sell Stop;0.01;XAUUSD;4 844.57;4 868.89;4 695.59;2026.02.27 02:00:00;5 184.58;;;;cancelled
2026.02.23 02:00:00;Buy Stop;0.01;XAUUSD;5 594.51;5 577.02;5 676.95;2026.02.27 01:00:14;5 186.21;;;;cancelled
2026.02.25 23:00:00;Buy Stop;0.01;XAUUSD;5 247.40;5 027.46;5 264.82;2026.02.26 19:00:00;5 179.88;;;;cancelled
2026.02.25 13:00:00;Sell Stop;0.01;XAUUSD;5 095.13;5 201.67;5 077.04;2026.02.26 19:00:00;5 180.18;;;;cancelled
2026.02.06 16:30:01;Sell Stop;0.01;XAUUSD;4 403.76;4 428.63;4 301.78;2026.02.26 17:00:00;5 164.68;;;;cancelled
2026.02.06 16:30:01;Buy Stop;0.01;XAUUSD;5 593.53;5 568.66;5 695.51;2026.02.26 17:00:00;5 163.44;;;;cancelled
2026.02.25 18:00:00;Sell Stop;0.01;XAUUSD;5 096.08;5 316.02;5 078.66;2026.02.26 14:00:00;5 165.17;;;;cancelled
2026.02.25 13:05:00;Sell Stop;0.01;XAUUSD;4 844.69;5 064.63;4 827.27;2026.02.26 09:05:00;5 190.53;;;;cancelled
2026.02.24 01:00:00;Sell Stop;0.01;XAUUSD;4 844.63;4 879.28;4 822.74;2026.02.26 08:00:00;5 198.52;;;;cancelled
2026.02.24 21:00:00;Buy Stop;0.01;XAUUSD;5 247.54;5 143.44;5 265.22;2026.02.26 03:00:00;5 188.50;;;;cancelled
2026.02.24 12:15:00;Buy Stop;0.01;XAUUSD;5 590.74;5 434.99;5 627.76;2026.02.25 23:15:00;5 162.03;;;;cancelled
2026.02.25 03:00:00;Buy Stop;0.01;XAUUSD;5 247.40;5 027.46;5 264.82;2026.02.25 23:00:00;5 152.14;;;;cancelled
2026.02.17 14:00:00;Sell Stop;0.01;XAUUSD;4 658.50;4 683.68;4 504.29;2026.02.25 14:00:00;5 181.42;;;;cancelled
2026.02.24 07:15:00;Sell Stop;0.01;XAUUSD;4 843.69;4 947.79;4 826.01;2026.02.25 13:15:00;5 163.73;;;;cancelled
2026.02.23 01:00:02;Sell Stop;0.01;XAUUSD;4 844.32;4 887.56;4 816.46;2026.02.25 13:15:00;5 163.73;;;;cancelled
2026.02.24 17:05:00;Sell Stop;0.01;XAUUSD;4 844.62;5 059.53;4 827.60;2026.02.25 13:05:00;5 171.30;;;;cancelled
2026.02.23 04:00:00;Sell Stop;0.01;XAUUSD;4 844.56;4 878.46;4 823.15;2026.02.25 11:00:00;5 185.08;;;;cancelled
2026.02.23 21:05:00;Sell Stop;0.01;XAUUSD;4 844.55;5 054.80;4 827.90;2026.02.24 17:05:00;5 125.46;;;;cancelled
2026.02.06 16:30:01;Sell Stop;0.01;XAUUSD;4 405.00;4 422.41;4 322.92;2026.02.24 17:00:00;5 128.51;;;;cancelled
2026.02.23 01:00:01;Buy Stop;0.01;XAUUSD;5 590.89;5 438.51;5 627.11;2026.02.24 12:15:00;5 174.75;;;;cancelled
2026.02.23 01:00:01;Sell Stop;0.01;XAUUSD;4 843.64;4 945.48;4 826.35;2026.02.24 07:15:00;5 172.05;;;;cancelled
2026.02.23 01:00:01;Sell Stop;0.01;XAUUSD;4 844.55;5 054.80;4 827.90;2026.02.23 21:05:00;5 209.34;;;;cancelled
2026.02.20 21:00:00;Sell Stop;0.01;XAUUSD;4 844.55;4 878.30;4 823.23;2026.02.23 04:00:00;5 157.19;;;;cancelled
2026.02.23 01:02:16;Buy;0.01;XAUUSD;5 117.93;5 156.35;5 197.18;2026.02.23 02:00:28;5 155.19;-0.02;;37.26;[sl]
2026.02.23 01:02:16;Buy;0.01;XAUUSD;5 117.94;5 117.94;5 138.05;2026.02.23 01:08:46;5 138.05;-0.02;;20.11;[tp]
2026.02.20 16:45:00;Buy Stop;0.01;XAUUSD;5 116.65;5 082.90;5 137.97;2026.02.23 01:00:02;5 111.90;;;;cancelled
2026.02.18 17:00:00;Sell Stop;0.01;XAUUSD;4 844.32;4 887.54;4 816.46;2026.02.23 01:00:02;5 108.30;;;;cancelled
2026.02.20 10:15:00;Buy Stop;0.01;XAUUSD;5 590.92;5 439.21;5 626.98;2026.02.23 01:00:01;5 109.87;;;;cancelled
2026.02.20 10:00:00;Sell Stop;0.01;XAUUSD;4 844.54;5 053.87;4 827.96;2026.02.23 01:00:01;5 108.30;;;;cancelled
2026.02.19 19:00:00;Sell Stop;0.01;XAUUSD;4 843.59;4 942.75;4 826.75;2026.02.23 01:00:01;5 108.30;;;;cancelled
2026.02.13 02:00:00;Buy Stop;0.01;XAUUSD;5 117.87;5 092.44;5 273.60;2026.02.23 01:00:01;5 109.91;;;;cancelled
2026.02.18 14:00:00;Sell Stop;0.01;XAUUSD;4 844.56;4 878.45;4 823.15;2026.02.20 21:00:00;5 071.68;;;;cancelled
2026.02.20 16:31:44;Buy;0.01;XAUUSD;5 049.74;5 049.74;5 070.76;2026.02.20 16:57:07;5 049.73;-0.02;;-0.01;[sl]
2026.02.20 16:31:44;Buy;0.01;XAUUSD;5 049.74;5 049.74;5 070.35;2026.02.20 16:57:07;5 049.73;-0.02;;-0.01;[sl]
2026.02.20 16:31:44;Buy;0.01;XAUUSD;5 049.74;5 051.40;5 066.13;2026.02.20 16:56:37;5 051.27;-0.02;;1.53;[sl]
2026.02.20 16:32:28;Buy;0.01;XAUUSD;5 051.02;5 051.59;5 077.94;2026.02.20 16:56:37;5 051.56;-0.02;;0.54;[sl]
2026.02.19 17:05:00;Buy Stop;0.01;XAUUSD;5 049.60;4 844.89;5 065.82;2026.02.20 13:05:00;5 033.11;;;;cancelled
2026.02.18 23:15:00;Buy Stop;0.01;XAUUSD;5 590.89;5 438.55;5 627.10;2026.02.20 10:15:00;5 011.96;;;;cancelled
2026.02.19 14:00:00;Sell Stop;0.01;XAUUSD;4 844.47;5 049.18;4 828.25;2026.02.20 10:00:00;5 006.41;;;;cancelled
2026.02.18 13:00:00;Sell Stop;0.01;XAUUSD;4 843.64;4 945.45;4 826.35;2026.02.19 19:00:00;4 995.07;;;;cancelled
2026.02.18 21:05:00;Buy Stop;0.01;XAUUSD;5 049.54;4 839.35;5 066.19;2026.02.19 17:05:00;5 004.29;;;;cancelled
2026.02.17 04:00:00;Buy Stop;0.01;XAUUSD;5 050.77;5 007.19;5 078.85;2026.02.19 16:00:00;4 997.09;;;;cancelled
2026.02.17 07:45:00;Sell Stop;0.01;XAUUSD;4 658.41;4 692.58;4 636.83;2026.02.19 14:45:00;4 986.33;;;;cancelled
2026.02.18 18:00:00;Sell Stop;0.01;XAUUSD;4 844.55;5 054.74;4 827.90;2026.02.19 14:00:00;4 984.88;;;;cancelled
2026.02.11 13:00:00;Buy Stop;0.01;XAUUSD;5 596.50;5 571.21;5 751.39;2026.02.19 13:00:00;4 993.46;;;;cancelled
2026.02.17 01:00:01;Buy Stop;0.01;XAUUSD;5 049.41;5 015.24;5 070.99;2026.02.19 08:15:00;4 999.24;;;;cancelled
2026.02.17 12:15:00;Buy Stop;0.01;XAUUSD;5 590.84;5 437.26;5 627.35;2026.02.18 23:15:00;4 981.08;;;;cancelled
2026.02.18 01:01:22;Buy Stop;0.01;XAUUSD;5 049.54;4 839.35;5 066.19;2026.02.18 21:05:00;4 991.76;;;;cancelled
2026.02.17 07:15:00;Buy Stop;0.01;XAUUSD;5 116.82;5 014.17;5 134.25;2026.02.18 13:15:00;4 915.89;;;;cancelled
2026.02.16 01:00:04;Buy Stop;0.01;XAUUSD;5 118.00;5 075.39;5 145.46;2026.02.18 13:15:00;4 915.89;;;;cancelled
2026.02.16 01:00:05;Buy Stop;0.01;XAUUSD;5 116.68;5 083.27;5 137.78;2026.02.18 08:15:00;4 927.02;;;;cancelled
2026.02.17 05:00:00;Buy Stop;0.01;XAUUSD;5 049.52;4 837.61;5 066.31;2026.02.18 01:01:22;4 867.12;;;;cancelled
2026.02.16 21:05:00;Buy Stop;0.01;XAUUSD;5 116.78;4 909.58;5 133.19;2026.02.17 17:05:00;4 868.53;;;;cancelled
2026.02.09 14:00:00;Sell Stop;0.01;XAUUSD;4 658.35;4 682.31;4 511.59;2026.02.17 14:00:00;4 928.95;;;;cancelled
2026.02.16 01:00:03;Buy Stop;0.01;XAUUSD;5 590.99;5 440.82;5 626.69;2026.02.17 12:15:00;4 936.74;;;;cancelled
2026.02.17 07:31:50;Sell;0.01;XAUUSD;4 876.04;4 919.77;4 853.87;2026.02.17 09:39:29;4 920.05;-0.02;;-44.01;[sl]
2026.02.17 07:31:50;Sell;0.01;XAUUSD;4 876.04;4 901.37;4 730.88;2026.02.17 08:19:31;4 901.51;-0.02;;-25.47;[sl]
2026.02.17 07:31:50;Sell;0.01;XAUUSD;4 876.04;4 910.37;4 860.06;2026.02.17 07:32:05;4 860.06;-0.02;;15.98;[tp]
2026.02.17 07:31:50;Sell;0.01;XAUUSD;4 876.05;4 910.38;4 860.47;2026.02.17 07:32:05;4 860.47;-0.02;;15.58;[tp]
2026.02.17 07:31:50;Sell;0.01;XAUUSD;4 876.05;4 978.86;4 863.28;2026.02.17 07:32:04;4 863.28;-0.02;;12.77;[tp]
2026.02.17 07:31:50;Sell;0.01;XAUUSD;4 876.04;5 088.11;4 865.14;2026.02.17 07:32:04;4 865.14;-0.02;;10.90;[tp]
2026.02.16 01:00:04;Sell Stop;0.01;XAUUSD;4 880.66;4 981.02;4 863.62;2026.02.17 07:15:00;4 928.21;;;;cancelled
2026.02.16 01:00:04;Buy Stop;0.01;XAUUSD;5 116.87;5 016.51;5 133.91;2026.02.17 07:15:00;4 928.31;;;;cancelled
2026.02.16 01:00:04;Sell Stop;0.01;XAUUSD;4 881.55;5 088.75;4 865.14;2026.02.16 21:05:00;4 995.52;;;;cancelled
2026.02.16 01:00:04;Buy Stop;0.01;XAUUSD;5 116.78;4 909.58;5 133.19;2026.02.16 21:05:00;4 995.67;;;;cancelled
2026.02.13 19:00:00;Sell Stop;0.01;XAUUSD;4 881.42;4 925.43;4 853.06;2026.02.16 07:00:00;4 977.86;;;;cancelled
2026.02.13 16:00:00;Sell Stop;0.01;XAUUSD;4 881.67;4 916.18;4 859.88;2026.02.16 01:00:05;5 049.76;;;;cancelled
2026.02.13 08:15:00;Sell Stop;0.01;XAUUSD;4 658.44;4 692.95;4 636.65;2026.02.16 01:00:05;5 049.76;;;;cancelled
2026.02.12 12:00:00;Buy Stop;0.01;XAUUSD;5 116.63;5 082.53;5 138.17;2026.02.16 01:00:05;5 052.29;;;;cancelled
2026.02.06 16:30:01;Buy Stop;0.01;XAUUSD;5 594.53;5 577.12;5 676.61;2026.02.16 01:00:05;5 051.60;;;;cancelled
2026.02.13 20:00:00;Sell Stop;0.01;XAUUSD;4 881.65;5 095.65;4 864.70;2026.02.16 01:00:04;5 051.93;;;;cancelled
2026.02.13 17:00:00;Buy Stop;0.01;XAUUSD;5 116.79;5 013.13;5 134.39;2026.02.16 01:00:04;5 054.34;;;;cancelled
2026.02.13 15:00:00;Sell Stop;0.01;XAUUSD;4 880.73;4 984.39;4 863.13;2026.02.16 01:00:04;5 050.24;;;;cancelled
2026.02.13 12:00:00;Buy Stop;0.01;XAUUSD;5 116.70;4 902.70;5 133.65;2026.02.16 01:00:04;5 054.34;;;;cancelled
2026.02.13 09:10:00;Sell Stop;0.01;XAUUSD;4 658.42;4 872.42;4 641.47;2026.02.16 01:00:04;5 051.93;;;;cancelled
2026.02.12 19:30:00;Sell Stop;0.01;XAUUSD;4 657.48;4 759.92;4 640.08;2026.02.16 01:00:04;5 050.24;;;;cancelled
2026.02.12 15:00:00;Buy Stop;0.01;XAUUSD;5 117.98;5 074.49;5 146.01;2026.02.16 01:00:04;5 052.25;;;;cancelled
2026.02.11 15:00:00;Sell Stop;0.01;XAUUSD;4 658.17;4 701.94;4 629.96;2026.02.16 01:00:04;5 050.02;;;;cancelled
2026.02.06 16:30:01;Sell Stop;0.01;XAUUSD;4 405.13;4 430.00;4 252.78;2026.02.16 01:00:04;5 051.93;;;;cancelled
2026.02.13 10:00:00;Buy Stop;0.01;XAUUSD;5 590.77;5 435.67;5 627.64;2026.02.16 01:00:03;5 054.34;;;;cancelled
2026.02.11 12:45:00;Buy Stop;0.01;XAUUSD;5 595.23;5 560.91;5 616.91;2026.02.13 19:45:00;5 022.71;;;;cancelled
2026.02.12 11:00:00;Buy Stop;0.01;XAUUSD;5 116.82;5 014.38;5 134.22;2026.02.13 17:00:00;4 997.63;;;;cancelled
2026.02.12 16:00:00;Buy Stop;0.01;XAUUSD;5 116.73;4 905.24;5 133.48;2026.02.13 12:00:00;4 970.19;;;;cancelled
2026.02.11 23:00:00;Buy Stop;0.01;XAUUSD;5 590.81;5 436.55;5 627.48;2026.02.13 10:00:00;4 975.44;;;;cancelled
2026.02.12 13:05:01;Sell Stop;0.01;XAUUSD;4 658.39;4 869.88;4 641.64;2026.02.13 09:10:00;4 958.60;;;;cancelled
2026.02.11 01:00:01;Sell Stop;0.01;XAUUSD;4 658.42;4 692.74;4 636.74;2026.02.13 08:15:00;4 958.25;;;;cancelled
2026.02.11 13:30:00;Sell Stop;0.01;XAUUSD;4 657.49;4 760.59;4 639.98;2026.02.12 19:30:00;4 965.68;;;;cancelled
2026.02.11 17:05:00;Sell Stop;0.01;XAUUSD;4 658.41;4 871.25;4 641.55;2026.02.12 13:05:01;5 061.74;;;;cancelled
2026.02.10 01:00:02;Sell Stop;0.01;XAUUSD;4 658.37;4 692.17;4 637.03;2026.02.12 08:15:00;5 069.15;;;;cancelled
2026.02.10 12:00:00;Buy Stop;0.01;XAUUSD;5 590.91;5 439.01;5 627.02;2026.02.11 23:00:00;5 086.89;;;;cancelled
2026.02.10 21:05:00;Sell Stop;0.01;XAUUSD;4 658.36;4 867.95;4 641.76;2026.02.11 17:05:00;5 064.59;;;;cancelled
2026.02.09 03:00:00;Sell Stop;0.01;XAUUSD;4 658.02;4 699.49;4 631.29;2026.02.11 15:00:00;5 083.48;;;;cancelled
2026.02.11 12:44:11;Buy;0.01;XAUUSD;5 091.59;5 097.91;5 243.34;2026.02.11 14:17:41;5 097.86;-0.02;;6.27;[sl]
2026.02.10 07:15:01;Sell Stop;0.01;XAUUSD;4 657.46;4 758.98;4 640.22;2026.02.11 13:30:00;5 107.75;;;;cancelled
2026.02.11 12:40:52;Buy;0.01;XAUUSD;5 084.40;5 084.40;5 105.23;2026.02.11 13:03:39;5 084.00;-0.02;;-0.40;[sl]
2026.02.11 12:44:09;Buy;0.01;XAUUSD;5 090.23;5 090.23;5 111.08;2026.02.11 13:02:07;5 090.03;-0.02;;-0.20;[sl]
2026.02.11 12:40:52;Buy;0.01;XAUUSD;5 084.40;5 090.89;5 101.32;2026.02.11 13:02:01;5 090.52;-0.02;;6.12;[sl]
2026.02.09 06:00:00;Sell Stop;0.01;XAUUSD;4 658.26;4 690.78;4 637.72;2026.02.11 13:00:00;5 093.62;;;;cancelled
2026.02.11 12:40:52;Buy;0.01;XAUUSD;5 084.41;5 086.10;5 100.82;2026.02.11 12:49:50;5 100.82;-0.02;;16.41;[tp]
2026.02.11 12:44:09;Buy;0.01;XAUUSD;5 090.22;5 091.91;5 106.44;2026.02.11 12:46:13;5 091.62;-0.02;;1.40;[sl]
2026.02.11 12:44:09;Buy;0.01;XAUUSD;5 090.23;5 091.79;5 107.17;2026.02.11 12:46:13;5 091.62;-0.02;;1.39;[sl]
2026.02.11 12:44:11;Buy;0.01;XAUUSD;5 091.58;5 092.16;5 117.85;2026.02.11 12:46:13;5 091.63;-0.02;;0.05;[sl]
2026.02.11 12:41:16;Buy;0.01;XAUUSD;5 085.37;5 042.13;5 113.01;2026.02.11 12:42:00;5 082.10;-0.02;;-3.27;
2026.02.09 01:00:01;Buy Stop;0.01;XAUUSD;5 089.83;5 057.31;5 110.37;2026.02.11 08:15:00;5 054.78;;;;cancelled
2026.02.10 01:00:02;Sell Stop;0.01;XAUUSD;4 658.36;4 867.95;4 641.76;2026.02.10 21:05:00;5 010.20;;;;cancelled
2026.02.09 21:05:00;Buy Stop;0.01;XAUUSD;5 089.93;4 888.25;5 105.90;2026.02.10 17:05:00;5 035.29;;;;cancelled
2026.02.09 01:00:00;Buy Stop;0.01;XAUUSD;5 591.17;5 445.00;5 625.91;2026.02.10 12:00:00;5 046.93;;;;cancelled
2026.02.09 01:00:01;Buy Stop;0.01;XAUUSD;5 090.02;4 992.33;5 106.61;2026.02.10 07:15:01;5 029.97;;;;cancelled
2026.02.09 01:00:01;Sell Stop;0.01;XAUUSD;4 657.38;4 755.07;4 640.79;2026.02.10 07:15:00;5 029.80;;;;cancelled
2026.02.09 04:00:00;Sell Stop;0.01;XAUUSD;4 658.25;4 859.93;4 642.28;2026.02.10 01:00:02;5 057.50;;;;cancelled
2026.02.09 01:00:01;Sell Stop;0.01;XAUUSD;4 404.92;4 606.60;4 388.95;2026.02.09 21:05:00;5 066.20;;;;cancelled
2026.02.09 01:00:01;Buy Stop;0.01;XAUUSD;5 089.93;4 888.25;5 105.90;2026.02.09 21:05:00;5 066.38;;;;cancelled
2026.02.06 23:00:00;Sell Stop;0.01;XAUUSD;4 658.37;4 692.13;4 637.05;2026.02.09 06:00:00;5 016.45;;;;cancelled
2026.02.06 16:30:02;Sell Stop;0.01;XAUUSD;4 404.79;4 447.84;4 377.05;2026.02.09 04:45:00;4 996.06;;;;cancelled
2026.02.06 16:30:02;Buy Stop;0.01;XAUUSD;5 091.08;5 048.03;5 118.82;2026.02.09 04:45:00;4 998.09;;;;cancelled
2026.02.06 22:00:00;Sell Stop;0.01;XAUUSD;4 657.45;4 758.85;4 640.23;2026.02.09 01:00:01;4 980.71;;;;cancelled
2026.02.06 16:30:02;Sell Stop;0.01;XAUUSD;4 405.04;4 438.80;4 383.72;2026.02.09 01:00:01;4 980.71;;;;cancelled
2026.02.06 16:30:02;Buy Stop;0.01;XAUUSD;5 089.74;5 055.98;5 111.06;2026.02.09 01:00:01;4 982.63;;;;cancelled
2026.02.06 16:30:02;Sell Stop;0.01;XAUUSD;4 404.12;4 505.52;4 386.90;2026.02.09 01:00:01;4 980.71;;;;cancelled
2026.02.06 16:30:02;Buy Stop;0.01;XAUUSD;5 089.93;4 988.53;5 107.15;2026.02.09 01:00:01;4 982.63;;;;cancelled
2026.02.06 16:30:01;Buy Stop;0.01;XAUUSD;5 089.85;4 880.50;5 106.43;2026.02.09 01:00:01;4 982.63;;;;cancelled
2026.02.06 16:30:02;Buy Stop;0.01;XAUUSD;5 590.92;5 439.20;5 626.99;2026.02.09 01:00:00;4 982.63;;;;cancelled
2026.02.06 16:30:01;Sell Stop;0.01;XAUUSD;4 405.03;4 614.38;4 388.45;2026.02.09 01:00:00;4 980.71;;;;cancelled
2026.02.05 21:00:00;Sell Stop;0.01;XAUUSD;4 404.78;4 447.57;4 377.21;2026.02.06 13:50:01;4 884.60;;;;cancelled
2026.02.05 08:00:00;Buy Stop;0.01;XAUUSD;5 089.76;5 056.21;5 110.95;2026.02.06 13:50:01;4 884.77;;;;cancelled
2026.02.05 01:00:07;Sell Stop;0.01;XAUUSD;4 405.02;4 438.57;4 383.83;2026.02.06 13:50:01;4 884.62;;;;cancelled
2026.02.05 01:00:07;Buy Stop;0.01;XAUUSD;5 595.29;5 561.74;5 616.48;2026.02.06 13:50:01;4 884.79;;;;cancelled
2026.02.04 08:15:00;Buy Stop;0.01;XAUUSD;5 595.42;5 563.71;5 615.45;2026.02.06 13:50:01;4 884.79;;;;cancelled
2026.02.06 13:00:00;Buy Stop;0.01;XAUUSD;5 089.93;4 988.53;5 107.15;2026.02.06 13:50:00;4 884.79;;;;cancelled
2026.02.06 12:15:00;Buy Stop;0.01;XAUUSD;5 590.92;5 439.20;5 626.99;2026.02.06 13:50:00;4 884.81;;;;cancelled
2026.02.06 08:00:00;Buy Stop;0.01;XAUUSD;5 089.85;4 880.50;5 106.43;2026.02.06 13:50:00;4 884.79;;;;cancelled
2026.02.06 01:00:03;Sell Stop;0.01;XAUUSD;4 403.76;4 428.63;4 301.78;2026.02.06 13:50:00;4 884.62;;;;cancelled
2026.02.05 22:00:00;Sell Stop;0.01;XAUUSD;4 405.01;4 613.09;4 388.53;2026.02.06 13:50:00;4 884.62;;;;cancelled
2026.02.05 22:00:00;Buy Stop;0.01;XAUUSD;5 090.99;5 066.27;5 242.41;2026.02.06 13:50:00;4 884.81;;;;cancelled
2026.02.05 17:00:00;Sell Stop;0.01;XAUUSD;4 404.11;4 504.90;4 386.99;2026.02.06 13:50:00;4 884.62;;;;cancelled
2026.02.05 11:00:00;Buy Stop;0.01;XAUUSD;5 091.09;5 048.30;5 118.66;2026.02.06 13:50:00;4 884.77;;;;cancelled
2026.02.05 01:00:07;Sell Stop;0.01;XAUUSD;4 404.99;4 422.30;4 323.41;2026.02.06 13:50:00;4 884.62;;;;cancelled
2026.02.04 13:15:00;Buy Stop;0.01;XAUUSD;5 596.68;5 556.24;5 622.74;2026.02.06 13:50:00;4 884.77;;;;cancelled
2026.02.04 01:00:02;Buy Stop;0.01;XAUUSD;5 593.79;5 570.43;5 689.58;2026.02.06 13:50:00;4 884.79;;;;cancelled
2026.02.03 18:00:00;Sell Stop;0.01;XAUUSD;4 405.01;4 428.91;4 258.65;2026.02.06 13:50:00;4 884.64;;;;cancelled
2026.02.03 01:00:03;Buy Stop;0.01;XAUUSD;5 594.65;5 577.92;5 673.51;2026.02.06 13:50:00;4 884.79;;;;cancelled
2026.01.30 14:00:00;Buy Stop;0.01;XAUUSD;5 596.41;5 569.31;5 762.38;2026.02.06 13:50:00;4 884.81;;;;cancelled
2026.02.05 07:00:00;Buy Stop;0.01;XAUUSD;5 089.95;4 989.16;5 107.07;2026.02.06 13:00:00;4 878.46;;;;cancelled
2026.02.05 01:00:07;Buy Stop;0.01;XAUUSD;5 590.96;5 440.16;5 626.81;2026.02.06 12:15:00;4 872.26;;;;cancelled
2026.02.05 12:00:00;Buy Stop;0.01;XAUUSD;5 089.86;4 881.78;5 106.34;2026.02.06 08:00:00;4 897.91;;;;cancelled
2026.02.05 09:05:00;Buy Stop;0.01;XAUUSD;5 595.39;5 387.31;5 611.87;2026.02.06 05:05:00;4 831.99;;;;cancelled
2026.01.29 17:00:00;Sell Stop;0.01;XAUUSD;3 888.41;3 914.30;3 782.25;2026.02.06 01:00:03;4 792.32;;;;cancelled
2026.02.05 02:00:00;Sell Stop;0.01;XAUUSD;4 405.01;4 613.09;4 388.53;2026.02.05 22:00:00;4 830.06;;;;cancelled
2026.02.03 09:00:00;Sell Stop;0.01;XAUUSD;4 404.69;4 446.05;4 378.04;2026.02.05 21:00:00;4 858.21;;;;cancelled
2026.02.04 13:15:00;Buy Stop;0.01;XAUUSD;5 595.60;5 500.35;5 611.78;2026.02.05 19:15:00;4 875.42;;;;cancelled
2026.02.04 11:00:00;Sell Stop;0.01;XAUUSD;4 404.00;4 499.25;4 387.82;2026.02.05 17:00:00;4 845.43;;;;cancelled
2026.02.03 06:00:00;Sell Stop;0.01;XAUUSD;4 404.92;4 437.35;4 384.44;2026.02.05 13:00:00;4 877.01;;;;cancelled
2026.02.04 01:00:02;Buy Stop;0.01;XAUUSD;5 591.33;5 448.81;5 625.21;2026.02.05 12:15:00;4 873.96;;;;cancelled
2026.02.04 13:05:00;Buy Stop;0.01;XAUUSD;5 595.52;5 398.87;5 611.10;2026.02.05 09:05:00;4 926.71;;;;cancelled
2026.02.04 06:00:00;Sell Stop;0.01;XAUUSD;4 404.84;4 601.49;4 389.26;2026.02.05 02:00:00;5 011.79;;;;cancelled
2026.01.27 17:00:00;Sell Stop;0.01;XAUUSD;4 277.65;4 295.18;4 195.02;2026.02.05 01:00:07;4 973.87;;;;cancelled
2026.02.03 07:15:00;Buy Stop;0.01;XAUUSD;5 595.55;5 498.13;5 612.09;2026.02.04 13:15:00;5 042.80;;;;cancelled
2026.02.02 01:00:26;Buy Stop;0.01;XAUUSD;5 596.52;5 549.91;5 626.56;2026.02.04 13:15:00;5 042.78;;;;cancelled
2026.02.03 17:05:00;Buy Stop;0.01;XAUUSD;5 595.47;5 394.35;5 611.40;2026.02.04 13:05:00;5 049.36;;;;cancelled
2026.02.03 05:00:00;Sell Stop;0.01;XAUUSD;4 404.04;4 501.46;4 387.50;2026.02.04 11:00:00;5 083.40;;;;cancelled
2026.02.02 01:00:26;Buy Stop;0.01;XAUUSD;5 595.07;5 558.52;5 618.15;2026.02.04 08:15:00;5 059.55;;;;cancelled
2026.02.03 10:00:00;Sell Stop;0.01;XAUUSD;4 404.91;4 606.03;4 388.98;2026.02.04 06:00:00;5 070.24;;;;cancelled
2026.02.02 21:05:00;Buy Stop;0.01;XAUUSD;5 595.18;5 368.53;5 613.13;2026.02.03 17:05:00;4 919.44;;;;cancelled
2026.02.02 01:00:26;Buy Stop;0.01;XAUUSD;5 595.27;5 485.49;5 613.91;2026.02.03 07:15:00;4 812.89;;;;cancelled
2026.02.02 01:00:26;Buy Stop;0.01;XAUUSD;5 595.18;5 368.53;5 613.13;2026.02.02 21:05:00;4 646.60;;;;cancelled
2026.02.02 07:49:16;Sell;0.01;XAUUSD;4 539.60;4 576.66;4 517.03;2026.02.02 07:50:00;4 556.60;-0.02;;-17.00;
2026.02.02 07:49:16;Sell;0.01;XAUUSD;4 539.56;4 565.03;4 386.46;2026.02.02 07:50:00;4 556.17;-0.02;;-16.61;
2026.01.30 23:00:00;Buy Stop;0.01;XAUUSD;5 595.16;5 367.09;5 613.22;2026.02.02 01:00:26;4 781.23;;;;cancelled
2026.01.30 02:00:00;Buy Stop;0.01;XAUUSD;5 596.51;5 549.61;5 626.73;2026.02.02 01:00:26;4 781.22;;;;cancelled
2026.01.30 01:00:04;Sell Stop;0.01;XAUUSD;4 540.13;4 576.91;4 516.90;2026.02.02 01:00:26;4 779.15;;;;cancelled
2026.01.30 01:00:04;Buy Stop;0.01;XAUUSD;5 595.05;5 558.27;5 618.28;2026.02.02 01:00:26;4 781.32;;;;cancelled
2026.01.29 22:00:00;Buy Stop;0.01;XAUUSD;5 595.17;5 560.03;5 617.36;2026.02.02 01:00:26;4 781.32;;;;cancelled
2026.01.29 21:00:00;Buy Stop;0.01;XAUUSD;5 595.37;5 489.80;5 613.30;2026.02.02 01:00:26;4 781.27;;;;cancelled
2026.01.29 01:00:01;Sell Stop;0.01;XAUUSD;4 539.98;4 575.12;4 517.79;2026.02.02 01:00:26;4 779.28;;;;cancelled
2026.01.30 03:00:00;Buy Stop;0.01;XAUUSD;5 595.16;5 367.09;5 613.22;2026.01.30 23:00:00;4 850.71;;;;cancelled
2026.01.28 08:15:00;Sell Stop;0.01;XAUUSD;4 539.88;4 573.89;4 518.40;2026.01.30 15:15:00;5 075.87;;;;cancelled
2026.01.30 07:44:27;Balance;;;;;;;;;;-520.00;Withdrawal
2026.01.09 16:30:01;Sell Stop;0.01;XAUUSD;3 888.16;3 910.45;3 796.75;2026.01.29 17:00:00;5 497.50;;;;cancelled
2026.01.26 01:00:08;Sell Stop;0.01;XAUUSD;4 539.59;4 582.32;4 512.05;2026.01.28 13:15:00;5 259.90;;;;cancelled
2026.01.26 01:00:08;Sell Stop;0.01;XAUUSD;4 539.84;4 573.35;4 518.68;2026.01.28 08:15:00;5 261.89;;;;cancelled
2026.01.20 06:00:00;Sell Stop;0.01;XAUUSD;4 539.73;4 562.86;4 398.09;2026.01.28 06:00:00;5 235.09;;;;cancelled
2026.01.20 02:00:00;Sell Stop;0.01;XAUUSD;4 410.80;4 433.93;4 269.16;2026.01.28 02:00:00;5 172.25;;;;cancelled
2026.01.27 22:03:25;Buy;0.01;XAUUSD;5 112.11;5 125.70;5 137.92;2026.01.27 22:11:28;5 137.92;-0.02;;25.81;[tp]
2026.01.27 22:03:25;Buy;0.01;XAUUSD;5 112.11;5 112.11;5 130.11;2026.01.27 22:10:40;5 130.11;-0.02;;18.00;[tp]
2026.01.27 22:03:25;Buy;0.01;XAUUSD;5 110.30;5 113.17;5 126.18;2026.01.27 22:09:55;5 126.18;-0.02;;15.88;[tp]
2026.01.27 22:03:25;Buy;0.01;XAUUSD;5 110.29;5 111.96;5 125.44;2026.01.27 22:09:44;5 125.44;-0.02;;15.15;[tp]
2026.01.26 21:05:00;Sell Stop;0.01;XAUUSD;4 539.82;4 747.63;4 523.36;2026.01.27 17:05:00;5 063.61;;;;cancelled
2026.01.09 16:30:01;Sell Stop;0.01;XAUUSD;4 277.33;4 292.94;4 203.76;2026.01.27 17:00:00;5 052.97;;;;cancelled
2026.01.26 01:00:08;Sell Stop;0.01;XAUUSD;4 539.82;4 747.63;4 523.36;2026.01.26 21:05:00;5 045.66;;;;cancelled
2026.01.23 23:00:00;Sell Stop;0.01;XAUUSD;4 539.76;4 743.13;4 523.65;2026.01.26 01:00:08;5 002.61;;;;cancelled
2026.01.23 08:00:00;Sell Stop;0.01;XAUUSD;4 538.88;4 637.39;4 522.15;2026.01.26 01:00:08;5 002.61;;;;cancelled
2026.01.22 06:00:00;Sell Stop;0.01;XAUUSD;4 539.50;4 580.73;4 512.93;2026.01.26 01:00:08;5 002.61;;;;cancelled
2026.01.22 01:00:06;Sell Stop;0.01;XAUUSD;4 539.73;4 572.06;4 519.31;2026.01.26 01:00:08;5 003.01;;;;cancelled
2026.01.21 22:00:00;Sell Stop;0.01;XAUUSD;4 539.68;4 571.38;4 519.66;2026.01.26 01:00:08;5 003.01;;;;cancelled
2026.01.24 19:17:08;Balance;;;;;;;;;;-250.00;Withdrawal
2026.01.23 03:00:00;Sell Stop;0.01;XAUUSD;4 539.76;4 743.13;4 523.65;2026.01.23 23:00:00;4 980.96;;;;cancelled
2026.01.22 02:00:00;Sell Stop;0.01;XAUUSD;4 538.86;4 635.99;4 522.37;2026.01.23 08:00:00;4 960.60;;;;cancelled
2026.01.22 07:00:00;Sell Stop;0.01;XAUUSD;4 539.72;4 740.24;4 523.84;2026.01.23 03:00:00;4 965.02;;;;cancelled
2026.01.22 19:22:54;Buy;0.01;XAUUSD;4 888.03;4 904.84;4 913.88;2026.01.22 20:10:42;4 913.88;-0.02;;25.85;[tp]
2026.01.22 19:22:54;Buy;0.01;XAUUSD;4 888.03;4 888.03;4 906.45;2026.01.22 20:01:45;4 906.45;-0.02;;18.42;[tp]
2026.01.22 19:22:54;Buy;0.01;XAUUSD;4 888.02;4 889.61;4 902.01;2026.01.22 19:49:24;4 902.01;-0.02;;13.99;[tp]
2026.01.22 19:22:54;Buy;0.01;XAUUSD;4 888.03;4 889.50;4 902.70;2026.01.22 19:29:32;4 889.45;-0.02;;1.42;[sl]
2026.01.21 11:00:00;Sell Stop;0.01;XAUUSD;4 539.66;4 736.25;4 524.09;2026.01.22 07:00:00;4 797.43;;;;cancelled
2026.01.19 18:00:00;Sell Stop;0.01;XAUUSD;4 539.41;4 579.35;4 513.67;2026.01.22 06:00:00;4 796.70;;;;cancelled
2026.01.20 20:00:00;Sell Stop;0.01;XAUUSD;4 538.80;4 633.08;4 522.79;2026.01.22 02:00:00;4 778.50;;;;cancelled
2026.01.19 15:00:00;Sell Stop;0.01;XAUUSD;4 539.64;4 570.96;4 519.86;2026.01.21 22:00:00;4 780.76;;;;cancelled
2026.01.20 15:00:00;Sell Stop;0.01;XAUUSD;4 539.63;4 734.27;4 524.21;2026.01.21 11:00:00;4 854.84;;;;cancelled
2026.01.19 01:00:06;Sell Stop;0.01;XAUUSD;4 410.71;4 442.03;4 390.93;2026.01.21 08:15:00;4 871.61;;;;cancelled
2026.01.19 01:02:06;Buy;0.01;XAUUSD;4 642.98;4 703.54;4 783.79;2026.01.20 23:23:27;4 760.52;-0.02;-0.16;117.54;
2026.01.19 14:00:00;Sell Stop;0.01;XAUUSD;4 538.79;4 632.87;4 522.81;2026.01.20 20:00:00;4 758.68;;;;cancelled
2026.01.19 19:00:00;Sell Stop;0.01;XAUUSD;4 539.63;4 733.86;4 524.25;2026.01.20 15:00:00;4 727.65;;;;cancelled
2026.01.20 06:35:35;Buy;0.01;XAUUSD;4 689.89;4 707.21;4 715.43;2026.01.20 07:59:07;4 715.43;-0.02;;25.54;[tp]
2026.01.20 06:35:17;Buy;0.01;XAUUSD;4 688.66;4 688.66;4 708.22;2026.01.20 07:50:33;4 708.22;-0.02;;19.56;[tp]
2026.01.20 06:35:17;Buy;0.01;XAUUSD;4 688.65;4 692.49;4 704.56;2026.01.20 07:34:55;4 704.56;-0.02;;15.91;[tp]
2026.01.20 06:35:17;Buy;0.01;XAUUSD;4 688.65;4 690.19;4 703.91;2026.01.20 07:34:45;4 703.91;-0.02;;15.26;[tp]
2026.01.12 02:00:00;Sell Stop;0.01;XAUUSD;4 410.71;4 433.11;4 273.53;2026.01.20 02:00:00;4 665.41;;;;cancelled
2026.01.19 01:02:02;Buy;0.01;XAUUSD;4 640.51;4 677.23;4 716.29;2026.01.19 01:34:55;4 676.68;-0.02;;36.17;[sl]
2026.01.19 01:02:06;Buy;0.01;XAUUSD;4 642.99;4 653.38;4 667.81;2026.01.19 01:16:50;4 667.81;-0.02;;24.82;[tp]
2026.01.19 01:02:06;Buy;0.01;XAUUSD;4 642.98;4 642.98;4 660.61;2026.01.19 01:08:18;4 660.61;-0.02;;17.63;[tp]
2026.01.19 01:02:06;Buy;0.01;XAUUSD;4 642.99;4 644.53;4 656.31;2026.01.19 01:06:12;4 656.31;-0.02;;13.32;[tp]
2026.01.19 01:02:06;Buy;0.01;XAUUSD;4 642.99;4 644.41;4 656.99;2026.01.19 01:03:56;4 643.16;-0.02;;0.17;[sl]
2026.01.16 19:00:00;Buy Stop;0.01;XAUUSD;4 640.92;4 446.05;4 656.35;2026.01.19 01:00:06;4 626.51;;;;cancelled
2026.01.16 17:30:00;Sell Stop;0.01;XAUUSD;4 410.72;4 442.14;4 390.88;2026.01.19 01:00:06;4 625.03;;;;cancelled
2026.01.15 22:00:00;Buy Stop;0.01;XAUUSD;4 642.08;4 602.38;4 667.67;2026.01.19 01:00:06;4 629.23;;;;cancelled
2026.01.15 19:00:00;Buy Stop;0.01;XAUUSD;4 640.85;4 609.72;4 660.51;2026.01.19 01:00:06;4 628.08;;;;cancelled
2026.01.15 18:00:00;Buy Stop;0.01;XAUUSD;4 641.02;4 547.50;4 656.90;2026.01.19 01:00:06;4 626.51;;;;cancelled
2026.01.14 16:45:00;Sell Stop;0.01;XAUUSD;4 410.48;4 450.31;4 384.81;2026.01.19 01:00:06;4 626.37;;;;cancelled
2026.01.09 16:30:01;Sell Stop;0.01;XAUUSD;4 277.44;4 299.73;4 140.89;2026.01.19 01:00:05;4 627.58;;;;cancelled
2026.01.15 23:00:00;Buy Stop;0.01;XAUUSD;4 640.94;4 447.86;4 656.23;2026.01.16 19:00:00;4 591.82;;;;cancelled
2026.01.16 17:29:00;Sell;0.01;XAUUSD;4 570.88;4 562.07;4 546.39;2026.01.16 17:33:44;4 546.39;-0.02;;24.49;[tp]
2026.01.16 17:29:00;Sell;0.01;XAUUSD;4 570.88;4 570.88;4 552.55;2026.01.16 17:33:03;4 552.55;-0.02;;18.33;[tp]
2026.01.16 17:26:10;Sell;0.01;XAUUSD;4 583.44;4 571.74;4 557.80;2026.01.16 17:31:53;4 557.80;-0.02;;25.64;[tp]
2026.01.16 17:26:10;Sell;0.01;XAUUSD;4 583.45;4 583.45;4 564.01;2026.01.16 17:30:25;4 564.01;-0.02;;19.44;[tp]
2026.01.16 17:29:00;Sell;0.01;XAUUSD;4 570.88;4 569.46;4 555.42;2026.01.16 17:30:02;4 569.62;-0.02;;1.26;[sl]
2026.01.16 17:26:10;Sell;0.01;XAUUSD;4 582.18;4 580.76;4 566.97;2026.01.16 17:29:52;4 566.97;-0.02;;15.21;[tp]
2026.01.16 17:26:10;Sell;0.01;XAUUSD;4 583.45;4 581.91;4 568.41;2026.01.16 17:29:21;4 568.41;-0.02;;15.04;[tp]
2026.01.15 21:05:00;Sell Stop;0.01;XAUUSD;4 572.26;4 765.34;4 556.97;2026.01.16 17:05:00;4 615.17;;;;cancelled
2026.01.16 15:29:10;Sell;0.01;XAUUSD;4 583.82;4 778.71;4 568.41;2026.01.16 15:30:00;4 587.12;-0.02;;-3.30;
2026.01.16 15:29:19;Sell;0.01;XAUUSD;4 582.87;4 677.39;4 566.97;2026.01.16 15:30:00;4 587.39;-0.02;;-4.52;
2026.01.16 15:20:06;Sell;0.01;XAUUSD;4 583.70;4 778.71;4 568.41;2026.01.16 15:21:00;4 587.71;-0.02;;-4.01;
2026.01.16 15:18:18;Sell;0.01;XAUUSD;4 583.62;4 778.71;4 568.41;2026.01.16 15:19:00;4 588.83;-0.02;;-5.21;
2026.01.16 15:18:18;Sell;0.01;XAUUSD;4 583.60;4 623.69;4 557.80;2026.01.16 15:19:00;4 588.82;-0.02;;-5.22;
2026.01.16 15:18:18;Sell;0.01;XAUUSD;4 583.62;4 615.27;4 564.01;2026.01.16 15:19:00;4 588.69;-0.02;;-5.07;
2026.01.14 01:00:01;Sell Stop;0.01;XAUUSD;4 410.70;4 441.93;4 390.97;2026.01.16 08:15:00;4 604.87;;;;cancelled
2026.01.14 19:00:00;Sell Stop;0.01;XAUUSD;4 571.44;4 665.27;4 555.51;2026.01.16 01:00:01;4 615.86;;;;cancelled
2026.01.15 01:00:02;Sell Stop;0.01;XAUUSD;4 572.26;4 765.34;4 556.97;2026.01.15 21:05:00;4 619.37;;;;cancelled
2026.01.14 13:15:00;Sell Stop;0.01;XAUUSD;4 409.86;4 503.69;4 393.93;2026.01.15 19:15:00;4 609.66;;;;cancelled
2026.01.14 13:05:00;Sell Stop;0.01;XAUUSD;4 410.69;4 604.40;4 395.35;2026.01.15 09:05:00;4 608.92;;;;cancelled
2026.01.12 04:45:00;Sell Stop;0.01;XAUUSD;4 410.41;4 449.17;4 385.43;2026.01.14 16:45:00;4 618.44;;;;cancelled
2026.01.13 07:15:00;Sell Stop;0.01;XAUUSD;4 409.82;4 501.77;4 394.21;2026.01.14 13:15:00;4 635.40;;;;cancelled
2026.01.13 17:05:00;Sell Stop;0.01;XAUUSD;4 410.64;4 600.47;4 395.60;2026.01.14 13:05:00;4 635.28;;;;cancelled
2026.01.12 01:00:02;Sell Stop;0.01;XAUUSD;4 410.63;4 441.03;4 391.43;2026.01.14 08:15:00;4 633.76;;;;cancelled
2026.01.12 21:05:00;Sell Stop;0.01;XAUUSD;4 410.62;4 599.12;4 395.69;2026.01.13 17:05:00;4 619.68;;;;cancelled
2026.01.13 16:45:21;Buy;0.01;XAUUSD;4 628.15;4 628.15;4 647.19;2026.01.13 16:52:21;4 628.03;-0.02;;-0.12;[sl]
2026.01.13 16:45:21;Buy;0.01;XAUUSD;4 628.14;4 629.53;4 643.65;2026.01.13 16:52:11;4 629.16;-0.02;;1.02;[sl]
2026.01.12 01:00:01;Sell Stop;0.01;XAUUSD;4 409.81;4 501.12;4 394.30;2026.01.13 07:15:00;4 594.41;;;;cancelled
2026.01.12 01:00:01;Sell Stop;0.01;XAUUSD;4 410.62;4 599.12;4 395.69;2026.01.12 21:05:00;4 609.17;;;;cancelled
2026.01.09 16:30:02;Sell Stop;0.01;XAUUSD;4 410.40;4 448.99;4 385.53;2026.01.12 04:45:00;4 578.72;;;;cancelled
2026.01.12 02:07:25;Buy;0.01;XAUUSD;4 550.16;4 562.51;4 685.84;2026.01.12 04:08:46;4 562.50;-0.02;;12.34;[sl]
2026.01.12 02:06:20;Buy;0.01;XAUUSD;4 547.53;4 587.69;4 621.07;2026.01.12 03:00:17;4 587.66;-0.02;;40.13;[sl]
2026.01.12 02:05:37;Buy;0.01;XAUUSD;4 546.63;4 588.82;4 638.02;2026.01.12 02:59:12;4 588.80;-0.02;;42.17;[sl]
2026.01.12 02:04:17;Buy;0.01;XAUUSD;4 544.42;4 547.11;4 576.71;2026.01.12 02:32:29;4 576.71;-0.02;;32.29;[tp]
2026.01.12 02:06:26;Buy;0.01;XAUUSD;4 548.21;4 548.21;4 567.36;2026.01.12 02:30:40;4 567.36;-0.02;;19.15;[tp]
2026.01.12 01:47:07;Buy;0.01;XAUUSD;4 544.34;4 407.62;4 576.71;2026.01.12 01:48:01;4 541.78;-0.02;;-2.56;
2026.01.12 01:43:16;Buy;0.01;XAUUSD;4 544.28;4 407.62;4 576.71;2026.01.12 01:44:00;4 542.38;-0.02;;-1.90;
2026.01.09 17:30:00;Buy Stop;0.01;XAUUSD;4 548.17;4 517.91;4 567.28;2026.01.12 01:00:01;4 521.61;;;;cancelled
2026.01.09 16:30:02;Sell Stop;0.01;XAUUSD;4 410.62;4 440.88;4 391.51;2026.01.12 01:00:01;4 518.73;;;;cancelled
2026.01.09 16:30:02;Sell Stop;0.01;XAUUSD;4 409.80;4 500.69;4 394.37;2026.01.12 01:00:01;4 519.28;;;;cancelled
2026.01.09 16:30:02;Buy Stop;0.01;XAUUSD;4 544.27;4 408.27;4 576.60;2026.01.12 01:00:01;4 521.67;;;;cancelled
2026.01.09 16:30:01;Sell Stop;0.01;XAUUSD;4 410.60;4 598.24;4 395.74;2026.01.12 01:00:01;4 519.28;;;;cancelled
2026.01.09 17:19:37;Buy;0.01;XAUUSD;4 498.29;4 498.29;4 517.39;2026.01.09 19:48:56;4 497.56;-0.02;;-0.73;[sl]
2026.01.09 17:19:55;Buy;0.01;XAUUSD;4 499.48;4 508.17;4 524.35;2026.01.09 18:06:17;4 508.04;-0.02;;8.56;[sl]
2026.01.09 17:09:40;Buy;0.01;XAUUSD;4 499.51;4 508.17;4 524.35;2026.01.09 18:06:17;4 508.05;-0.02;;8.54;[sl]
2026.01.09 17:19:50;Buy;0.01;XAUUSD;4 498.83;4 504.69;4 513.88;2026.01.09 17:39:03;4 513.88;-0.02;;15.05;[tp]
2026.01.09 17:19:37;Buy;0.01;XAUUSD;4 498.41;4 499.90;4 513.23;2026.01.09 17:38:14;4 513.23;-0.02;;14.82;[tp]
2026.01.09 17:08:56;Buy;0.01;XAUUSD;4 498.50;4 499.99;4 513.23;2026.01.09 17:38:14;4 513.23;-0.02;;14.73;[tp]
2026.01.09 17:04:02;Buy;0.01;XAUUSD;4 498.41;4 468.02;4 517.39;2026.01.09 17:05:01;4 493.46;-0.02;;-4.95;
2026.01.09 17:04:04;Buy;0.01;XAUUSD;4 498.47;4 407.56;4 513.88;2026.01.09 17:05:00;4 493.75;-0.02;;-4.72;
2026.01.09 17:04:02;Buy;0.01;XAUUSD;4 498.42;4 310.73;4 513.23;2026.01.09 17:05:00;4 493.78;-0.02;;-4.64;
2026.01.09 16:38:05;Buy;0.01;XAUUSD;4 498.41;4 468.02;4 517.39;2026.01.09 16:39:01;4 495.25;-0.02;;-3.16;
2026.01.09 16:38:07;Buy;0.01;XAUUSD;4 498.74;4 407.56;4 513.88;2026.01.09 16:39:00;4 494.77;-0.02;;-3.97;
2026.01.09 16:38:05;Buy;0.01;XAUUSD;4 498.41;4 310.73;4 513.23;2026.01.09 16:39:00;4 494.86;-0.02;;-3.55;
2026.01.09 12:00:00;Sell Stop;0.01;XAUUSD;4 410.62;4 440.88;4 391.51;2026.01.09 13:50:01;4 472.56;;;;cancelled
2026.01.09 11:00:00;Sell Stop;0.01;XAUUSD;4 409.80;4 500.69;4 394.37;2026.01.09 13:50:01;4 472.56;;;;cancelled
2026.01.09 08:00:00;Sell Stop;0.01;XAUUSD;4 277.36;4 307.62;4 258.25;2026.01.09 13:50:01;4 472.56;;;;cancelled
2026.01.09 05:05:00;Sell Stop;0.01;XAUUSD;4 277.34;4 464.98;4 262.48;2026.01.09 13:50:01;4 472.49;;;;cancelled
2026.01.09 03:00:00;Buy Stop;0.01;XAUUSD;4 498.45;4 407.56;4 513.88;2026.01.09 13:50:01;4 472.63;;;;cancelled
2026.01.08 23:00:00;Buy Stop;0.01;XAUUSD;4 498.36;4 309.24;4 513.34;2026.01.09 13:50:01;4 472.63;;;;cancelled
2026.01.08 02:00:00;Buy Stop;0.01;XAUUSD;4 499.47;4 460.58;4 524.53;2026.01.09 13:50:01;4 472.70;;;;cancelled
2026.01.07 22:00:00;Buy Stop;0.01;XAUUSD;4 498.28;4 468.07;4 517.36;2026.01.09 13:50:01;4 472.70;;;;cancelled
2026.01.07 13:15:00;Sell Stop;0.01;XAUUSD;4 277.13;4 315.66;4 252.30;2026.01.09 13:50:01;4 472.56;;;;cancelled
2026.01.09 10:15:00;Buy Stop;0.01;XAUUSD;4 544.27;4 408.27;4 576.60;2026.01.09 13:50:00;4 472.59;;;;cancelled
2026.01.08 14:00:00;Buy Stop;0.01;XAUUSD;4 499.39;4 476.92;4 637.01;2026.01.09 13:50:00;4 472.59;;;;cancelled
2026.01.06 01:02:12;Sell Stop;0.01;XAUUSD;4 277.26;4 292.48;4 205.49;2026.01.09 13:50:00;4 472.49;;;;cancelled
2026.01.05 01:00:02;Buy Stop;0.01;XAUUSD;4 547.59;4 532.45;4 618.94;2026.01.09 13:50:00;4 472.63;;;;cancelled
2026.01.05 01:00:02;Sell Stop;0.01;XAUUSD;3 888.11;3 909.73;3 799.46;2026.01.09 13:50:00;4 472.49;;;;cancelled
2026.01.05 01:00:02;Buy Stop;0.01;XAUUSD;4 546.72;4 525.10;4 635.37;2026.01.09 13:50:00;4 472.63;;;;cancelled
2026.01.05 01:00:02;Sell Stop;0.01;XAUUSD;4 277.35;4 298.97;4 144.92;2026.01.09 13:50:00;4 472.49;;;;cancelled
2026.01.05 01:00:02;Buy Stop;0.01;XAUUSD;4 549.32;4 527.70;4 681.75;2026.01.09 13:50:00;4 472.63;;;;cancelled
2026.01.07 23:15:00;Buy Stop;0.01;XAUUSD;4 544.28;4 408.49;4 576.56;2026.01.09 10:15:00;4 474.58;;;;cancelled
2026.01.07 01:00:00;Sell Stop;0.01;XAUUSD;4 277.35;4 307.56;4 258.27;2026.01.09 08:00:00;4 468.77;;;;cancelled
2026.01.07 01:00:00;Buy Stop;0.01;XAUUSD;4 548.17;4 517.96;4 567.25;2026.01.09 08:00:00;4 468.63;;;;cancelled
2026.01.08 09:05:00;Sell Stop;0.01;XAUUSD;4 277.37;4 466.49;4 262.39;2026.01.09 05:05:00;4 466.36;;;;cancelled
2026.01.07 21:00:00;Buy Stop;0.01;XAUUSD;4 498.46;4 407.70;4 513.87;2026.01.09 03:00:00;4 461.30;;;;cancelled
2026.01.08 03:00:00;Buy Stop;0.01;XAUUSD;4 498.36;4 309.24;4 513.34;2026.01.08 23:00:00;4 476.14;;;;cancelled
2026.01.07 13:30:00;Sell Stop;0.01;XAUUSD;4 276.53;4 367.29;4 261.12;2026.01.08 19:30:00;4 461.68;;;;cancelled
2026.01.07 13:05:00;Sell Stop;0.01;XAUUSD;4 277.34;4 464.70;4 262.50;2026.01.08 09:05:00;4 432.75;;;;cancelled
2026.01.06 12:15:00;Buy Stop;0.01;XAUUSD;4 544.42;4 411.75;4 575.96;2026.01.07 23:15:00;4 454.09;;;;cancelled
2026.01.06 07:15:01;Sell Stop;0.01;XAUUSD;4 276.49;4 365.16;4 261.43;2026.01.07 13:30:00;4 459.23;;;;cancelled
2026.01.05 01:00:03;Sell Stop;0.01;XAUUSD;4 277.06;4 314.48;4 252.94;2026.01.07 13:15:00;4 461.73;;;;cancelled
2026.01.05 01:00:03;Buy Stop;0.01;XAUUSD;4 549.40;4 511.98;4 573.52;2026.01.07 13:15:00;4 461.87;;;;cancelled
2026.01.06 17:05:00;Sell Stop;0.01;XAUUSD;4 277.28;4 460.34;4 262.78;2026.01.07 13:05:00;4 464.20;;;;cancelled
2026.01.06 17:05:00;Buy Stop;0.01;XAUUSD;4 548.32;4 365.26;4 562.82;2026.01.07 13:05:00;4 464.37;;;;cancelled
2026.01.05 01:00:03;Sell Stop;0.01;XAUUSD;4 277.28;4 306.62;4 258.75;2026.01.07 08:15:00;4 456.26;;;;cancelled
2026.01.05 01:00:03;Buy Stop;0.01;XAUUSD;4 548.24;4 518.90;4 566.77;2026.01.07 08:15:00;4 456.41;;;;cancelled
2026.01.05 21:05:00;Sell Stop;0.01;XAUUSD;4 277.26;4 459.24;4 262.85;2026.01.06 17:05:00;4 484.84;;;;cancelled
2026.01.05 21:05:00;Buy Stop;0.01;XAUUSD;4 548.33;4 366.35;4 562.74;2026.01.06 17:05:00;4 484.98;;;;cancelled
2026.01.05 01:00:01;Buy Stop;0.01;XAUUSD;4 544.45;4 412.56;4 575.80;2026.01.06 12:15:00;4 450.10;;;;cancelled
2026.01.05 01:00:02;Sell Stop;0.01;XAUUSD;4 276.48;4 364.63;4 261.51;2026.01.06 07:15:01;4 467.44;;;;cancelled
2026.01.05 01:00:02;Buy Stop;0.01;XAUUSD;4 548.40;4 460.25;4 563.37;2026.01.06 07:15:01;4 467.58;;;;cancelled
2026.01.05 01:00:02;Sell Stop;0.01;XAUUSD;4 277.26;4 459.24;4 262.85;2026.01.05 21:05:00;4 448.15;;;;cancelled
2026.01.05 01:00:02;Buy Stop;0.01;XAUUSD;4 548.33;4 366.35;4 562.74;2026.01.05 21:05:00;4 448.29;;;;cancelled
2026.01.02 21:00:00;Buy Stop;0.01;XAUUSD;4 548.32;4 365.58;4 562.79;2026.01.02 23:20:01;4 328.73;;;;cancelled
2026.01.02 18:00:00;Sell Stop;0.01;XAUUSD;4 277.36;4 299.07;4 144.37;2026.01.02 23:20:01;4 328.55;;;;cancelled
2026.01.02 10:00:00;Sell Stop;0.01;XAUUSD;4 277.27;4 460.01;4 262.80;2026.01.02 23:20:01;4 328.59;;;;cancelled
2026.01.02 09:00:00;Sell Stop;0.01;XAUUSD;4 277.07;4 314.65;4 252.85;2026.01.02 23:20:01;4 328.48;;;;cancelled
2026.01.02 06:00:00;Sell Stop;0.01;XAUUSD;4 277.29;4 306.76;4 258.68;2026.01.02 23:20:01;4 328.48;;;;cancelled
2026.01.02 05:00:00;Sell Stop;0.01;XAUUSD;4 276.49;4 365.01;4 261.46;2026.01.02 23:20:01;4 328.59;;;;cancelled
2026.01.02 01:00:01;Buy Stop;0.01;XAUUSD;4 549.40;4 511.82;4 573.62;2026.01.02 23:20:01;4 328.62;;;;cancelled
2026.01.02 01:00:00;Buy Stop;0.01;XAUUSD;4 548.40;4 459.88;4 563.43;2026.01.02 23:20:01;4 328.73;;;;cancelled
2026.01.02 01:00:00;Buy Stop;0.01;XAUUSD;4 546.71;4 525.00;4 635.73;2026.01.02 23:20:01;4 328.79;;;;cancelled
2026.01.02 01:00:00;Buy Stop;0.01;XAUUSD;4 544.43;4 411.99;4 575.91;2026.01.02 23:20:01;4 328.64;;;;cancelled
2025.12.31 23:00:00;Buy Stop;0.01;XAUUSD;4 548.23;4 518.84;4 566.79;2026.01.02 23:20:01;4 328.62;;;;cancelled
2025.12.31 01:01:30;Buy Stop;0.01;XAUUSD;4 547.58;4 532.42;4 619.05;2026.01.02 23:20:01;4 328.73;;;;cancelled
2025.12.30 06:00:00;Buy Stop;0.01;XAUUSD;4 549.27;4 526.58;4 688.24;2026.01.02 23:20:01;4 328.64;;;;cancelled
2025.12.26 19:00:00;Sell Stop;0.01;XAUUSD;4 173.02;4 195.44;4 035.71;2026.01.02 23:20:01;4 328.65;;;;cancelled
2025.12.26 01:04:16;Sell Stop;0.01;XAUUSD;3 888.17;3 910.59;3 796.26;2026.01.02 23:20:01;4 328.66;;;;cancelled
2026.01.02 01:00:00;Buy Stop;0.01;XAUUSD;4 548.32;4 365.58;4 562.79;2026.01.02 21:00:00;4 315.90;;;;cancelled
2025.12.29 19:00:00;Buy Stop;0.01;XAUUSD;4 549.37;4 510.60;4 574.36;2026.01.02 01:00:01;4 327.28;;;;cancelled
2025.12.29 17:30:00;Sell Stop;0.01;XAUUSD;4 274.63;4 305.03;4 255.43;2026.01.02 01:00:01;4 324.04;;;;cancelled
2025.12.31 12:00:00;Buy Stop;0.01;XAUUSD;4 548.32;4 366.03;4 562.76;2026.01.02 01:00:00;4 332.11;;;;cancelled
2025.12.30 21:00:00;Buy Stop;0.01;XAUUSD;4 548.31;4 455.81;4 564.02;2026.01.02 01:00:00;4 327.28;;;;cancelled
2025.12.29 16:00:00;Buy Stop;0.01;XAUUSD;4 548.16;4 517.76;4 567.36;2025.12.31 23:00:00;4 313.73;;;;cancelled
2025.12.30 16:00:00;Buy Stop;0.01;XAUUSD;4 548.23;4 357.26;4 563.36;2025.12.31 12:00:00;4 326.03;;;;cancelled
2025.12.31 07:50:45;Sell;0.01;XAUUSD;4 301.53;4 296.12;4 171.27;2025.12.31 08:10:59;4 296.88;-0.02;;4.65;[sl]
2025.12.31 07:50:45;Sell;0.01;XAUUSD;4 301.53;4 295.08;4 278.44;2025.12.31 07:55:05;4 278.44;-0.02;;23.09;[tp]
2025.12.31 07:50:45;Sell;0.01;XAUUSD;4 301.83;4 484.27;4 288.83;2025.12.31 07:53:14;4 288.83;-0.02;;13.00;[tp]
2025.12.31 07:50:45;Sell;0.01;XAUUSD;4 301.54;4 331.08;4 284.53;2025.12.31 07:53:14;4 284.53;-0.02;;17.01;[tp]
2025.12.31 07:50:45;Sell;0.01;XAUUSD;4 301.82;4 390.27;4 287.43;2025.12.31 07:53:14;4 287.43;-0.02;;14.39;[tp]
2025.12.29 15:00:00;Buy Stop;0.01;XAUUSD;4 548.33;4 457.00;4 563.84;2025.12.30 21:00:00;4 364.96;;;;cancelled
2025.12.29 20:00:00;Buy Stop;0.01;XAUUSD;4 548.25;4 359.69;4 563.19;2025.12.30 16:00:00;4 388.42;;;;cancelled
2025.12.29 17:22:04;Sell;0.01;XAUUSD;4 307.88;4 496.44;4 343.80;2025.12.30 02:39:12;4 343.80;-0.02;-0.04;-35.92;[tp]
2025.12.29 17:22:04;Sell;0.01;XAUUSD;4 307.89;4 346.80;4 286.32;2025.12.29 18:55:13;4 346.93;-0.02;;-39.04;[sl]
2025.12.29 17:22:04;Sell;0.01;XAUUSD;4 307.88;4 338.42;4 292.33;2025.12.29 17:45:58;4 338.62;-0.02;;-30.74;[sl]
2025.12.29 08:36:21;Balance;;;;;;;;;;-430.00;Withdrawal
2025.12.26 08:00:00;Sell Stop;0.01;XAUUSD;4 311.53;4 341.95;4 292.31;2025.12.29 01:00:05;4 535.84;;;;cancelled
2025.12.24 17:00:00;Sell Stop;0.01;XAUUSD;4 311.29;4 349.77;4 286.49;2025.12.29 01:00:05;4 536.04;;;;cancelled
2025.12.26 21:05:00;Sell Stop;0.01;XAUUSD;4 311.52;4 500.21;4 296.57;2025.12.29 01:00:04;4 536.49;;;;cancelled
2025.12.26 01:04:16;Sell Stop;0.01;XAUUSD;4 311.52;4 500.21;4 296.57;2025.12.26 21:05:00;4 527.42;;;;cancelled
2025.12.18 19:00:00;Sell Stop;0.01;XAUUSD;4 172.91;4 194.42;4 041.17;2025.12.26 19:00:00;4 536.51;;;;cancelled
2025.12.24 01:00:00;Sell Stop;0.01;XAUUSD;4 311.51;4 341.68;4 292.45;2025.12.26 08:00:00;4 510.03;;;;cancelled
2025.12.26 03:04:51;Buy;0.01;XAUUSD;4 523.90;4 432.42;4 539.34;2025.12.26 03:15:00;4 510.30;-0.02;;-13.60;
2025.12.24 13:05:00;Sell Stop;0.01;XAUUSD;4 311.50;4 498.62;4 296.68;2025.12.26 01:04:16;4 484.76;;;;cancelled
2025.12.05 16:30:01;Sell Stop;0.01;XAUUSD;3 888.07;3 909.08;3 801.91;2025.12.26 01:04:16;4 484.56;;;;cancelled
2025.12.22 05:00:00;Sell Stop;0.01;XAUUSD;4 311.23;4 348.72;4 287.07;2025.12.24 17:00:00;4 463.96;;;;cancelled
2025.12.23 17:05:00;Sell Stop;0.01;XAUUSD;4 311.43;4 494.04;4 296.97;2025.12.24 13:05:00;4 488.50;;;;cancelled
2025.12.22 01:00:02;Sell Stop;0.01;XAUUSD;4 311.44;4 340.83;4 292.88;2025.12.24 08:15:00;4 492.68;;;;cancelled
2025.12.22 21:05:00;Sell Stop;0.01;XAUUSD;4 311.43;4 493.72;4 296.99;2025.12.23 17:05:00;4 434.38;;;;cancelled
2025.12.22 01:00:02;Sell Stop;0.01;XAUUSD;4 273.74;4 362.04;4 258.75;2025.12.23 07:15:00;4 480.61;;;;cancelled
2025.12.22 01:00:01;Sell Stop;0.01;XAUUSD;4 311.43;4 493.72;4 296.99;2025.12.22 21:05:00;4 433.35;;;;cancelled
2025.12.22 09:00:10;Balance;;;;;;;;;;-130.00;Withdrawal
2025.12.22 03:39:40;Buy;0.01;XAUUSD;4 378.19;4 399.47;4 466.13;2025.12.22 07:42:43;4 399.43;-0.02;;21.24;[sl]
2025.12.22 03:38:47;Buy;0.01;XAUUSD;4 375.76;4 378.36;4 407.04;2025.12.22 07:32:14;4 407.04;-0.02;;31.28;[tp]
2025.12.22 03:38:40;Buy;0.01;XAUUSD;4 374.32;4 389.72;4 397.68;2025.12.22 06:49:15;4 397.68;-0.02;;23.36;[tp]
2025.12.22 03:36:11;Buy;0.01;XAUUSD;4 372.41;4 372.41;4 390.87;2025.12.22 05:36:00;4 390.87;-0.02;;18.46;[tp]
2025.12.19 17:00:00;Sell Stop;0.01;XAUUSD;4 311.23;4 348.79;4 287.03;2025.12.22 05:00:00;4 385.91;;;;cancelled
2025.12.22 03:36:12;Buy;0.01;XAUUSD;4 372.52;4 378.15;4 387.47;2025.12.22 04:52:01;4 387.47;-0.02;;14.95;[tp]
2025.12.22 03:36:12;Buy;0.01;XAUUSD;4 372.41;4 373.85;4 386.84;2025.12.22 04:52:00;4 386.84;-0.02;;14.43;[tp]
2025.12.22 03:00:56;Buy;0.01;XAUUSD;4 372.32;4 342.92;4 390.87;2025.12.22 03:15:01;4 364.40;-0.02;;-7.92;
2025.12.22 03:00:57;Buy;0.01;XAUUSD;4 372.67;4 284.23;4 387.47;2025.12.22 03:15:00;4 364.25;-0.02;;-8.42;
2025.12.22 03:00:57;Buy;0.01;XAUUSD;4 372.67;4 190.24;4 386.84;2025.12.22 03:15:00;4 364.42;-0.02;;-8.25;
2025.12.19 16:00:00;Buy Stop;0.01;XAUUSD;4 372.31;4 342.86;4 390.91;2025.12.22 01:00:02;4 341.38;;;;cancelled
2025.12.19 14:00:00;Sell Stop;0.01;XAUUSD;4 311.44;4 340.89;4 292.84;2025.12.22 01:00:02;4 339.53;;;;cancelled
2025.12.19 12:00:00;Sell Stop;0.01;XAUUSD;4 274.54;4 303.99;4 255.94;2025.12.22 01:00:02;4 339.54;;;;cancelled
2025.12.19 20:00:00;Buy Stop;0.01;XAUUSD;4 372.40;4 189.77;4 386.87;2025.12.22 01:00:01;4 343.32;;;;cancelled
2025.12.19 18:00:00;Sell Stop;0.01;XAUUSD;4 311.43;4 494.06;4 296.96;2025.12.22 01:00:01;4 340.18;;;;cancelled
2025.12.19 16:00:00;Sell Stop;0.01;XAUUSD;4 273.75;4 362.22;4 258.73;2025.12.22 01:00:01;4 338.91;;;;cancelled
2025.12.19 15:00:00;Buy Stop;0.01;XAUUSD;4 372.48;4 284.01;4 387.50;2025.12.22 01:00:01;4 341.38;;;;cancelled
2025.12.19 10:15:00;Buy Stop;0.01;XAUUSD;4 375.63;4 243.27;4 407.09;2025.12.22 01:00:01;4 342.46;;;;cancelled
2025.12.19 01:00:01;Sell Stop;0.01;XAUUSD;4 274.53;4 457.16;4 260.06;2025.12.19 21:05:00;4 350.37;;;;cancelled
2025.12.17 08:00:00;Sell Stop;0.01;XAUUSD;4 274.31;4 311.57;4 250.30;2025.12.19 20:00:00;4 353.50;;;;cancelled
2025.12.18 10:00:00;Sell Stop;0.01;XAUUSD;4 273.73;4 361.42;4 258.84;2025.12.19 16:00:00;4 328.47;;;;cancelled
2025.12.17 05:00:00;Sell Stop;0.01;XAUUSD;4 274.52;4 303.73;4 256.07;2025.12.19 12:00:00;4 329.21;;;;cancelled
2025.12.17 23:15:00;Buy Stop;0.01;XAUUSD;4 375.68;4 244.37;4 406.89;2025.12.19 10:15:00;4 322.89;;;;cancelled
2025.12.18 05:00:00;Sell Stop;0.01;XAUUSD;4 274.51;4 455.55;4 260.17;2025.12.19 01:00:01;4 331.69;;;;cancelled
2025.12.18 18:10:14;Buy;0.01;XAUUSD;4 347.76;4 350.34;4 378.90;2025.12.18 19:06:07;4 349.61;-0.02;;1.85;[sl]
2025.12.18 18:10:22;Buy;0.01;XAUUSD;4 350.27;4 352.42;4 438.16;2025.12.18 19:06:03;4 352.42;-0.02;;2.15;[sl]
2025.12.10 19:00:00;Sell Stop;0.01;XAUUSD;4 172.84;4 193.80;4 044.49;2025.12.18 19:00:00;4 360.44;;;;cancelled
2025.12.18 18:11:21;Buy;0.01;XAUUSD;4 352.90;4 358.28;4 484.23;2025.12.18 18:55:12;4 358.15;-0.02;;5.25;[sl]
2025.12.18 18:10:23;Buy;0.01;XAUUSD;4 351.49;4 363.48;4 421.87;2025.12.18 18:51:05;4 363.45;-0.02;;11.96;[sl]
2025.12.18 18:11:21;Buy;0.01;XAUUSD;4 353.09;4 366.78;4 376.63;2025.12.18 18:28:30;4 366.65;-0.02;;13.56;[sl]
2025.12.18 18:10:17;Buy;0.01;XAUUSD;4 348.35;4 363.00;4 372.18;2025.12.18 18:19:05;4 372.18;-0.02;;23.83;[tp]
2025.12.18 18:10:23;Buy;0.01;XAUUSD;4 351.48;4 351.48;4 369.93;2025.12.18 18:17:48;4 369.93;-0.02;;18.45;[tp]
2025.12.18 18:11:18;Buy;0.01;XAUUSD;4 351.65;4 353.43;4 366.53;2025.12.18 18:13:55;4 366.53;-0.02;;14.88;[tp]
2025.12.18 18:11:03;Buy;0.01;XAUUSD;4 351.60;4 353.03;4 365.91;2025.12.18 18:13:49;4 365.91;-0.02;;14.31;[tp]
2025.12.18 18:09:59;Buy;0.01;XAUUSD;4 347.06;4 347.06;4 365.47;2025.12.18 18:13:45;4 365.47;-0.02;;18.41;[tp]
2025.12.18 18:10:00;Buy;0.01;XAUUSD;4 347.20;4 350.30;4 362.08;2025.12.18 18:12:49;4 362.08;-0.02;;14.88;[tp]
2025.12.17 04:00:00;Sell Stop;0.01;XAUUSD;4 273.73;4 361.49;4 258.83;2025.12.18 10:00:00;4 331.43;;;;cancelled
2025.12.17 10:00:00;Buy Stop;0.01;XAUUSD;4 351.57;4 170.39;4 365.92;2025.12.18 06:00:00;4 333.30;;;;cancelled
2025.12.17 09:00:00;Sell Stop;0.01;XAUUSD;4 274.51;4 455.69;4 260.16;2025.12.18 05:00:00;4 332.97;;;;cancelled
2025.12.15 17:00:00;Buy Stop;0.01;XAUUSD;4 352.64;4 315.62;4 376.50;2025.12.18 05:00:00;4 333.13;;;;cancelled
2025.12.16 19:00:00;Buy Stop;0.01;XAUUSD;4 351.65;4 264.01;4 366.53;2025.12.18 01:00:36;4 339.97;;;;cancelled
2025.12.11 18:00:00;Buy Stop;0.01;XAUUSD;4 378.02;4 356.98;4 464.29;2025.12.18 01:00:36;4 339.98;;;;cancelled
2025.12.16 12:15:00;Buy Stop;0.01;XAUUSD;4 375.69;4 244.56;4 406.86;2025.12.17 23:15:00;4 344.00;;;;cancelled
2025.12.15 14:00:00;Buy Stop;0.01;XAUUSD;4 351.49;4 322.46;4 369.83;2025.12.17 21:00:00;4 335.72;;;;cancelled
2025.12.16 07:15:00;Sell Stop;0.01;XAUUSD;4 183.47;4 271.11;4 168.59;2025.12.17 13:15:00;4 317.81;;;;cancelled
2025.12.15 01:00:02;Sell Stop;0.01;XAUUSD;4 184.04;4 221.06;4 160.18;2025.12.17 13:15:00;4 317.82;;;;cancelled
2025.12.16 17:05:00;Sell Stop;0.01;XAUUSD;4 184.25;4 365.19;4 169.92;2025.12.17 13:05:00;4 318.83;;;;cancelled
2025.12.16 14:00:00;Buy Stop;0.01;XAUUSD;4 351.57;4 170.63;4 365.90;2025.12.17 10:00:00;4 317.98;;;;cancelled
2025.12.15 01:00:02;Sell Stop;0.01;XAUUSD;4 184.25;4 213.28;4 165.91;2025.12.17 08:15:00;4 336.71;;;;cancelled
2025.12.15 13:00:00;Buy Stop;0.01;XAUUSD;4 351.66;4 264.45;4 366.47;2025.12.16 19:00:00;4 301.01;;;;cancelled
2025.12.15 21:05:00;Sell Stop;0.01;XAUUSD;4 184.23;4 364.28;4 169.97;2025.12.16 17:05:00;4 329.67;;;;cancelled
2025.12.15 18:00:00;Buy Stop;0.01;XAUUSD;4 351.58;4 171.53;4 365.84;2025.12.16 14:00:00;4 278.65;;;;cancelled
2025.12.15 01:00:01;Buy Stop;0.01;XAUUSD;4 375.72;4 245.23;4 406.74;2025.12.16 12:15:00;4 278.00;;;;cancelled
2025.12.15 01:00:02;Sell Stop;0.01;XAUUSD;4 183.46;4 270.67;4 168.65;2025.12.16 07:15:00;4 286.16;;;;cancelled
2025.12.15 01:00:01;Sell Stop;0.01;XAUUSD;4 184.23;4 364.28;4 169.97;2025.12.15 21:05:00;4 317.11;;;;cancelled
2025.12.11 22:00:00;Sell Stop;0.01;XAUUSD;4 184.00;4 220.42;4 160.53;2025.12.15 01:00:02;4 298.79;;;;cancelled
2025.12.11 19:00:00;Sell Stop;0.01;XAUUSD;4 184.20;4 212.76;4 166.16;2025.12.15 01:00:02;4 299.23;;;;cancelled
2025.12.12 19:00:00;Sell Stop;0.01;XAUUSD;4 184.21;4 362.21;4 170.11;2025.12.15 01:00:01;4 299.49;;;;cancelled
2025.12.11 19:00:00;Buy Stop;0.01;XAUUSD;4 375.81;4 247.46;4 406.32;2025.12.15 01:00:01;4 302.14;;;;cancelled
2025.12.11 18:00:00;Sell Stop;0.01;XAUUSD;4 183.43;4 269.21;4 168.86;2025.12.15 01:00:01;4 299.68;;;;cancelled
2025.12.05 16:30:01;Sell Stop;0.01;XAUUSD;4 166.07;4 187.08;4 037.36;2025.12.15 01:00:01;4 299.50;;;;cancelled
2025.12.10 09:00:00;Sell Stop;0.01;XAUUSD;4 172.56;4 208.83;4 149.19;2025.12.12 21:00:00;4 294.83;;;;cancelled
2025.12.11 23:00:00;Sell Stop;0.01;XAUUSD;4 184.19;4 361.29;4 170.16;2025.12.12 19:00:00;4 282.16;;;;cancelled
2025.12.11 11:00:00;Sell Stop;0.01;XAUUSD;4 172.00;4 257.78;4 157.43;2025.12.12 17:00:00;4 346.96;;;;cancelled
2025.12.10 06:00:00;Sell Stop;0.01;XAUUSD;4 172.76;4 201.20;4 154.80;2025.12.12 13:00:00;4 330.01;;;;cancelled
2025.12.11 18:19:31;Buy;0.01;XAUUSD;4 259.01;4 261.55;4 289.39;2025.12.12 09:35:29;4 289.39;-0.02;-0.16;30.38;[tp]
2025.12.11 17:50:24;Buy;0.01;XAUUSD;4 259.01;4 261.55;4 289.30;2025.12.12 09:35:29;4 289.30;-0.02;-0.16;30.29;[tp]
2025.12.11 06:00:00;Sell Stop;0.01;XAUUSD;4 172.76;4 349.86;4 158.73;2025.12.12 02:00:00;4 276.38;;;;cancelled
2025.12.11 17:50:07;Buy;0.01;XAUUSD;4 258.27;4 263.53;4 386.81;2025.12.11 21:01:05;4 263.03;-0.02;;4.76;[sl]
2025.12.11 17:51:36;Buy;0.01;XAUUSD;4 261.36;4 263.46;4 347.26;2025.12.11 21:01:05;4 263.03;-0.02;;1.67;[sl]
2025.12.11 18:45:45;Buy;0.01;XAUUSD;4 263.73;4 268.99;4 392.33;2025.12.11 20:58:16;4 268.86;-0.02;;5.13;[sl]
2025.12.11 18:22:48;Buy;0.01;XAUUSD;4 261.95;4 274.73;4 331.29;2025.12.11 20:56:00;4 274.64;-0.02;;12.69;[sl]
2025.12.09 08:15:00;Sell Stop;0.01;XAUUSD;4 165.78;4 202.12;4 142.36;2025.12.11 20:15:00;4 283.79;;;;cancelled
2025.12.11 17:50:12;Buy;0.01;XAUUSD;4 258.50;4 273.59;4 281.76;2025.12.11 19:12:04;4 273.53;-0.02;;15.03;[sl]
2025.12.11 18:45:03;Buy;0.01;XAUUSD;4 262.84;4 262.84;4 280.61;2025.12.11 19:08:38;4 280.61;-0.02;;17.77;[tp]
2025.12.11 18:43:50;Buy;0.01;XAUUSD;4 262.70;4 262.70;4 280.61;2025.12.11 19:08:38;4 280.61;-0.02;;17.91;[tp]
2025.12.11 17:50:03;Buy;0.01;XAUUSD;4 257.18;4 257.18;4 275.12;2025.12.11 18:49:30;4 275.12;-0.02;;17.94;[tp]
2025.12.11 17:50:04;Buy;0.01;XAUUSD;4 257.38;4 262.18;4 271.89;2025.12.11 18:48:19;4 271.89;-0.02;;14.51;[tp]
2025.12.11 17:50:04;Buy;0.01;XAUUSD;4 257.37;4 258.77;4 271.27;2025.12.11 18:48:14;4 271.27;-0.02;;13.90;[tp]
2025.12.11 18:30:02;Buy;0.01;XAUUSD;4 258.95;4 130.53;4 289.39;2025.12.11 18:31:00;4 256.15;-0.02;;-2.80;
2025.12.09 08:15:00;Sell Stop;0.01;XAUUSD;4 165.99;4 194.49;4 147.99;2025.12.11 15:15:00;4 211.88;;;;cancelled
2025.12.10 05:00:00;Sell Stop;0.01;XAUUSD;4 171.99;4 257.42;4 157.48;2025.12.11 11:00:00;4 216.25;;;;cancelled
2025.12.10 11:00:00;Buy Stop;0.01;XAUUSD;4 257.25;4 080.88;4 271.22;2025.12.11 07:00:00;4 213.67;;;;cancelled
2025.12.10 10:00:00;Sell Stop;0.01;XAUUSD;4 172.75;4 349.12;4 158.78;2025.12.11 06:00:00;4 216.72;;;;cancelled
2025.12.08 18:00:00;Buy Stop;0.01;XAUUSD;4 258.29;4 221.88;4 281.75;2025.12.11 06:00:00;4 216.55;;;;cancelled
2025.12.09 20:00:00;Buy Stop;0.01;XAUUSD;4 257.32;4 171.72;4 271.86;2025.12.11 02:00:00;4 232.62;;;;cancelled
2025.12.10 04:10:00;Sell Stop;0.01;XAUUSD;4 165.97;4 342.34;4 152.00;2025.12.11 01:03:45;4 229.58;;;;cancelled
2025.12.09 12:15:00;Buy Stop;0.01;XAUUSD;4 258.90;4 130.82;4 289.34;2025.12.10 23:15:03;4 228.30;;;;cancelled
2025.12.10 22:04:15;Buy;0.01;XAUUSD;4 224.01;4 230.87;4 243.95;2025.12.10 22:24:30;4 229.78;-0.02;;5.77;[sl]
2025.12.10 22:04:14;Buy;0.01;XAUUSD;4 221.50;4 221.50;4 237.41;2025.12.10 22:16:33;4 237.41;-0.02;;15.91;[tp]
2025.12.10 22:04:14;Buy;0.01;XAUUSD;4 221.51;4 225.53;4 234.13;2025.12.10 22:14:11;4 234.13;-0.02;;12.62;[tp]
2025.12.10 22:04:14;Buy;0.01;XAUUSD;4 219.78;4 221.18;4 233.51;2025.12.10 22:13:00;4 233.51;-0.02;;13.73;[tp]
2025.12.08 15:00:00;Buy Stop;0.01;XAUUSD;4 257.16;4 228.61;4 275.19;2025.12.10 22:00:00;4 216.48;;;;cancelled
2025.12.10 21:11:09;Buy;0.01;XAUUSD;4 219.58;4 191.01;4 237.41;2025.12.10 21:12:01;4 212.93;-0.02;;-6.65;
2025.12.10 21:11:09;Buy;0.01;XAUUSD;4 219.57;4 043.17;4 233.51;2025.12.10 21:12:00;4 212.77;-0.02;;-6.80;
2025.12.10 21:11:15;Buy;0.01;XAUUSD;4 219.91;4 134.19;4 234.13;2025.12.10 21:12:00;4 212.73;-0.02;;-7.18;
2025.12.08 05:00:00;Buy Stop;0.01;XAUUSD;4 263.70;4 227.29;4 287.16;2025.12.10 17:00:00;4 192.71;;;;cancelled
2025.12.09 08:15:00;Sell Stop;0.01;XAUUSD;4 165.22;4 250.82;4 150.68;2025.12.10 14:15:00;4 201.10;;;;cancelled
2025.12.09 15:00:00;Buy Stop;0.01;XAUUSD;4 257.25;4 080.53;4 271.25;2025.12.10 11:00:00;4 197.60;;;;cancelled
2025.12.08 01:00:09;Buy Stop;0.01;XAUUSD;4 262.57;4 234.02;4 280.60;2025.12.10 08:15:00;4 209.56;;;;cancelled
2025.12.09 08:10:00;Sell Stop;0.01;XAUUSD;4 165.98;4 342.70;4 151.98;2025.12.10 04:10:00;4 216.40;;;;cancelled
2025.12.08 14:00:00;Buy Stop;0.01;XAUUSD;4 257.32;4 171.56;4 271.88;2025.12.09 20:00:00;4 202.97;;;;cancelled
2025.12.09 08:04:44;Sell;0.01;XAUUSD;4 177.43;4 354.15;4 213.00;2025.12.09 18:18:19;4 213.00;-0.02;;-35.57;[tp]
2025.12.09 08:04:52;Sell;0.01;XAUUSD;4 177.21;4 213.55;4 153.84;2025.12.09 17:59:03;4 214.70;-0.02;;-37.49;[sl]
2025.12.08 19:00:00;Buy Stop;0.01;XAUUSD;4 257.24;4 080.19;4 271.26;2025.12.09 15:00:00;4 204.74;;;;cancelled
2025.12.08 01:00:08;Buy Stop;0.01;XAUUSD;4 258.89;4 130.57;4 289.39;2025.12.09 12:15:00;4 204.86;;;;cancelled
2025.12.09 08:09:33;Sell;0.01;XAUUSD;4 175.10;4 260.82;4 206.84;2025.12.09 11:28:43;4 206.84;-0.02;;-31.74;[tp]
2025.12.09 08:04:44;Sell;0.01;XAUUSD;4 177.43;4 177.43;4 159.47;2025.12.09 08:15:35;4 177.53;-0.02;;-0.10;[sl]
2025.12.08 01:00:08;Buy Stop;0.01;XAUUSD;4 262.73;4 176.97;4 277.29;2025.12.09 07:15:00;4 186.31;;;;cancelled
2025.12.08 01:00:08;Buy Stop;0.01;XAUUSD;4 262.65;4 085.60;4 276.67;2025.12.08 21:05:00;4 185.59;;;;cancelled
2025.12.08 18:11:22;Sell;0.01;XAUUSD;4 177.48;4 206.05;4 159.47;2025.12.08 18:15:00;4 183.74;-0.02;;-6.26;
2025.12.08 18:11:22;Sell;0.01;XAUUSD;4 177.49;4 354.54;4 163.47;2025.12.08 18:15:00;4 183.98;-0.02;;-6.49;
2025.12.08 18:12:25;Sell;0.01;XAUUSD;4 177.23;4 213.71;4 153.84;2025.12.08 18:13:00;4 178.30;-0.02;;-1.07;
2025.12.08 17:15:37;Sell;0.01;XAUUSD;4 177.28;4 206.05;4 159.47;2025.12.08 17:16:01;4 179.06;-0.02;;-1.78;
2025.12.08 17:15:37;Sell;0.01;XAUUSD;4 177.29;4 213.71;4 153.84;2025.12.08 17:16:01;4 179.21;-0.02;;-1.92;
2025.12.08 17:15:37;Sell;0.01;XAUUSD;4 177.29;4 354.54;4 163.47;2025.12.08 17:16:00;4 179.22;-0.02;;-1.93;
2025.12.08 17:15:38;Sell;0.01;XAUUSD;4 176.29;4 262.49;4 162.17;2025.12.08 17:16:00;4 179.22;-0.02;;-2.93;
2025.12.08 17:09:49;Sell;0.01;XAUUSD;4 177.18;4 213.71;4 153.84;2025.12.08 17:10:00;4 180.53;-0.02;;-3.35;
2025.12.08 17:09:49;Sell;0.01;XAUUSD;4 177.18;4 206.05;4 159.47;2025.12.08 17:10:00;4 180.66;-0.02;;-3.48;
2025.12.08 17:09:49;Sell;0.01;XAUUSD;4 177.18;4 354.54;4 163.47;2025.12.08 17:10:00;4 180.64;-0.02;;-3.46;
2025.12.05 17:00:00;Buy Stop;0.01;XAUUSD;4 263.70;4 227.33;4 287.14;2025.12.08 05:00:00;4 208.58;;;;cancelled
2025.12.05 16:30:02;Sell Stop;0.01;XAUUSD;4 177.29;4 213.66;4 153.85;2025.12.08 04:45:00;4 206.45;;;;cancelled
2025.12.05 17:00:00;Buy Stop;0.01;XAUUSD;4 262.57;4 234.05;4 280.58;2025.12.08 01:00:09;4 196.62;;;;cancelled
2025.12.05 16:30:02;Sell Stop;0.01;XAUUSD;4 177.50;4 206.02;4 159.49;2025.12.08 01:00:09;4 196.48;;;;cancelled
2025.12.05 17:45:00;Buy Stop;0.01;XAUUSD;4 258.89;4 130.71;4 289.36;2025.12.08 01:00:08;4 196.43;;;;cancelled
2025.12.05 17:00:00;Buy Stop;0.01;XAUUSD;4 262.73;4 177.06;4 277.28;2025.12.08 01:00:08;4 196.58;;;;cancelled
2025.12.05 16:50:00;Buy Stop;0.01;XAUUSD;4 262.66;4 085.79;4 276.67;2025.12.08 01:00:08;4 196.45;;;;cancelled
2025.12.05 16:30:02;Sell Stop;0.01;XAUUSD;4 176.73;4 262.40;4 162.18;2025.12.08 01:00:08;4 196.44;;;;cancelled
2025.12.05 16:30:01;Sell Stop;0.01;XAUUSD;4 177.49;4 354.36;4 163.48;2025.12.08 01:00:08;4 195.22;;;;cancelled
2025.12.05 17:39:27;Buy;0.01;XAUUSD;4 259.03;4 174.73;4 217.84;2025.12.05 18:29:14;4 217.84;-0.02;;-41.19;[tp]
2025.12.05 16:47:28;Buy;0.01;XAUUSD;4 240.83;4 249.96;4 264.13;2025.12.05 17:47:11;4 249.90;-0.02;;9.07;[sl]
2025.12.05 16:47:24;Buy;0.01;XAUUSD;4 239.86;4 241.26;4 253.66;2025.12.05 17:33:22;4 253.66;-0.02;;13.80;[tp]
2025.12.05 16:47:24;Buy;0.01;XAUUSD;4 239.72;4 239.72;4 257.57;2025.12.05 17:02:02;4 239.35;-0.02;;-0.37;[sl]
2025.12.05 16:47:24;Buy;0.01;XAUUSD;4 239.76;4 241.05;4 254.27;2025.12.05 16:56:22;4 240.98;-0.02;;1.22;[sl]
2025.12.05 05:00:00;Sell Stop;0.01;XAUUSD;4 177.50;4 206.02;4 159.49;2025.12.05 13:50:02;4 222.57;;;;cancelled
2025.12.03 15:00:00;Sell Stop;0.01;XAUUSD;4 166.01;4 194.72;4 147.88;2025.12.05 13:50:02;4 222.57;;;;cancelled
2025.12.05 09:00:00;Sell Stop;0.01;XAUUSD;4 177.49;4 354.36;4 163.48;2025.12.05 13:50:01;4 222.57;;;;cancelled
2025.12.05 08:00:00;Sell Stop;0.01;XAUUSD;4 177.29;4 213.66;4 153.85;2025.12.05 13:50:01;4 222.57;;;;cancelled
2025.12.05 04:00:00;Sell Stop;0.01;XAUUSD;4 176.73;4 262.40;4 162.18;2025.12.05 13:50:01;4 222.57;;;;cancelled
2025.12.04 20:00:00;Sell Stop;0.01;XAUUSD;4 165.22;4 250.98;4 150.66;2025.12.05 13:50:01;4 222.57;;;;cancelled
2025.12.04 18:00:00;Buy Stop;0.01;XAUUSD;4 239.64;4 062.59;4 253.66;2025.12.05 13:50:01;4 222.72;;;;cancelled
2025.12.04 17:00:00;Buy Stop;0.01;XAUUSD;4 240.69;4 204.28;4 264.15;2025.12.05 13:50:01;4 222.72;;;;cancelled
2025.12.04 14:00:00;Buy Stop;0.01;XAUUSD;4 239.56;4 211.01;4 257.59;2025.12.05 13:50:01;4 222.72;;;;cancelled
2025.12.04 13:00:00;Buy Stop;0.01;XAUUSD;4 239.72;4 153.96;4 254.28;2025.12.05 13:50:01;4 222.72;;;;cancelled
2025.12.03 18:00:00;Sell Stop;0.01;XAUUSD;4 165.80;4 202.41;4 142.21;2025.12.05 13:50:01;4 222.57;;;;cancelled
2025.12.05 01:00:01;Buy Stop;0.01;XAUUSD;4 261.10;4 240.09;4 347.26;2025.12.05 13:50:00;4 222.74;;;;cancelled
2025.12.05 01:00:01;Buy Stop;0.01;XAUUSD;4 258.89;4 130.71;4 289.36;2025.12.05 13:50:00;4 222.86;;;;cancelled
2025.12.04 06:00:00;Sell Stop;0.01;XAUUSD;4 166.07;4 187.11;4 037.23;2025.12.05 13:50:00;4 222.70;;;;cancelled
2025.12.04 01:00:01;Buy Stop;0.01;XAUUSD;4 261.94;4 247.21;4 331.36;2025.12.05 13:50:00;4 222.69;;;;cancelled
2025.12.03 02:00:00;Buy Stop;0.01;XAUUSD;4 263.61;4 242.46;4 393.17;2025.12.05 13:50:00;4 222.85;;;;cancelled
2025.12.02 22:00:00;Sell Stop;0.01;XAUUSD;4 024.90;4 046.00;3 895.69;2025.12.05 13:50:00;4 222.67;;;;cancelled
2025.11.20 03:12:15;Sell Stop;0.01;XAUUSD;3 889.04;3 903.28;3 821.93;2025.12.05 13:50:00;4 222.54;;;;cancelled
2025.11.20 03:12:15;Sell Stop;0.01;XAUUSD;3 888.02;3 908.36;3 804.64;2025.12.05 13:50:00;4 222.54;;;;cancelled
2025.12.04 15:00:00;Sell Stop;0.01;XAUUSD;4 165.98;4 343.03;4 151.96;2025.12.05 11:00:00;4 220.16;;;;cancelled
2025.12.03 23:00:00;Buy Stop;0.01;XAUUSD;4 375.78;4 246.75;4 406.45;2025.12.05 10:00:00;4 224.62;;;;cancelled
2025.12.03 01:01:01;Sell Stop;0.01;XAUUSD;4 024.83;4 053.54;4 006.70;2025.12.05 08:15:00;4 225.49;;;;cancelled
2025.12.04 09:00:00;Buy Stop;0.01;XAUUSD;4 262.65;4 085.60;4 276.67;2025.12.05 05:00:00;4 207.62;;;;cancelled
2025.12.02 16:00:00;Buy Stop;0.01;XAUUSD;4 263.70;4 227.19;4 287.23;2025.12.05 04:00:00;4 203.62;;;;cancelled
2025.12.03 18:00:00;Buy Stop;0.01;XAUUSD;4 262.72;4 176.48;4 277.36;2025.12.05 01:00:01;4 209.60;;;;cancelled
2025.12.01 04:00:00;Buy Stop;0.01;XAUUSD;4 378.07;4 357.28;4 463.29;2025.12.05 01:00:01;4 209.65;;;;cancelled
2025.12.03 14:00:00;Sell Stop;0.01;XAUUSD;4 165.23;4 251.47;4 150.59;2025.12.04 20:00:00;4 216.48;;;;cancelled
2025.12.02 13:00:00;Buy Stop;0.01;XAUUSD;4 262.56;4 233.93;4 280.64;2025.12.04 20:00:00;4 216.61;;;;cancelled
2025.12.03 19:00:00;Sell Stop;0.01;XAUUSD;4 166.00;4 344.03;4 151.90;2025.12.04 15:00:00;4 190.63;;;;cancelled
2025.12.03 13:00:00;Buy Stop;0.01;XAUUSD;4 262.64;4 084.61;4 276.74;2025.12.04 09:00:00;4 190.24;;;;cancelled
2025.12.02 12:00:00;Buy Stop;0.01;XAUUSD;4 375.80;4 247.12;4 406.39;2025.12.03 23:00:00;4 206.37;;;;cancelled
2025.12.02 12:00:00;Buy Stop;0.01;XAUUSD;4 262.72;4 176.72;4 277.32;2025.12.03 18:00:00;4 216.45;;;;cancelled
2025.12.01 01:00:01;Sell Stop;0.01;XAUUSD;4 024.58;4 060.56;4 001.40;2025.12.03 13:15:00;4 199.61;;;;cancelled
2025.12.02 17:00:00;Buy Stop;0.01;XAUUSD;4 262.65;4 085.10;4 276.71;2025.12.03 13:00:00;4 200.76;;;;cancelled
2025.12.01 05:00:00;Sell Stop;0.01;XAUUSD;4 024.78;4 052.99;4 006.96;2025.12.03 12:00:00;4 202.04;;;;cancelled
2025.11.24 22:00:00;Sell Stop;0.01;XAUUSD;4 024.81;4 045.19;3 900.01;2025.12.02 22:00:00;4 196.55;;;;cancelled
2025.12.01 01:00:00;Buy Stop;0.01;XAUUSD;4 375.88;4 249.09;4 406.02;2025.12.02 12:00:00;4 191.79;;;;cancelled
2025.12.01 01:00:01;Sell Stop;0.01;XAUUSD;4 024.77;4 199.72;4 010.91;2025.12.01 21:05:00;4 240.62;;;;cancelled
2025.11.28 22:00:00;Sell Stop;0.01;XAUUSD;4 024.79;4 053.06;4 006.94;2025.12.01 05:00:00;4 242.72;;;;cancelled
2025.12.01 03:39:34;Buy;0.01;XAUUSD;4 241.99;4 244.07;4 327.14;2025.12.01 04:22:11;4 243.50;-0.02;;1.51;[sl]
2025.12.01 03:39:35;Buy;0.01;XAUUSD;4 243.84;4 244.75;4 311.34;2025.12.01 04:20:15;4 244.53;-0.02;;0.69;[sl]
2025.11.28 23:00:00;Buy Stop;0.01;XAUUSD;4 378.06;4 357.23;4 463.46;2025.12.01 01:00:01;4 223.98;;;;cancelled
2025.11.28 17:05:00;Sell Stop;0.01;XAUUSD;4 024.78;4 200.08;4 010.89;2025.12.01 01:00:01;4 223.29;;;;cancelled
2025.11.28 01:00:19;Sell Stop;0.01;XAUUSD;4 024.02;4 108.93;4 009.60;2025.12.01 01:00:01;4 219.85;;;;cancelled
2025.11.26 23:00:00;Sell Stop;0.01;XAUUSD;4 024.57;4 060.36;4 001.51;2025.12.01 01:00:01;4 220.40;;;;cancelled
2025.11.28 23:05:16;Buy;0.01;XAUUSD;4 249.01;4 234.29;4 311.47;2025.12.01 01:00:00;4 217.23;-0.02;-0.16;-31.78;[sl]
2025.11.28 10:00:00;Buy Stop;0.01;XAUUSD;4 375.87;4 248.82;4 406.07;2025.12.01 01:00:00;4 225.10;;;;cancelled
2025.11.28 22:33:43;Buy;0.01;XAUUSD;4 242.55;4 221.65;4 325.37;2025.12.01 01:00:00;4 219.03;-0.02;-0.16;-23.52;[sl]
2025.11.28 22:34:03;Buy;0.01;XAUUSD;4 244.47;4 215.35;4 261.08;2025.11.28 22:35:00;4 228.17;-0.02;;-16.30;
2025.11.28 22:34:03;Buy;0.01;XAUUSD;4 244.47;4 223.58;4 371.98;2025.11.28 22:34:03;4 221.68;-0.02;;-22.79;[sl]
2025.11.28 22:33:43;Buy;0.01;XAUUSD;4 243.14;4 228.57;4 309.92;2025.11.28 22:34:02;4 221.68;-0.02;;-21.46;[sl]
2025.11.26 15:00:00;Sell Stop;0.01;XAUUSD;4 024.77;4 052.83;4 007.05;2025.11.28 22:00:00;4 212.93;;;;cancelled
2025.11.27 21:05:00;Sell Stop;0.01;XAUUSD;4 024.76;4 198.61;4 010.99;2025.11.28 17:05:00;4 196.09;;;;cancelled
2025.11.26 23:00:00;Buy Stop;0.01;XAUUSD;4 375.91;4 249.78;4 405.89;2025.11.28 10:00:00;4 175.50;;;;cancelled
2025.11.20 03:12:14;Sell Stop;0.01;XAUUSD;4 000.85;4 021.19;3 876.28;2025.11.28 04:00:00;4 191.09;;;;cancelled
2025.11.20 03:12:14;Buy Stop;0.01;XAUUSD;4 244.43;4 224.09;4 369.00;2025.11.28 04:00:00;4 191.20;;;;cancelled
2025.11.28 02:30:43;Buy;0.01;XAUUSD;4 172.75;4 184.17;4 195.73;2025.11.28 03:18:38;4 184.03;-0.02;;11.28;[sl]
2025.11.28 02:30:23;Buy;0.01;XAUUSD;4 171.63;4 171.63;4 189.41;2025.11.28 03:03:48;4 189.41;-0.02;;17.78;[tp]
2025.11.28 02:28:14;Buy;0.01;XAUUSD;4 171.69;4 171.69;4 189.27;2025.11.28 03:03:43;4 189.27;-0.02;;17.58;[tp]
2025.11.28 02:30:29;Buy;0.01;XAUUSD;4 171.73;4 177.85;4 186.14;2025.11.28 03:01:02;4 186.14;-0.02;;14.41;[tp]
2025.11.28 02:28:21;Buy;0.01;XAUUSD;4 171.80;4 177.85;4 186.03;2025.11.28 03:01:01;4 186.03;-0.02;;14.23;[tp]
2025.11.28 02:30:27;Buy;0.01;XAUUSD;4 171.64;4 173.03;4 185.53;2025.11.28 03:00:32;4 185.53;-0.02;;13.89;[tp]
2025.11.28 02:28:14;Buy;0.01;XAUUSD;4 171.70;4 173.09;4 185.43;2025.11.28 03:00:31;4 185.43;-0.02;;13.73;[tp]
2025.11.26 19:00:00;Sell Stop;0.01;XAUUSD;4 024.01;4 108.31;4 009.69;2025.11.28 01:00:19;4 157.73;;;;cancelled
2025.11.27 01:02:01;Sell Stop;0.01;XAUUSD;4 024.76;4 198.61;4 010.99;2025.11.27 21:05:00;4 159.61;;;;cancelled
2025.11.24 22:45:00;Buy Stop;0.01;XAUUSD;4 243.41;4 215.76;4 260.88;2025.11.27 05:45:00;4 148.08;;;;cancelled
2025.11.26 04:05:00;Sell Stop;0.01;XAUUSD;4 024.76;4 198.79;4 010.98;2025.11.27 01:02:01;4 165.56;;;;cancelled
2025.11.25 12:00:00;Buy Stop;0.01;XAUUSD;4 376.00;4 251.81;4 405.52;2025.11.26 23:00:00;4 164.17;;;;cancelled
2025.11.24 11:00:00;Sell Stop;0.01;XAUUSD;4 024.53;4 059.80;4 001.80;2025.11.26 23:00:00;4 163.98;;;;cancelled
2025.11.25 13:00:00;Sell Stop;0.01;XAUUSD;4 023.98;4 106.98;4 009.88;2025.11.26 19:00:00;4 167.21;;;;cancelled
2025.11.24 08:00:00;Sell Stop;0.01;XAUUSD;4 024.73;4 052.38;4 007.26;2025.11.26 15:00:00;4 154.01;;;;cancelled
2025.11.24 01:00:01;Sell Stop;0.01;XAUUSD;4 000.58;4 035.85;3 977.85;2025.11.26 13:15:00;4 159.95;;;;cancelled
2025.11.24 01:00:02;Sell Stop;0.01;XAUUSD;4 000.78;4 028.43;3 983.31;2025.11.26 08:15:00;4 157.58;;;;cancelled
2025.11.25 08:00:01;Sell Stop;0.01;XAUUSD;4 024.72;4 196.08;4 011.15;2025.11.26 04:05:00;4 150.82;;;;cancelled
2025.11.24 07:00:00;Sell Stop;0.01;XAUUSD;4 023.98;4 107.05;4 009.87;2025.11.25 13:00:00;4 131.30;;;;cancelled
2025.11.24 01:00:00;Buy Stop;0.01;XAUUSD;4 376.00;4 251.71;4 405.55;2025.11.25 12:00:00;4 128.56;;;;cancelled
2025.11.24 22:37:21;Buy;0.01;XAUUSD;4 131.56;4 136.65;4 256.49;2025.11.25 09:29:47;4 135.02;-0.02;-0.16;3.46;[sl]
2025.11.24 12:00:00;Sell Stop;0.01;XAUUSD;4 024.72;4 196.22;4 011.14;2025.11.25 08:00:01;4 151.20;;;;cancelled
2025.11.24 01:00:01;Sell Stop;0.01;XAUUSD;4 000.03;4 083.10;3 985.92;2025.11.25 07:15:00;4 146.69;;;;cancelled
2025.11.24 22:33:57;Buy;0.01;XAUUSD;4 131.34;4 131.34;4 148.00;2025.11.25 01:11:55;4 131.34;-0.02;-0.16;0.00;[sl]
2025.11.24 22:35:54;Buy;0.01;XAUUSD;4 130.64;4 132.00;4 144.20;2025.11.25 01:11:41;4 131.94;-0.02;-0.16;1.30;[sl]
2025.11.24 22:33:57;Buy;0.01;XAUUSD;4 131.04;4 132.40;4 144.20;2025.11.25 01:11:40;4 132.07;-0.02;-0.16;1.03;[sl]
2025.11.24 22:37:22;Buy;0.01;XAUUSD;4 131.92;4 132.39;4 154.36;2025.11.25 01:11:40;4 132.08;-0.02;-0.16;0.16;[sl]
2025.11.24 22:33:57;Buy;0.01;XAUUSD;4 131.05;4 132.30;4 144.80;2025.11.25 01:11:40;4 132.06;-0.02;-0.16;1.01;[sl]
2025.11.24 01:00:00;Sell Stop;0.01;XAUUSD;4 000.77;4 172.27;3 987.19;2025.11.24 21:00:00;4 120.56;;;;cancelled
2025.11.24 01:00:00;Buy Stop;0.01;XAUUSD;4 130.62;3 959.12;4 144.20;2025.11.24 21:00:00;4 120.64;;;;cancelled
2025.11.24 20:32:58;Buy;0.01;XAUUSD;4 100.48;4 113.32;4 123.10;2025.11.24 20:53:24;4 123.10;-0.02;;22.62;[tp]
2025.11.20 03:12:17;Sell Stop;0.01;XAUUSD;4 000.78;4 028.38;3 983.35;2025.11.24 01:00:02;4 068.39;;;;cancelled
2025.11.20 03:12:17;Buy Stop;0.01;XAUUSD;4 243.42;4 215.82;4 260.85;2025.11.24 01:00:02;4 071.55;;;;cancelled
2025.11.21 09:15:00;Sell Stop;0.01;XAUUSD;4 000.04;4 083.20;3 985.92;2025.11.24 01:00:01;4 069.02;;;;cancelled
2025.11.20 18:00:00;Buy Stop;0.01;XAUUSD;4 131.63;4 096.43;4 154.31;2025.11.24 01:00:01;4 071.28;;;;cancelled
2025.11.20 15:00:00;Buy Stop;0.01;XAUUSD;4 130.54;4 102.94;4 147.97;2025.11.24 01:00:01;4 071.55;;;;cancelled
2025.11.20 03:12:17;Sell Stop;0.01;XAUUSD;4 000.58;4 035.78;3 977.90;2025.11.24 01:00:01;4 068.73;;;;cancelled
2025.11.20 03:12:17;Buy Stop;0.01;XAUUSD;4 244.51;4 209.31;4 267.19;2025.11.24 01:00:01;4 071.93;;;;cancelled
2025.11.21 20:00:00;Buy Stop;0.01;XAUUSD;4 130.69;4 047.53;4 144.81;2025.11.24 01:00:00;4 069.11;;;;cancelled
2025.11.21 19:15:00;Sell Stop;0.01;XAUUSD;4 000.77;4 172.45;3 987.17;2025.11.24 01:00:00;4 068.96;;;;cancelled
2025.11.21 15:00:00;Buy Stop;0.01;XAUUSD;4 130.62;3 958.94;4 144.22;2025.11.24 01:00:00;4 069.11;;;;cancelled
2025.11.21 14:15:00;Buy Stop;0.01;XAUUSD;4 375.99;4 251.56;4 405.57;2025.11.24 01:00:00;4 071.73;;;;cancelled
2025.11.20 14:00:00;Buy Stop;0.01;XAUUSD;4 130.69;4 047.78;4 144.77;2025.11.21 20:00:00;4 085.93;;;;cancelled
2025.11.20 23:15:00;Sell Stop;0.01;XAUUSD;4 000.77;4 171.94;3 987.21;2025.11.21 19:15:00;4 084.60;;;;cancelled
2025.11.20 19:00:00;Buy Stop;0.01;XAUUSD;4 130.62;3 959.45;4 144.18;2025.11.21 15:00:00;4 066.53;;;;cancelled
2025.11.20 03:12:14;Buy Stop;0.01;XAUUSD;4 376.01;4 251.95;4 405.50;2025.11.21 14:15:00;4 044.43;;;;cancelled
2025.11.20 03:12:16;Sell Stop;0.01;XAUUSD;4 000.03;4 082.94;3 985.95;2025.11.21 09:15:00;4 032.64;;;;cancelled
2025.11.20 03:12:16;Buy Stop;0.01;XAUUSD;4 243.57;4 160.66;4 257.65;2025.11.21 09:15:00;4 032.75;;;;cancelled
2025.11.21 08:28:11;Sell;0.01;XAUUSD;4 040.09;4 038.83;4 026.17;2025.11.21 08:35:28;4 039.04;-0.02;;1.05;[sl]
2025.11.21 08:20:07;Sell;0.01;XAUUSD;4 041.02;4 068.72;4 023.56;2025.11.21 08:21:00;4 043.75;-0.02;;-2.73;
2025.11.21 07:54:04;Sell;0.01;XAUUSD;4 040.17;4 123.45;4 026.17;2025.11.21 07:55:00;4 041.68;-0.02;;-1.51;
2025.11.20 03:12:16;Sell Stop;0.01;XAUUSD;4 000.77;4 171.94;3 987.21;2025.11.20 23:15:00;4 077.01;;;;cancelled
2025.11.20 03:12:15;Buy Stop;0.01;XAUUSD;4 243.50;4 072.33;4 257.06;2025.11.20 23:15:00;4 077.15;;;;cancelled
2025.11.19 23:15:00;Buy Stop;0.01;XAUUSD;4 376.04;4 252.70;4 405.36;2025.11.20 03:11:12;4 104.08;;;;cancelled
2025.11.19 22:00:00;Sell Stop;0.01;XAUUSD;4 000.84;4 021.06;3 877.00;2025.11.20 03:11:11;4 103.89;;;;cancelled
2025.11.19 15:00:00;Buy Stop;0.01;XAUUSD;4 244.52;4 209.52;4 267.07;2025.11.20 03:11:11;4 103.76;;;;cancelled
2025.11.19 13:15:00;Buy Stop;0.01;XAUUSD;4 243.58;4 161.15;4 257.58;2025.11.20 03:11:10;4 103.79;;;;cancelled
2025.11.19 13:05:00;Buy Stop;0.01;XAUUSD;4 243.51;4 073.33;4 256.99;2025.11.20 03:11:10;4 103.65;;;;cancelled
2025.11.19 11:00:00;Sell Stop;0.01;XAUUSD;4 000.75;4 170.93;3 987.27;2025.11.20 03:11:10;4 103.90;;;;cancelled
2025.11.19 10:00:00;Sell Stop;0.01;XAUUSD;4 000.57;4 035.57;3 978.02;2025.11.20 03:11:09;4 103.86;;;;cancelled
2025.11.19 08:15:00;Buy Stop;0.01;XAUUSD;4 243.43;4 215.99;4 260.76;2025.11.20 03:11:09;4 103.99;;;;cancelled
2025.11.19 07:00:00;Sell Stop;0.01;XAUUSD;4 000.77;4 028.21;3 983.44;2025.11.20 03:11:08;4 103.86;;;;cancelled
2025.11.19 06:00:00;Sell Stop;0.01;XAUUSD;4 000.02;4 082.45;3 986.02;2025.11.20 03:11:08;4 103.81;;;;cancelled
2025.11.19 01:00:58;Buy Stop;0.01;XAUUSD;4 242.01;4 221.79;4 324.91;2025.11.20 03:11:08;4 103.97;;;;cancelled
2025.11.18 01:00:01;Buy Stop;0.01;XAUUSD;4 242.79;4 228.49;4 310.20;2025.11.20 03:11:07;4 103.89;;;;cancelled
2025.11.17 02:00:00;Buy Stop;0.01;XAUUSD;4 244.41;4 223.56;4 372.13;2025.11.20 03:11:07;4 103.87;;;;cancelled
2025.11.17 01:00:01;Sell Stop;0.01;XAUUSD;3 931.34;3 952.19;3 803.62;2025.11.20 03:11:07;4 103.77;;;;cancelled
2025.11.07 16:30:01;Sell Stop;0.01;XAUUSD;3 888.99;3 902.92;3 823.33;2025.11.20 03:11:06;4 103.94;;;;cancelled
2025.11.07 16:30:01;Sell Stop;0.01;XAUUSD;3 887.99;3 907.89;3 806.41;2025.11.20 03:11:05;4 103.87;;;;cancelled
2025.11.18 12:15:00;Buy Stop;0.01;XAUUSD;4 375.98;4 251.37;4 405.60;2025.11.19 23:15:00;4 072.43;;;;cancelled
2025.11.17 03:00:00;Buy Stop;0.01;XAUUSD;4 244.49;4 208.40;4 267.75;2025.11.19 15:00:00;4 114.86;;;;cancelled
2025.11.18 07:15:00;Buy Stop;0.01;XAUUSD;4 243.56;4 160.28;4 257.70;2025.11.19 13:15:00;4 110.21;;;;cancelled
2025.11.18 17:05:00;Buy Stop;0.01;XAUUSD;4 243.49;4 071.56;4 257.11;2025.11.19 13:05:00;4 108.50;;;;cancelled
2025.11.17 01:00:02;Sell Stop;0.01;XAUUSD;3 931.26;3 959.56;3 913.39;2025.11.19 08:15:00;4 096.86;;;;cancelled
2025.11.17 01:00:02;Buy Stop;0.01;XAUUSD;4 243.36;4 215.06;4 261.23;2025.11.19 08:15:00;4 097.03;;;;cancelled
2025.11.07 16:30:01;Buy Stop;0.01;XAUUSD;4 378.22;4 358.32;4 459.80;2025.11.19 01:00:58;4 069.96;;;;cancelled
2025.11.17 21:05:00;Buy Stop;0.01;XAUUSD;4 243.45;4 067.95;4 257.35;2025.11.18 17:05:00;4 060.07;;;;cancelled
2025.11.17 01:00:01;Buy Stop;0.01;XAUUSD;4 375.87;4 248.67;4 406.11;2025.11.18 12:15:00;4 040.81;;;;cancelled
2025.11.17 01:00:01;Buy Stop;0.01;XAUUSD;4 243.53;4 158.52;4 257.97;2025.11.18 07:15:00;4 012.48;;;;cancelled
2025.11.10 04:00:00;Buy Stop;0.01;XAUUSD;4 380.61;4 360.73;4 502.39;2025.11.18 04:00:00;4 024.78;;;;cancelled
2025.11.07 16:30:01;Buy Stop;0.01;XAUUSD;4 379.01;4 365.08;4 444.67;2025.11.18 01:00:02;4 047.57;;;;cancelled
2025.11.17 21:35:24;Sell;0.01;XAUUSD;4 032.14;4 023.64;4 011.17;2025.11.17 21:47:18;4 023.78;-0.02;;8.36;[sl]
2025.11.17 21:35:15;Sell;0.01;XAUUSD;4 034.58;4 034.58;4 016.76;2025.11.17 21:43:23;4 016.76;-0.02;;17.82;[tp]
2025.11.17 21:35:24;Sell;0.01;XAUUSD;4 032.15;4 030.87;4 019.42;2025.11.17 21:42:50;4 019.42;-0.02;;12.73;[tp]
2025.11.17 21:35:15;Sell;0.01;XAUUSD;4 034.53;4 033.14;4 020.72;2025.11.17 21:42:47;4 020.72;-0.02;;13.81;[tp]
2025.11.17 01:00:01;Buy Stop;0.01;XAUUSD;4 243.45;4 067.95;4 257.35;2025.11.17 21:05:00;4 060.38;;;;cancelled
2025.11.14 15:00:00;Buy Stop;0.01;XAUUSD;4 244.48;4 208.12;4 267.91;2025.11.17 03:00:00;4 083.17;;;;cancelled
2025.11.14 12:00:00;Buy Stop;0.01;XAUUSD;4 243.35;4 214.84;4 261.36;2025.11.17 01:00:02;4 087.06;;;;cancelled
2025.11.14 01:00:00;Sell Stop;0.01;XAUUSD;3 931.28;3 959.79;3 913.27;2025.11.17 01:00:02;4 084.58;;;;cancelled
2025.11.14 16:00:00;Buy Stop;0.01;XAUUSD;4 243.44;4 066.61;4 257.45;2025.11.17 01:00:01;4 087.65;;;;cancelled
2025.11.14 11:00:00;Buy Stop;0.01;XAUUSD;4 243.51;4 157.85;4 258.06;2025.11.17 01:00:01;4 087.08;;;;cancelled
2025.11.14 10:00:00;Buy Stop;0.01;XAUUSD;4 375.82;4 247.66;4 406.28;2025.11.17 01:00:01;4 088.90;;;;cancelled
2025.11.12 16:45:00;Sell Stop;0.01;XAUUSD;3 931.03;3 966.64;3 908.08;2025.11.17 01:00:01;4 084.58;;;;cancelled
2025.11.07 16:30:01;Sell Stop;0.01;XAUUSD;3 931.22;3 951.12;3 809.35;2025.11.17 01:00:01;4 084.78;;;;cancelled
2025.11.12 23:00:00;Buy Stop;0.01;XAUUSD;4 375.94;4 250.42;4 405.78;2025.11.14 10:00:00;4 180.92;;;;cancelled
2025.11.12 01:00:00;Sell Stop;0.01;XAUUSD;3 931.23;3 959.16;3 913.59;2025.11.14 08:00:00;4 190.02;;;;cancelled
2025.11.12 13:05:01;Sell Stop;0.01;XAUUSD;3 931.22;4 104.41;3 917.50;2025.11.13 09:10:00;4 210.87;;;;cancelled
2025.11.11 12:00:00;Buy Stop;0.01;XAUUSD;4 376.10;4 254.09;4 405.10;2025.11.12 23:00:00;4 195.76;;;;cancelled
2025.11.12 17:10:11;Buy;0.01;XAUUSD;4 147.81;4 160.25;4 170.71;2025.11.12 17:17:22;4 170.71;-0.02;;22.90;[tp]
2025.11.10 03:23:38;Buy;0.01;XAUUSD;4 045.44;4 096.92;4 167.28;2025.11.12 17:16:23;4 167.28;-0.02;-0.32;121.84;[tp]
2025.11.12 17:10:11;Buy;0.01;XAUUSD;4 147.22;4 147.22;4 164.29;2025.11.12 17:16:07;4 164.29;-0.02;;17.07;[tp]
2025.11.12 17:10:10;Buy;0.01;XAUUSD;4 147.22;4 150.50;4 161.06;2025.11.12 17:13:51;4 161.06;-0.02;;13.84;[tp]
2025.11.12 17:10:11;Buy;0.01;XAUUSD;4 147.21;4 148.58;4 160.46;2025.11.12 17:13:43;4 160.46;-0.02;;13.25;[tp]
2025.11.10 04:45:00;Sell Stop;0.01;XAUUSD;3 930.95;3 965.36;3 908.77;2025.11.12 16:45:00;4 136.17;;;;cancelled
2025.11.11 07:15:00;Sell Stop;0.01;XAUUSD;3 930.42;4 011.97;3 916.57;2025.11.12 13:15:00;4 131.06;;;;cancelled
2025.11.11 17:05:00;Sell Stop;0.01;XAUUSD;3 931.15;4 099.50;3 917.82;2025.11.12 13:05:01;4 126.88;;;;cancelled
2025.11.10 01:00:01;Sell Stop;0.01;XAUUSD;3 931.14;3 958.12;3 914.10;2025.11.12 08:15:00;4 106.14;;;;cancelled
2025.11.10 21:05:00;Sell Stop;0.01;XAUUSD;3 931.13;4 098.47;3 917.88;2025.11.11 17:05:00;4 123.61;;;;cancelled
2025.11.10 01:00:00;Buy Stop;0.01;XAUUSD;4 376.13;4 254.85;4 404.96;2025.11.11 12:00:00;4 141.99;;;;cancelled
2025.11.10 01:00:01;Sell Stop;0.01;XAUUSD;3 930.41;4 011.47;3 916.65;2025.11.11 07:15:00;4 140.63;;;;cancelled
2025.11.10 01:00:01;Sell Stop;0.01;XAUUSD;3 931.13;4 098.47;3 917.88;2025.11.10 21:05:00;4 109.40;;;;cancelled
2025.11.07 16:30:02;Sell Stop;0.01;XAUUSD;3 930.95;3 965.39;3 908.76;2025.11.10 04:45:00;4 044.58;;;;cancelled
2025.11.10 03:22:29;Buy;0.01;XAUUSD;4 044.53;4 044.53;4 061.45;2025.11.10 03:53:42;4 044.44;-0.02;;-0.09;[sl]
2025.11.10 03:22:29;Buy;0.01;XAUUSD;4 044.53;4 045.86;4 057.74;2025.11.10 03:53:01;4 045.46;-0.02;;0.93;[sl]
2025.11.10 03:23:39;Buy;0.01;XAUUSD;4 045.56;4 046.02;4 067.67;2025.11.10 03:53:01;4 045.45;-0.02;;-0.11;[sl]
2025.11.07 18:35:35;Buy;0.01;XAUUSD;4 020.63;4 029.85;4 040.85;2025.11.10 03:21:59;4 040.85;-0.02;-0.16;20.22;[tp]
2025.11.07 18:45:00;Buy Stop;0.01;XAUUSD;4 044.41;4 017.41;4 061.46;2025.11.10 01:45:00;4 007.41;;;;cancelled
2025.11.07 16:30:02;Sell Stop;0.01;XAUUSD;3 931.15;3 958.15;3 914.10;2025.11.10 01:00:01;3 998.65;;;;cancelled
2025.11.07 16:30:02;Sell Stop;0.01;XAUUSD;3 930.41;4 011.53;3 916.63;2025.11.10 01:00:01;3 999.69;;;;cancelled
2025.11.07 18:40:00;Buy Stop;0.01;XAUUSD;4 044.49;3 877.02;4 057.75;2025.11.10 01:00:00;4 004.08;;;;cancelled
2025.11.07 16:30:02;Buy Stop;0.01;XAUUSD;4 376.13;4 254.76;4 404.98;2025.11.10 01:00:00;4 004.27;;;;cancelled
2025.11.07 16:30:02;Sell Stop;0.01;XAUUSD;3 931.13;4 098.60;3 917.87;2025.11.10 01:00:00;4 000.97;;;;cancelled
2025.11.07 18:34:58;Buy;0.01;XAUUSD;4 017.64;4 017.64;4 034.64;2025.11.07 18:46:18;4 017.20;-0.02;;-0.44;[sl]
2025.11.07 18:35:00;Buy;0.01;XAUUSD;4 017.83;4 019.05;4 031.52;2025.11.07 18:43:00;4 018.79;-0.02;;0.96;[sl]
2025.11.07 18:35:00;Buy;0.01;XAUUSD;4 017.82;4 019.15;4 030.93;2025.11.07 18:42:59;4 018.99;-0.02;;1.17;[sl]
2025.11.05 14:00:00;Sell Stop;0.01;XAUUSD;3 931.16;3 958.31;3 914.01;2025.11.07 13:50:02;4 002.07;;;;cancelled
2025.11.05 08:15:00;Sell Stop;0.01;XAUUSD;3 917.52;3 944.67;3 900.37;2025.11.07 13:50:02;4 002.11;;;;cancelled
2025.11.05 08:15:00;Buy Stop;0.01;XAUUSD;4 044.40;4 017.25;4 061.55;2025.11.07 13:50:02;4 002.21;;;;cancelled
2025.11.07 11:00:00;Buy Stop;0.01;XAUUSD;4 017.59;3 990.59;4 034.64;2025.11.07 13:50:01;4 002.16;;;;cancelled
2025.11.07 10:00:00;Buy Stop;0.01;XAUUSD;4 017.74;3 936.62;4 031.52;2025.11.07 13:50:01;4 002.26;;;;cancelled
2025.11.07 10:00:00;Sell Stop;0.01;XAUUSD;3 931.13;4 098.60;3 917.87;2025.11.07 13:50:01;4 002.12;;;;cancelled
2025.11.07 07:00:00;Buy Stop;0.01;XAUUSD;4 044.49;3 877.02;4 057.75;2025.11.07 13:50:01;4 002.26;;;;cancelled
2025.11.06 19:15:00;Buy Stop;0.01;XAUUSD;4 044.59;3 964.44;4 058.20;2025.11.07 13:50:01;4 002.17;;;;cancelled
2025.11.06 19:00:00;Sell Stop;0.01;XAUUSD;3 930.39;4 010.54;3 916.78;2025.11.07 13:50:01;4 001.99;;;;cancelled
2025.11.05 17:00:00;Sell Stop;0.01;XAUUSD;3 930.96;3 965.59;3 908.64;2025.11.07 13:50:01;4 001.96;;;;cancelled
2025.11.05 14:00:00;Buy Stop;0.01;XAUUSD;4 045.48;4 010.85;4 067.80;2025.11.07 13:50:01;4 002.13;;;;cancelled
2025.11.05 13:15:00;Sell Stop;0.01;XAUUSD;3 917.32;3 951.95;3 895.00;2025.11.07 13:50:01;4 001.97;;;;cancelled
2025.11.07 10:15:00;Buy Stop;0.01;XAUUSD;4 376.13;4 254.76;4 404.98;2025.11.07 13:50:00;4 001.72;;;;cancelled
2025.11.06 02:00:00;Sell Stop;0.01;XAUUSD;3 931.19;3 950.85;3 810.77;2025.11.07 13:50:00;4 001.81;;;;cancelled
2025.11.03 14:00:00;Buy Stop;0.01;XAUUSD;4 045.39;4 025.27;4 168.60;2025.11.07 13:50:00;4 001.83;;;;cancelled
2025.11.03 01:00:07;Sell Stop;0.01;XAUUSD;3 888.01;3 908.13;3 805.53;2025.11.07 13:50:00;4 001.89;;;;cancelled
2025.10.31 01:00:36;Sell Stop;0.01;XAUUSD;3 888.96;3 902.70;3 824.19;2025.11.07 13:50:00;4 001.99;;;;cancelled
2025.10.24 01:00:02;Buy Stop;0.01;XAUUSD;4 378.12;4 357.64;4 462.08;2025.11.07 13:50:00;4 002.04;;;;cancelled
2025.10.23 01:00:09;Buy Stop;0.01;XAUUSD;4 378.92;4 364.48;4 446.99;2025.11.07 13:50:00;4 002.04;;;;cancelled
2025.11.05 23:15:00;Buy Stop;0.01;XAUUSD;4 376.10;4 254.05;4 405.11;2025.11.07 10:15:00;4 009.85;;;;cancelled
2025.11.06 14:00:00;Sell Stop;0.01;XAUUSD;3 931.11;4 096.58;3 918.00;2025.11.07 10:00:00;4 008.55;;;;cancelled
2025.10.30 10:00:00;Buy Stop;0.01;XAUUSD;4 380.61;4 360.84;4 501.73;2025.11.07 10:00:00;4 008.49;;;;cancelled
2025.11.06 11:00:00;Buy Stop;0.01;XAUUSD;4 044.52;3 879.05;4 057.63;2025.11.07 07:00:00;3 998.71;;;;cancelled
2025.10.29 22:00:00;Sell Stop;0.01;XAUUSD;3 889.09;3 909.01;3 767.09;2025.11.06 22:00:00;3 985.30;;;;cancelled
2025.11.05 13:15:00;Buy Stop;0.01;XAUUSD;4 044.55;3 962.98;4 058.40;2025.11.06 19:15:00;3 978.67;;;;cancelled
2025.11.05 13:00:00;Sell Stop;0.01;XAUUSD;3 930.42;4 011.99;3 916.57;2025.11.06 19:00:00;3 980.93;;;;cancelled
2025.11.05 18:00:00;Sell Stop;0.01;XAUUSD;3 931.15;4 099.55;3 917.81;2025.11.06 14:00:00;4 017.90;;;;cancelled
2025.11.05 15:00:00;Buy Stop;0.01;XAUUSD;4 044.48;3 876.08;4 057.82;2025.11.06 11:00:00;4 015.06;;;;cancelled
2025.11.05 13:05:00;Sell Stop;0.01;XAUUSD;3 917.51;4 085.91;3 904.17;2025.11.06 09:05:00;3 997.14;;;;cancelled
2025.11.04 12:15:00;Buy Stop;0.01;XAUUSD;4 376.13;4 254.73;4 404.99;2025.11.05 23:15:00;3 983.64;;;;cancelled
2025.11.04 16:30:00;Sell Stop;0.01;XAUUSD;3 916.77;3 997.91;3 902.99;2025.11.05 22:30:00;3 985.84;;;;cancelled
2025.11.04 19:00:00;Buy Stop;0.01;XAUUSD;4 044.49;3 876.98;4 057.76;2025.11.05 15:00:00;3 969.59;;;;cancelled
2025.11.03 02:00:00;Buy Stop;0.01;XAUUSD;4 045.47;4 010.65;4 067.91;2025.11.05 14:00:00;3 966.93;;;;cancelled
2025.11.04 07:15:00;Buy Stop;0.01;XAUUSD;4 044.56;3 963.42;4 058.34;2025.11.05 13:15:00;3 960.99;;;;cancelled
2025.11.03 01:00:09;Sell Stop;0.01;XAUUSD;3 917.33;3 952.15;3 894.89;2025.11.05 13:15:00;3 960.84;;;;cancelled
2025.11.03 01:00:09;Buy Stop;0.01;XAUUSD;4 153.76;4 118.94;4 176.20;2025.11.05 13:15:00;3 961.00;;;;cancelled
2025.11.04 17:05:00;Sell Stop;0.01;XAUUSD;3 917.49;4 085.00;3 904.22;2025.11.05 13:05:00;3 968.47;;;;cancelled
2025.11.03 01:00:09;Sell Stop;0.01;XAUUSD;3 917.53;3 944.83;3 900.29;2025.11.05 08:15:00;3 964.91;;;;cancelled
2025.11.03 01:00:09;Buy Stop;0.01;XAUUSD;4 044.39;4 017.09;4 061.63;2025.11.05 08:15:00;3 965.03;;;;cancelled
2025.11.03 23:00:00;Buy Stop;0.01;XAUUSD;4 044.47;3 875.16;4 057.88;2025.11.04 19:00:00;3 969.15;;;;cancelled
2025.11.03 21:05:00;Sell Stop;0.01;XAUUSD;3 917.52;4 086.83;3 904.11;2025.11.04 17:05:00;3 949.57;;;;cancelled
2025.11.04 16:29:18;Sell;0.01;XAUUSD;3 964.81;3 951.84;3 942.66;2025.11.04 16:33:09;3 942.66;-0.02;;22.15;[tp]
2025.11.04 16:29:18;Sell;0.01;XAUUSD;3 964.81;3 964.81;3 948.00;2025.11.04 16:32:04;3 948.00;-0.02;;16.81;[tp]
2025.11.04 16:29:18;Sell;0.01;XAUUSD;3 958.52;3 957.30;3 950.54;2025.11.04 16:31:55;3 950.54;-0.02;;7.98;[tp]
2025.11.04 16:29:18;Sell;0.01;XAUUSD;3 964.93;4 132.55;3 951.77;2025.11.04 16:29:57;3 951.77;-0.02;;13.16;[tp]
2025.11.04 16:05:43;Sell;0.01;XAUUSD;3 964.25;3 998.83;3 942.66;2025.11.04 16:15:01;3 975.92;-0.02;;-11.67;
2025.11.04 16:05:43;Sell;0.01;XAUUSD;3 964.24;3 991.35;3 947.84;2025.11.04 16:15:01;3 975.66;-0.02;;-11.42;
2025.11.04 16:05:43;Sell;0.01;XAUUSD;3 964.25;4 131.89;3 951.77;2025.11.04 16:15:00;3 975.88;-0.02;;-11.63;
2025.11.04 16:05:43;Sell;0.01;XAUUSD;3 964.25;4 045.52;3 950.41;2025.11.04 16:15:00;3 975.91;-0.02;;-11.66;
2025.11.03 01:00:07;Buy Stop;0.01;XAUUSD;4 376.07;4 253.36;4 405.24;2025.11.04 12:15:00;3 995.05;;;;cancelled
2025.11.03 01:00:08;Sell Stop;0.01;XAUUSD;3 916.79;3 998.80;3 902.86;2025.11.04 07:15:00;3 983.83;;;;cancelled
2025.11.03 01:00:08;Buy Stop;0.01;XAUUSD;4 044.54;3 962.53;4 058.47;2025.11.04 07:15:00;3 983.97;;;;cancelled
2025.11.03 03:00:00;Buy Stop;0.01;XAUUSD;4 044.47;3 875.16;4 057.88;2025.11.03 23:00:00;4 010.39;;;;cancelled
2025.11.03 01:00:08;Sell Stop;0.01;XAUUSD;3 917.52;4 086.83;3 904.11;2025.11.03 21:05:00;3 997.73;;;;cancelled
2025.10.31 22:00:00;Buy Stop;0.01;XAUUSD;4 044.44;4 017.80;4 061.26;2025.11.03 05:00:00;4 004.26;;;;cancelled
2025.10.31 15:15:00;Buy Stop;0.01;XAUUSD;4 152.73;4 126.09;4 169.55;2025.11.03 01:00:09;3 990.33;;;;cancelled
2025.10.31 04:00:00;Sell Stop;0.01;XAUUSD;3 917.47;3 944.11;3 900.65;2025.11.03 01:00:09;3 990.02;;;;cancelled
2025.10.23 17:00:00;Sell Stop;0.01;XAUUSD;3 269.62;3 290.25;3 185.05;2025.11.03 01:00:09;3 989.43;;;;cancelled
2025.10.31 21:00:00;Buy Stop;0.01;XAUUSD;4 044.59;3 964.58;4 058.18;2025.11.03 01:00:08;3 990.19;;;;cancelled
2025.10.31 07:00:01;Sell Stop;0.01;XAUUSD;3 917.28;3 951.25;3 895.39;2025.11.03 01:00:08;3 989.96;;;;cancelled
2025.10.31 06:00:00;Sell Stop;0.01;XAUUSD;3 888.97;4 054.16;3 875.89;2025.11.03 01:00:08;3 990.41;;;;cancelled
2025.10.31 05:05:00;Buy Stop;0.01;XAUUSD;4 152.81;3 987.62;4 165.89;2025.11.03 01:00:08;3 990.34;;;;cancelled
2025.10.31 03:00:00;Sell Stop;0.01;XAUUSD;3 916.75;3 996.76;3 903.16;2025.11.03 01:00:08;3 990.05;;;;cancelled
2025.10.29 18:00:00;Buy Stop;0.01;XAUUSD;4 153.77;4 119.30;4 175.99;2025.11.03 01:00:08;3 990.22;;;;cancelled
2025.10.29 13:00:00;Sell Stop;0.01;XAUUSD;3 888.82;3 923.29;3 866.60;2025.11.03 01:00:08;3 990.07;;;;cancelled
2025.10.31 10:15:00;Buy Stop;0.01;XAUUSD;4 376.20;4 256.48;4 404.66;2025.11.03 01:00:07;3 990.65;;;;cancelled
2025.10.31 08:00:00;Sell Stop;0.01;XAUUSD;3 917.46;4 082.65;3 904.38;2025.11.03 01:00:07;3 990.40;;;;cancelled
2025.10.30 15:00:00;Sell Stop;0.01;XAUUSD;3 888.27;3 968.89;3 874.58;2025.10.31 21:00:00;3 997.54;;;;cancelled
2025.10.29 10:00:00;Sell Stop;0.01;XAUUSD;3 889.02;3 916.05;3 871.95;2025.10.31 17:00:00;4 016.87;;;;cancelled
2025.10.29 08:15:00;Buy Stop;0.01;XAUUSD;4 152.70;4 125.67;4 169.77;2025.10.31 15:15:00;4 012.68;;;;cancelled
2025.10.29 23:15:00;Buy Stop;0.01;XAUUSD;4 376.12;4 254.62;4 405.00;2025.10.31 10:15:00;4 015.77;;;;cancelled
2025.10.30 10:00:00;Sell Stop;0.01;XAUUSD;3 888.99;4 055.43;3 875.81;2025.10.31 06:00:00;4 011.41;;;;cancelled
2025.10.30 09:05:00;Buy Stop;0.01;XAUUSD;4 152.79;3 986.35;4 165.97;2025.10.31 05:05:00;4 014.28;;;;cancelled
2025.10.31 01:50:27;Buy;0.01;XAUUSD;4 029.73;4 037.84;4 051.54;2025.10.31 01:58:15;4 037.71;-0.02;;7.98;[sl]
2025.10.31 01:49:59;Buy;0.01;XAUUSD;4 028.80;4 028.80;4 045.36;2025.10.31 01:55:38;4 045.36;-0.02;;16.56;[tp]
2025.10.31 01:49:59;Buy;0.01;XAUUSD;4 028.80;4 030.11;4 041.67;2025.10.31 01:55:26;4 041.67;-0.02;;12.87;[tp]
2025.10.31 01:49:59;Buy;0.01;XAUUSD;4 028.81;4 031.50;4 042.25;2025.10.31 01:55:26;4 042.25;-0.02;;13.44;[tp]
2025.10.29 09:00:00;Sell Stop;0.01;XAUUSD;3 888.29;3 969.49;3 874.50;2025.10.30 15:00:00;3 973.82;;;;cancelled
2025.10.29 14:00:00;Sell Stop;0.01;XAUUSD;3 889.01;4 056.65;3 875.73;2025.10.30 10:00:00;3 976.70;;;;cancelled
2025.10.22 10:00:00;Buy Stop;0.01;XAUUSD;4 380.51;4 358.74;4 513.85;2025.10.30 10:00:00;3 976.87;;;;cancelled
2025.10.29 13:05:00;Buy Stop;0.01;XAUUSD;4 152.78;3 985.14;4 166.06;2025.10.30 09:05:00;3 967.00;;;;cancelled
2025.10.28 12:15:00;Buy Stop;0.01;XAUUSD;4 375.99;4 251.53;4 405.57;2025.10.29 23:15:00;3 941.42;;;;cancelled
2025.10.27 06:00:00;Buy Stop;0.01;XAUUSD;4 153.74;4 118.03;4 176.76;2025.10.29 18:00:00;4 008.80;;;;cancelled
2025.10.28 17:05:00;Buy Stop;0.01;XAUUSD;4 152.73;3 981.01;4 166.33;2025.10.29 13:05:00;4 022.54;;;;cancelled
2025.10.27 01:00:14;Buy Stop;0.01;XAUUSD;4 152.63;4 124.63;4 170.32;2025.10.29 08:15:00;3 955.92;;;;cancelled
2025.10.27 21:05:00;Buy Stop;0.01;XAUUSD;4 152.71;3 979.03;4 166.47;2025.10.28 17:05:00;3 941.26;;;;cancelled
2025.10.28 09:39:16;Sell;0.01;XAUUSD;3 947.25;3 923.49;3 817.31;2025.10.28 13:49:35;3 923.67;-0.02;;23.58;[sl]
2025.10.27 01:00:12;Buy Stop;0.01;XAUUSD;4 375.93;4 250.06;4 405.85;2025.10.28 12:15:00;3 897.45;;;;cancelled
2025.10.27 01:00:13;Buy Stop;0.01;XAUUSD;4 379.70;4 295.57;4 393.99;2025.10.28 07:15:00;3 987.83;;;;cancelled
2025.10.27 01:00:12;Buy Stop;0.01;XAUUSD;4 152.71;3 979.03;4 166.47;2025.10.27 21:05:00;4 006.22;;;;cancelled
2025.10.27 17:07:14;Sell;0.01;XAUUSD;4 006.55;4 001.39;3 880.42;2025.10.27 17:28:38;4 001.45;-0.02;;5.10;[sl]
2025.10.27 17:07:15;Sell;0.01;XAUUSD;4 006.44;3 996.84;3 983.46;2025.10.27 17:27:38;3 997.07;-0.02;;9.37;[sl]
2025.10.27 17:07:19;Sell;0.01;XAUUSD;4 005.22;4 003.95;3 991.64;2025.10.27 17:17:36;3 991.64;-0.02;;13.58;[tp]
2025.10.27 17:07:14;Sell;0.01;XAUUSD;4 006.55;4 005.17;3 992.91;2025.10.27 17:17:24;3 992.91;-0.02;;13.64;[tp]
2025.10.27 17:07:14;Sell;0.01;XAUUSD;4 006.54;4 006.54;3 989.00;2025.10.27 17:09:45;4 006.64;-0.02;;-0.10;[sl]
2025.10.27 11:53:15;Sell;0.01;XAUUSD;4 045.33;4 129.62;4 031.51;2025.10.27 11:55:18;4 031.51;-0.02;;13.82;[tp]
2025.10.24 18:00:00;Buy Stop;0.01;XAUUSD;4 153.74;4 118.30;4 176.58;2025.10.27 06:00:00;4 071.67;;;;cancelled
2025.10.23 01:00:09;Sell Stop;0.01;XAUUSD;4 006.68;4 034.67;3 989.00;2025.10.27 01:00:14;4 067.63;;;;cancelled
2025.10.24 15:00:00;Buy Stop;0.01;XAUUSD;4 152.64;4 124.85;4 170.19;2025.10.27 01:00:13;4 070.37;;;;cancelled
2025.10.24 11:15:00;Buy Stop;0.01;XAUUSD;4 380.65;4 345.21;4 403.49;2025.10.27 01:00:13;4 070.37;;;;cancelled
2025.10.24 08:15:00;Buy Stop;0.01;XAUUSD;4 379.55;4 351.76;4 397.10;2025.10.27 01:00:13;4 070.37;;;;cancelled
2025.10.24 07:15:00;Buy Stop;0.01;XAUUSD;4 379.71;4 296.22;4 393.89;2025.10.27 01:00:13;4 070.37;;;;cancelled
2025.10.24 05:15:00;Sell Stop;0.01;XAUUSD;4 005.91;4 089.40;3 991.73;2025.10.27 01:00:13;4 067.63;;;;cancelled
2025.10.23 04:00:00;Sell Stop;0.01;XAUUSD;4 006.48;4 042.18;3 983.47;2025.10.27 01:00:13;4 067.63;;;;cancelled
2025.10.24 21:05:00;Sell Stop;0.01;XAUUSD;4 006.65;4 179.00;3 993.00;2025.10.27 01:00:12;4 067.63;;;;cancelled
2025.10.24 19:00:00;Buy Stop;0.01;XAUUSD;4 152.73;3 980.38;4 166.38;2025.10.27 01:00:12;4 070.37;;;;cancelled
2025.10.24 13:05:00;Buy Stop;0.01;XAUUSD;4 379.64;4 207.29;4 393.29;2025.10.27 01:00:12;4 070.37;;;;cancelled
2025.10.24 01:00:02;Buy Stop;0.01;XAUUSD;4 375.97;4 251.06;4 405.66;2025.10.27 01:00:12;4 067.07;;;;cancelled
2025.10.24 01:00:02;Sell Stop;0.01;XAUUSD;4 006.65;4 179.00;3 993.00;2025.10.24 21:05:00;4 105.80;;;;cancelled
2025.10.22 08:15:00;Sell Stop;0.01;XAUUSD;3 947.40;3 976.95;3 928.74;2025.10.24 15:15:00;4 062.19;;;;cancelled
2025.10.23 17:05:00;Buy Stop;0.01;XAUUSD;4 379.62;4 206.01;4 393.37;2025.10.24 13:05:00;4 070.10;;;;cancelled
2025.10.21 23:00:07;Buy Stop;0.01;XAUUSD;4 380.62;4 343.85;4 404.31;2025.10.24 11:15:00;4 054.29;;;;cancelled
2025.10.22 01:00:08;Buy Stop;0.01;XAUUSD;4 379.42;4 349.87;4 398.08;2025.10.24 08:15:00;4 115.23;;;;cancelled
2025.10.23 01:00:09;Buy Stop;0.01;XAUUSD;4 379.70;4 295.61;4 393.98;2025.10.24 07:15:00;4 116.63;;;;cancelled
2025.10.22 23:00:04;Sell Stop;0.01;XAUUSD;4 006.02;4 094.78;3 990.95;2025.10.24 05:15:00;4 114.53;;;;cancelled
2025.10.21 20:00:00;Buy Stop;0.01;XAUUSD;4 379.48;4 350.65;4 397.69;2025.10.24 03:00:00;4 121.85;;;;cancelled
2025.10.23 05:00:00;Sell Stop;0.01;XAUUSD;4 006.67;4 180.28;3 992.92;2025.10.24 01:00:02;4 127.72;;;;cancelled
2025.10.22 21:05:00;Buy Stop;0.01;XAUUSD;4 379.51;4 196.28;4 394.02;2025.10.23 17:05:00;4 146.49;;;;cancelled
2025.10.03 16:30:01;Sell Stop;0.01;XAUUSD;3 269.53;3 288.87;3 190.23;2025.10.23 17:00:00;4 144.76;;;;cancelled
2025.10.21 19:00:00;Buy Stop;0.01;XAUUSD;4 379.64;4 293.04;4 394.35;2025.10.23 01:00:09;4 095.71;;;;cancelled
2025.10.22 01:00:08;Buy Stop;0.01;XAUUSD;4 379.51;4 196.28;4 394.02;2025.10.22 21:05:00;4 073.54;;;;cancelled
2025.10.20 01:00:04;Sell Stop;0.01;XAUUSD;3 947.18;3 984.66;3 923.03;2025.10.22 13:15:00;4 075.13;;;;cancelled
2025.10.20 01:00:04;Sell Stop;0.01;XAUUSD;3 947.39;3 976.78;3 928.83;2025.10.22 08:15:00;4 141.78;;;;cancelled
2025.10.21 16:47:59;Sell;0.01;XAUUSD;4 188.17;4 174.28;4 164.57;2025.10.21 17:04:49;4 174.30;-0.02;;13.87;[sl]
2025.10.21 16:47:59;Sell;0.01;XAUUSD;4 188.16;4 188.16;4 170.37;2025.10.21 16:51:17;4 170.37;-0.02;;17.79;[tp]
2025.10.21 16:47:59;Sell;0.01;XAUUSD;4 187.98;4 186.56;4 174.48;2025.10.21 16:49:06;4 174.48;-0.02;;13.50;[tp]
2025.10.21 16:48:00;Sell;0.01;XAUUSD;4 187.90;4 186.59;4 173.14;2025.10.21 16:49:06;4 173.14;-0.02;;14.76;[tp]
2025.10.13 06:00:00;Sell Stop;0.01;XAUUSD;3 947.24;3 967.11;3 825.53;2025.10.21 06:00:00;4 338.91;;;;cancelled
2025.10.20 22:55:47;Buy;0.01;XAUUSD;4 378.00;4 199.15;4 343.97;2025.10.21 04:40:33;4 343.97;-0.02;-0.16;-34.03;[tp]
2025.10.20 22:55:47;Buy;0.01;XAUUSD;4 378.01;4 291.35;4 341.66;2025.10.21 04:40:18;4 341.66;-0.02;-0.16;-36.35;[tp]
2025.10.20 22:57:04;Buy;0.01;XAUUSD;4 378.76;4 341.98;4 402.43;2025.10.21 04:30:47;4 341.64;-0.02;-0.16;-37.12;[sl]
2025.10.20 22:55:47;Buy;0.01;XAUUSD;4 377.87;4 348.43;4 395.67;2025.10.20 23:17:24;4 348.37;-0.02;;-29.50;[sl]
2025.10.20 22:55:51;Buy;0.01;XAUUSD;4 378.22;4 356.54;4 510.84;2025.10.20 23:13:41;4 356.32;-0.02;;-21.90;[sl]
2025.10.17 22:00:00;Buy Stop;0.01;XAUUSD;4 377.18;4 348.62;4 395.22;2025.10.20 05:00:00;4 262.80;;;;cancelled
2025.10.17 01:00:06;Sell Stop;0.01;XAUUSD;3 947.32;3 975.88;3 929.28;2025.10.20 01:00:04;4 250.36;;;;cancelled
2025.10.15 21:00:00;Sell Stop;0.01;XAUUSD;3 947.05;3 982.62;3 924.13;2025.10.20 01:00:04;4 249.88;;;;cancelled
2025.10.17 21:00:00;Buy Stop;0.01;XAUUSD;4 377.34;4 291.54;4 391.91;2025.10.20 01:00:03;4 251.93;;;;cancelled
2025.10.17 05:05:00;Sell Stop;0.01;XAUUSD;3 947.30;4 124.43;3 933.27;2025.10.20 01:00:03;4 248.15;;;;cancelled
2025.10.15 01:00:09;Sell Stop;0.01;XAUUSD;3 947.26;3 975.15;3 929.65;2025.10.17 08:15:00;4 367.78;;;;cancelled
2025.10.16 09:05:00;Sell Stop;0.01;XAUUSD;3 947.26;4 121.65;3 933.45;2025.10.17 05:05:00;4 323.10;;;;cancelled
2025.10.15 13:15:00;Sell Stop;0.01;XAUUSD;3 946.50;4 030.28;3 932.27;2025.10.16 19:15:00;4 278.97;;;;cancelled
2025.10.15 13:05:00;Sell Stop;0.01;XAUUSD;3 947.24;4 120.20;3 933.54;2025.10.16 09:05:00;4 216.74;;;;cancelled
2025.10.13 09:00:00;Sell Stop;0.01;XAUUSD;3 946.98;3 981.37;3 924.82;2025.10.15 21:00:00;4 197.83;;;;cancelled
2025.10.14 07:15:00;Sell Stop;0.01;XAUUSD;3 946.45;4 028.01;3 932.60;2025.10.15 13:15:00;4 199.12;;;;cancelled
2025.10.14 17:05:00;Sell Stop;0.01;XAUUSD;3 947.18;4 115.56;3 933.84;2025.10.15 13:05:00;4 193.53;;;;cancelled
2025.10.13 01:00:11;Sell Stop;0.01;XAUUSD;3 947.17;3 974.14;3 930.14;2025.10.15 08:15:00;4 189.64;;;;cancelled
2025.10.13 21:05:00;Sell Stop;0.01;XAUUSD;3 947.16;4 114.41;3 933.91;2025.10.14 17:05:00;4 128.23;;;;cancelled
2025.10.13 01:00:10;Sell Stop;0.01;XAUUSD;3 946.44;4 027.45;3 932.68;2025.10.14 07:15:00;4 167.43;;;;cancelled
2025.10.06 06:00:00;Sell Stop;0.01;XAUUSD;3 821.70;3 840.98;3 703.62;2025.10.14 06:00:00;4 145.89;;;;cancelled
2025.10.13 01:00:09;Sell Stop;0.01;XAUUSD;3 947.16;4 114.41;3 933.91;2025.10.13 21:05:00;4 103.20;;;;cancelled
2025.10.10 21:00:00;Sell Stop;0.01;XAUUSD;3 947.01;3 981.94;3 924.50;2025.10.13 09:00:00;4 063.81;;;;cancelled
2025.10.13 02:08:27;Buy;0.01;XAUUSD;4 058.57;4 070.29;4 080.50;2025.10.13 08:51:44;4 070.15;-0.02;;11.58;[sl]
2025.10.13 02:08:26;Buy;0.01;XAUUSD;4 058.28;4 059.60;4 070.61;2025.10.13 08:24:27;4 070.61;-0.02;;12.33;[tp]
2025.10.13 02:08:26;Buy;0.01;XAUUSD;4 058.28;3 977.16;4 030.10;2025.10.13 03:12:19;4 030.10;-0.02;;-28.18;[tp]
2025.10.13 02:08:26;Buy;0.01;XAUUSD;4 058.27;4 031.17;4 074.30;2025.10.13 03:03:32;4 031.17;-0.02;;-27.10;[sl]
2025.10.13 02:08:26;Buy;0.01;XAUUSD;4 058.28;4 038.29;4 181.87;2025.10.13 02:41:01;4 038.20;-0.02;;-20.08;[sl]
2025.10.13 02:08:23;Buy;0.01;XAUUSD;4 056.85;4 042.82;4 122.25;2025.10.13 02:14:16;4 041.46;-0.02;;-15.39;[sl]
2025.10.10 18:00:00;Sell Stop;0.01;XAUUSD;3 947.21;3 974.60;3 929.91;2025.10.13 01:00:10;4 002.13;;;;cancelled
2025.10.10 08:15:00;Sell Stop;0.01;XAUUSD;3 821.74;3 849.13;3 804.44;2025.10.13 01:00:10;4 001.75;;;;cancelled
2025.10.09 20:00:00;Buy Stop;0.01;XAUUSD;4 058.34;4 023.86;4 080.56;2025.10.13 01:00:10;4 004.29;;;;cancelled
2025.10.09 17:00:00;Buy Stop;0.01;XAUUSD;4 057.27;4 030.23;4 074.35;2025.10.13 01:00:10;4 001.92;;;;cancelled
2025.10.08 19:00:00;Sell Stop;0.01;XAUUSD;3 821.50;3 855.76;3 799.42;2025.10.13 01:00:10;4 002.32;;;;cancelled
2025.10.10 22:30:00;Buy Stop;0.01;XAUUSD;4 057.40;3 975.12;4 071.37;2025.10.13 01:00:09;4 003.94;;;;cancelled
2025.10.10 22:00:00;Sell Stop;0.01;XAUUSD;3 947.20;4 117.07;3 933.74;2025.10.13 01:00:09;4 000.43;;;;cancelled
2025.10.10 17:00:00;Sell Stop;0.01;XAUUSD;3 946.47;4 028.75;3 932.50;2025.10.13 01:00:09;4 000.37;;;;cancelled
2025.10.10 17:00:00;Buy Stop;0.01;XAUUSD;4 057.33;3 887.46;4 070.79;2025.10.13 01:00:09;4 004.02;;;;cancelled
2025.10.10 05:05:00;Sell Stop;0.01;XAUUSD;3 821.73;3 991.60;3 808.27;2025.10.13 01:00:09;4 000.33;;;;cancelled
2025.10.03 16:30:01;Sell Stop;0.01;XAUUSD;3 719.91;3 739.25;3 601.45;2025.10.13 01:00:09;4 000.51;;;;cancelled
2025.10.09 16:30:00;Buy Stop;0.01;XAUUSD;4 057.42;3 976.19;4 071.21;2025.10.10 22:30:00;4 005.58;;;;cancelled
2025.10.09 21:00:00;Buy Stop;0.01;XAUUSD;4 057.35;3 889.66;4 070.63;2025.10.10 17:00:00;3 981.18;;;;cancelled
2025.10.08 01:00:09;Sell Stop;0.01;XAUUSD;3 821.69;3 848.55;3 804.72;2025.10.10 08:15:00;3 972.24;;;;cancelled
2025.10.09 09:05:00;Sell Stop;0.01;XAUUSD;3 821.70;3 989.39;3 808.42;2025.10.10 05:05:00;3 979.89;;;;cancelled
2025.10.08 13:15:00;Sell Stop;0.01;XAUUSD;3 820.96;3 901.66;3 807.26;2025.10.09 19:15:00;4 016.73;;;;cancelled
2025.10.09 16:08:53;Buy;0.01;XAUUSD;4 057.50;3 976.19;4 024.49;2025.10.09 16:48:08;4 024.49;-0.02;;-33.01;[tp]
2025.10.09 16:24:56;Buy;0.01;XAUUSD;4 057.43;3 976.19;4 071.21;2025.10.09 16:30:00;4 055.60;-0.02;;-1.83;
2025.10.08 13:05:00;Sell Stop;0.01;XAUUSD;3 821.68;3 988.29;3 808.48;2025.10.09 09:05:00;4 039.34;;;;cancelled
2025.10.06 07:00:00;Sell Stop;0.01;XAUUSD;3 821.44;3 854.81;3 799.94;2025.10.08 19:00:00;4 045.69;;;;cancelled
2025.10.07 07:15:00;Sell Stop;0.01;XAUUSD;3 820.94;3 900.20;3 807.48;2025.10.08 13:15:00;4 046.57;;;;cancelled
2025.10.07 17:05:00;Sell Stop;0.01;XAUUSD;3 821.64;3 985.28;3 808.68;2025.10.08 13:05:00;4 047.19;;;;cancelled
2025.10.06 01:00:11;Sell Stop;0.01;XAUUSD;3 821.63;3 847.79;3 805.11;2025.10.08 08:15:00;4 029.74;;;;cancelled
2025.10.06 21:05:00;Sell Stop;0.01;XAUUSD;3 821.62;3 983.88;3 808.77;2025.10.07 17:05:00;3 975.81;;;;cancelled
2025.10.06 01:00:11;Sell Stop;0.01;XAUUSD;3 820.92;3 899.52;3 807.57;2025.10.07 07:15:00;3 973.80;;;;cancelled
2025.10.06 01:00:10;Sell Stop;0.01;XAUUSD;3 821.62;3 983.88;3 808.77;2025.10.06 21:05:00;3 959.68;;;;cancelled
2025.10.03 19:00:00;Sell Stop;0.01;XAUUSD;3 821.45;3 854.92;3 799.88;2025.10.06 07:00:00;3 929.61;;;;cancelled
2025.10.03 16:30:01;Sell Stop;0.01;XAUUSD;3 795.33;3 828.80;3 773.76;2025.10.06 04:45:00;3 910.29;;;;cancelled
2025.10.06 01:59:51;Buy;0.01;XAUUSD;3 896.75;3 905.14;3 917.99;2025.10.06 02:04:26;3 917.99;-0.02;;21.24;[tp]
2025.10.06 01:51:10;Buy;0.01;XAUUSD;3 895.39;3 895.39;3 911.90;2025.10.06 02:03:53;3 911.90;-0.02;;16.51;[tp]
2025.10.06 01:51:12;Buy;0.01;XAUUSD;3 896.04;3 900.83;3 908.88;2025.10.06 02:03:03;3 908.88;-0.02;;12.84;[tp]
2025.10.06 01:56:58;Buy;0.01;XAUUSD;3 895.59;3 896.88;3 908.31;2025.10.06 02:02:55;3 908.31;-0.02;;12.72;[tp]
2025.10.06 01:51:11;Buy;0.01;XAUUSD;3 895.46;3 896.75;3 908.31;2025.10.06 02:02:55;3 908.31;-0.02;;12.85;[tp]
2025.10.03 16:30:01;Sell Stop;0.01;XAUUSD;3 821.64;3 847.89;3 805.06;2025.10.06 01:00:11;3 888.40;;;;cancelled
2025.10.03 16:30:01;Buy Stop;0.01;XAUUSD;3 895.38;3 869.13;3 911.96;2025.10.06 01:00:11;3 888.53;;;;cancelled
2025.10.03 20:00:00;Sell Stop;0.01;XAUUSD;3 821.63;3 984.41;3 808.74;2025.10.06 01:00:10;3 888.41;;;;cancelled
2025.10.03 18:00:00;Buy Stop;0.01;XAUUSD;3 895.46;3 732.68;3 908.35;2025.10.06 01:00:10;3 888.53;;;;cancelled
2025.10.03 16:30:01;Sell Stop;0.01;XAUUSD;3 820.93;3 899.78;3 807.54;2025.10.06 01:00:10;3 888.36;;;;cancelled
2025.10.03 16:30:01;Buy Stop;0.01;XAUUSD;3 895.52;3 816.67;3 908.91;2025.10.06 01:00:10;3 888.48;;;;cancelled
2025.10.03 16:30:01;Sell Stop;0.01;XAUUSD;3 795.51;3 958.29;3 782.62;2025.10.06 01:00:10;3 888.41;;;;cancelled
2025.10.01 13:00:00;Sell Stop;0.01;XAUUSD;3 795.31;3 828.48;3 773.93;2025.10.03 13:50:02;3 864.28;;;;cancelled
2025.10.01 10:00:00;Sell Stop;0.01;XAUUSD;3 795.50;3 821.51;3 779.07;2025.10.03 13:50:02;3 864.28;;;;cancelled
2025.10.01 08:15:00;Sell Stop;0.01;XAUUSD;3 719.82;3 745.83;3 703.39;2025.10.03 13:50:02;3 864.28;;;;cancelled
2025.10.03 13:00:00;Buy Stop;0.01;XAUUSD;3 895.52;3 816.67;3 908.91;2025.10.03 13:50:01;3 864.41;;;;cancelled
2025.10.03 06:00:00;Sell Stop;0.01;XAUUSD;3 795.51;3 958.29;3 782.62;2025.10.03 13:50:01;3 864.29;;;;cancelled
2025.09.26 10:00:00;Sell Stop;0.01;XAUUSD;3 719.83;3 738.52;3 605.38;2025.10.03 13:50:01;3 864.29;;;;cancelled
2025.09.25 17:00:00;Sell Stop;0.01;XAUUSD;3 269.50;3 288.33;3 192.31;2025.10.03 13:50:01;3 864.29;;;;cancelled
2025.10.02 10:00:00;Sell Stop;0.01;XAUUSD;3 795.50;3 957.89;3 782.64;2025.10.03 06:00:00;3 848.17;;;;cancelled
2025.10.01 13:15:00;Sell Stop;0.01;XAUUSD;3 719.11;3 797.25;3 705.84;2025.10.02 19:15:00;3 837.93;;;;cancelled
2025.10.02 16:29:42;Buy;0.01;XAUUSD;3 893.64;3 731.19;3 864.93;2025.10.02 17:30:12;3 864.93;-0.02;;-28.71;[tp]
2025.10.02 16:24:10;Buy;0.01;XAUUSD;3 893.66;3 731.21;3 864.98;2025.10.02 17:30:12;3 864.98;-0.02;;-28.68;[tp]
2025.10.02 16:24:10;Buy;0.01;XAUUSD;3 893.67;3 814.99;3 862.99;2025.10.02 17:29:09;3 862.99;-0.02;;-30.68;[tp]
2025.10.02 16:24:08;Buy;0.01;XAUUSD;3 893.50;3 867.31;3 910.04;2025.10.02 17:17:00;3 867.30;-0.02;;-26.20;[sl]
2025.10.02 16:31:09;Buy;0.01;XAUUSD;3 894.67;3 861.20;3 916.06;2025.10.02 16:45:00;3 883.05;-0.02;;-11.62;
2025.10.01 14:00:00;Sell Stop;0.01;XAUUSD;3 795.49;3 956.80;3 782.71;2025.10.02 10:00:00;3 863.83;;;;cancelled
2025.10.01 13:05:00;Sell Stop;0.01;XAUUSD;3 719.81;3 881.12;3 707.03;2025.10.02 09:05:00;3 869.58;;;;cancelled
2025.09.30 07:15:00;Sell Stop;0.01;XAUUSD;3 719.08;3 795.65;3 706.08;2025.10.01 13:15:00;3 888.86;;;;cancelled
2025.09.29 01:00:03;Sell Stop;0.01;XAUUSD;3 719.58;3 752.03;3 698.67;2025.10.01 13:15:00;3 888.90;;;;cancelled
2025.09.30 17:05:00;Sell Stop;0.01;XAUUSD;3 719.76;3 877.83;3 707.24;2025.10.01 13:05:00;3 887.84;;;;cancelled
2025.09.29 01:00:03;Sell Stop;0.01;XAUUSD;3 719.77;3 745.22;3 703.70;2025.10.01 08:15:00;3 864.39;;;;cancelled
2025.09.29 21:05:00;Sell Stop;0.01;XAUUSD;3 719.76;3 877.57;3 707.26;2025.09.30 17:05:00;3 828.24;;;;cancelled
2025.09.29 05:19:32;Buy;0.01;XAUUSD;3 790.25;3 838.63;3 904.91;2025.09.30 11:07:17;3 838.38;-0.02;-0.16;48.13;[sl]
2025.09.29 01:00:02;Sell Stop;0.01;XAUUSD;3 719.08;3 795.52;3 706.10;2025.09.30 07:15:00;3 862.88;;;;cancelled
2025.09.22 02:00:00;Sell Stop;0.01;XAUUSD;3 630.07;3 648.29;3 518.49;2025.09.30 02:00:00;3 830.61;;;;cancelled
2025.09.29 01:00:02;Sell Stop;0.01;XAUUSD;3 719.76;3 877.57;3 707.26;2025.09.29 21:05:00;3 827.99;;;;cancelled
2025.09.29 05:15:31;Buy;0.01;XAUUSD;3 788.02;3 810.93;3 864.83;2025.09.29 10:34:21;3 810.86;-0.02;;22.84;[sl]
2025.09.29 05:12:19;Buy;0.01;XAUUSD;3 786.34;3 788.59;3 813.18;2025.09.29 08:58:00;3 813.18;-0.02;;26.84;[tp]
2025.09.29 03:45:41;Buy;0.01;XAUUSD;3 786.00;3 788.25;3 813.18;2025.09.29 08:58:00;3 813.18;-0.02;;27.18;[tp]
2025.09.29 05:15:39;Buy;0.01;XAUUSD;3 788.71;3 788.71;3 850.58;2025.09.29 05:47:22;3 788.58;-0.02;;-0.13;[sl]
2025.09.29 05:19:25;Buy;0.01;XAUUSD;3 789.42;3 789.42;3 805.35;2025.09.29 05:47:19;3 789.14;-0.02;;-0.28;[sl]
2025.09.29 05:19:26;Buy;0.01;XAUUSD;3 789.45;3 790.60;3 802.40;2025.09.29 05:26:29;3 790.53;-0.02;;1.08;[sl]
2025.09.29 05:19:26;Buy;0.01;XAUUSD;3 789.45;3 790.70;3 801.85;2025.09.29 05:26:29;3 790.53;-0.02;;1.08;[sl]
2025.09.29 05:19:33;Buy;0.01;XAUUSD;3 790.48;3 790.91;3 811.19;2025.09.29 05:25:21;3 790.87;-0.02;;0.39;[sl]
2025.09.29 04:01:42;Buy;0.01;XAUUSD;3 788.82;3 775.64;3 850.38;2025.09.29 04:02:00;3 786.00;-0.02;;-2.82;
2025.09.29 04:00:00;Buy;0.01;XAUUSD;3 787.99;3 769.21;3 864.83;2025.09.29 04:01:00;3 786.74;-0.02;;-1.25;
2025.09.26 17:00:00;Buy Stop;0.01;XAUUSD;3 789.28;3 763.92;3 805.30;2025.09.29 01:00:03;3 757.39;;;;cancelled
2025.09.25 20:00:00;Sell Stop;0.01;XAUUSD;3 719.78;3 745.33;3 703.64;2025.09.29 01:00:03;3 757.27;;;;cancelled
2025.09.24 17:00:00;Sell Stop;0.01;XAUUSD;3 629.88;3 662.29;3 608.99;2025.09.29 01:00:03;3 757.25;;;;cancelled
2025.09.24 13:00:00;Buy Stop;0.01;XAUUSD;3 790.29;3 757.88;3 811.18;2025.09.29 01:00:03;3 757.27;;;;cancelled
2025.09.26 21:00:00;Buy Stop;0.01;XAUUSD;3 789.43;3 713.25;3 802.37;2025.09.29 01:00:02;3 757.21;;;;cancelled
2025.09.26 21:00:00;Sell Stop;0.01;XAUUSD;3 719.75;3 877.02;3 707.29;2025.09.29 01:00:02;3 757.30;;;;cancelled
2025.09.26 06:00:00;Buy Stop;0.01;XAUUSD;3 789.36;3 632.09;3 801.82;2025.09.29 01:00:02;3 757.42;;;;cancelled
2025.09.25 23:00:09;Sell Stop;0.01;XAUUSD;3 719.59;3 752.18;3 698.59;2025.09.29 01:00:02;3 757.26;;;;cancelled
2025.09.25 19:00:00;Sell Stop;0.01;XAUUSD;3 719.08;3 795.84;3 706.05;2025.09.29 01:00:02;3 757.08;;;;cancelled
2025.09.26 01:00:00;Sell Stop;0.01;XAUUSD;3 719.75;3 877.02;3 707.29;2025.09.26 21:00:00;3 782.96;;;;cancelled
2025.09.25 15:00:00;Buy Stop;0.01;XAUUSD;3 789.41;3 712.65;3 802.44;2025.09.26 21:00:00;3 783.09;;;;cancelled
2025.09.24 10:00:00;Buy Stop;0.01;XAUUSD;3 789.28;3 763.87;3 805.33;2025.09.26 17:00:00;3 761.96;;;;cancelled
2025.09.24 01:00:06;Sell Stop;0.01;XAUUSD;3 630.06;3 655.47;3 614.01;2025.09.26 08:15:00;3 745.84;;;;cancelled
2025.09.25 10:00:00;Buy Stop;0.01;XAUUSD;3 789.35;3 630.88;3 801.90;2025.09.26 06:00:00;3 738.62;;;;cancelled
2025.09.25 09:05:00;Sell Stop;0.01;XAUUSD;3 630.07;3 788.54;3 617.52;2025.09.26 05:05:00;3 740.47;;;;cancelled
2025.09.24 13:15:00;Sell Stop;0.01;XAUUSD;3 629.37;3 705.72;3 616.41;2025.09.25 19:15:00;3 742.29;;;;cancelled
2025.09.05 16:30:01;Sell Stop;0.01;XAUUSD;3 269.43;3 287.24;3 196.41;2025.09.25 17:00:00;3 733.94;;;;cancelled
2025.09.24 09:00:00;Buy Stop;0.01;XAUUSD;3 789.42;3 713.07;3 802.38;2025.09.25 15:00:00;3 752.88;;;;cancelled
2025.09.24 14:00:00;Buy Stop;0.01;XAUUSD;3 789.36;3 631.74;3 801.84;2025.09.25 10:00:00;3 741.35;;;;cancelled
2025.09.24 13:05:00;Sell Stop;0.01;XAUUSD;3 630.05;3 787.67;3 617.57;2025.09.25 09:05:00;3 738.86;;;;cancelled
2025.09.22 05:00:00;Sell Stop;0.01;XAUUSD;3 629.82;3 661.35;3 609.50;2025.09.24 17:00:00;3 760.75;;;;cancelled
2025.09.23 07:15:00;Sell Stop;0.01;XAUUSD;3 629.35;3 704.52;3 616.59;2025.09.24 13:15:00;3 765.05;;;;cancelled
2025.09.23 17:05:00;Sell Stop;0.01;XAUUSD;3 630.02;3 785.21;3 617.73;2025.09.24 13:05:00;3 766.70;;;;cancelled
2025.09.22 01:00:05;Sell Stop;0.01;XAUUSD;3 630.00;3 654.72;3 614.38;2025.09.24 08:15:00;3 770.66;;;;cancelled
2025.09.22 21:05:00;Sell Stop;0.01;XAUUSD;3 629.99;3 783.32;3 617.84;2025.09.23 17:05:00;3 777.97;;;;cancelled
2025.09.05 16:30:01;Sell Stop;0.01;XAUUSD;3 313.68;3 326.15;3 254.91;2025.09.23 17:00:00;3 783.80;;;;cancelled
2025.09.22 01:00:04;Sell Stop;0.01;XAUUSD;3 629.33;3 703.60;3 616.72;2025.09.23 07:15:00;3 745.26;;;;cancelled
2025.09.15 02:00:00;Sell Stop;0.01;XAUUSD;3 615.32;3 633.49;3 504.02;2025.09.23 02:00:00;3 740.04;;;;cancelled
2025.09.22 01:00:04;Sell Stop;0.01;XAUUSD;3 629.99;3 783.32;3 617.84;2025.09.22 21:05:00;3 746.60;;;;cancelled
2025.09.22 09:27:49;Buy;0.01;XAUUSD;3 705.65;3 705.65;3 721.24;2025.09.22 11:44:42;3 721.24;-0.02;;15.59;[tp]
2025.09.22 09:25:51;Buy;0.01;XAUUSD;3 705.22;3 710.59;3 765.19;2025.09.22 10:11:10;3 710.59;-0.02;;5.37;[sl]
2025.09.22 09:29:51;Buy;0.01;XAUUSD;3 706.57;3 711.12;3 818.62;2025.09.22 10:10:26;3 711.01;-0.02;;4.44;[sl]
2025.09.22 09:29:55;Buy;0.01;XAUUSD;3 706.65;3 713.39;3 726.92;2025.09.22 09:57:54;3 713.22;-0.02;;6.57;[sl]
2025.09.22 09:27:53;Buy;0.01;XAUUSD;3 705.90;3 710.67;3 718.37;2025.09.22 09:48:11;3 718.37;-0.02;;12.47;[tp]
2025.09.22 09:27:52;Buy;0.01;XAUUSD;3 705.72;3 706.93;3 717.84;2025.09.22 09:46:51;3 717.84;-0.02;;12.12;[tp]
2025.09.22 09:30:05;Buy;0.01;XAUUSD;3 706.74;3 675.07;3 726.92;2025.09.22 09:31:00;3 705.44;-0.02;;-1.30;
2025.09.19 17:00:00;Sell Stop;0.01;XAUUSD;3 629.83;3 661.51;3 609.42;2025.09.22 05:00:00;3 689.30;;;;cancelled
2025.09.19 14:00:00;Sell Stop;0.01;XAUUSD;3 630.01;3 654.85;3 614.32;2025.09.22 01:00:05;3 687.22;;;;cancelled
2025.09.18 19:00:00;Buy Stop;0.01;XAUUSD;3 705.60;3 680.56;3 721.41;2025.09.22 01:00:05;3 687.24;;;;cancelled
2025.09.18 17:00:00;Sell Stop;0.01;XAUUSD;3 628.93;3 653.97;3 613.12;2025.09.22 01:00:05;3 687.10;;;;cancelled
2025.09.18 17:00:00;Sell Stop;0.01;XAUUSD;3 628.75;3 660.68;3 608.17;2025.09.22 01:00:05;3 687.22;;;;cancelled
2025.09.19 19:05:00;Buy Stop;0.01;XAUUSD;3 705.69;3 551.65;3 717.89;2025.09.22 01:00:04;3 687.51;;;;cancelled
2025.09.19 18:00:00;Sell Stop;0.01;XAUUSD;3 630.00;3 784.04;3 617.80;2025.09.22 01:00:04;3 687.38;;;;cancelled
2025.09.19 13:00:00;Sell Stop;0.01;XAUUSD;3 629.34;3 703.95;3 616.67;2025.09.22 01:00:04;3 687.37;;;;cancelled
2025.09.19 12:50:00;Sell Stop;0.01;XAUUSD;3 628.90;3 782.94;3 616.70;2025.09.22 01:00:04;3 687.38;;;;cancelled
2025.09.18 22:00:00;Buy Stop;0.01;XAUUSD;3 706.59;3 674.66;3 727.17;2025.09.22 01:00:04;3 687.35;;;;cancelled
2025.09.18 18:00:00;Buy Stop;0.01;XAUUSD;3 705.74;3 630.53;3 718.51;2025.09.22 01:00:04;3 687.50;;;;cancelled
2025.09.18 17:00:00;Sell Stop;0.01;XAUUSD;3 628.25;3 703.46;3 615.48;2025.09.19 23:00:00;3 684.35;;;;cancelled
2025.09.18 23:00:04;Buy Stop;0.01;XAUUSD;3 705.67;3 550.41;3 717.97;2025.09.19 19:05:00;3 672.65;;;;cancelled
2025.09.18 16:50:00;Sell Stop;0.01;XAUUSD;3 628.92;3 784.18;3 616.62;2025.09.19 12:50:00;3 656.03;;;;cancelled
2025.09.18 16:45:03;Sell;0.01;XAUUSD;3 628.90;3 653.97;3 613.12;2025.09.18 16:46:01;3 632.24;-0.02;;-3.34;
2025.09.18 16:45:13;Sell;0.01;XAUUSD;3 628.66;3 660.23;3 608.41;2025.09.18 16:46:01;3 632.24;-0.02;;-3.58;
2025.09.18 16:45:17;Sell;0.01;XAUUSD;3 627.78;3 703.46;3 615.48;2025.09.18 16:46:00;3 632.26;-0.02;;-4.48;
2025.09.18 16:45:03;Sell;0.01;XAUUSD;3 628.91;3 783.79;3 616.64;2025.09.18 16:46:00;3 632.00;-0.02;;-3.09;
2025.09.17 07:15:00;Sell Stop;0.01;XAUUSD;3 628.25;3 703.27;3 615.51;2025.09.18 13:15:00;3 667.57;;;;cancelled
2025.09.16 02:00:00;Sell Stop;0.01;XAUUSD;3 628.90;3 653.61;3 613.29;2025.09.18 09:00:00;3 651.62;;;;cancelled
2025.09.17 02:00:00;Sell Stop;0.01;XAUUSD;3 628.91;3 783.79;3 616.64;2025.09.17 22:00:00;3 650.59;;;;cancelled
2025.09.17 21:08:51;Buy;0.01;XAUUSD;3 701.54;3 546.55;3 670.68;2025.09.17 21:40:30;3 670.68;-0.02;;-30.86;[tp]
2025.09.17 21:08:56;Buy;0.01;XAUUSD;3 702.45;3 670.49;3 722.87;2025.09.17 21:37:06;3 670.44;-0.02;;-32.01;[sl]
2025.09.17 21:08:51;Buy;0.01;XAUUSD;3 701.54;3 701.54;3 717.12;2025.09.17 21:10:19;3 701.03;-0.02;;-0.51;[sl]
2025.09.17 21:08:51;Buy;0.01;XAUUSD;3 701.64;3 702.77;3 714.23;2025.09.17 21:10:14;3 702.69;-0.02;;1.05;[sl]
2025.09.15 04:00:00;Sell Stop;0.01;XAUUSD;3 615.08;3 646.53;3 594.81;2025.09.17 16:00:00;3 678.74;;;;cancelled
2025.09.15 01:00:02;Sell Stop;0.01;XAUUSD;3 615.26;3 639.92;3 599.68;2025.09.17 08:15:00;3 683.50;;;;cancelled
2025.09.16 01:00:07;Sell Stop;0.01;XAUUSD;3 628.23;3 702.46;3 615.63;2025.09.17 07:15:00;3 682.08;;;;cancelled
2025.09.16 06:00:00;Sell Stop;0.01;XAUUSD;3 628.89;3 782.13;3 616.75;2025.09.17 02:00:00;3 691.94;;;;cancelled
2025.09.15 21:05:00;Sell Stop;0.01;XAUUSD;3 615.25;3 768.19;3 603.14;2025.09.16 17:05:00;3 695.51;;;;cancelled
2025.09.15 18:47:15;Buy;0.01;XAUUSD;3 669.50;3 671.68;3 695.80;2025.09.16 11:14:52;3 695.80;-0.02;-0.16;26.30;[tp]
2025.09.15 01:00:01;Sell Stop;0.01;XAUUSD;3 614.59;3 688.67;3 602.01;2025.09.16 07:15:00;3 682.48;;;;cancelled
2025.09.15 18:49:25;Buy;0.01;XAUUSD;3 671.43;3 675.63;3 745.86;2025.09.16 05:46:23;3 675.61;-0.02;-0.16;4.18;[sl]
2025.09.15 18:49:48;Buy;0.01;XAUUSD;3 673.82;3 680.63;3 693.88;2025.09.16 04:05:01;3 680.43;-0.02;-0.16;6.61;[sl]
2025.09.15 18:49:42;Buy;0.01;XAUUSD;3 672.65;3 672.65;3 688.21;2025.09.16 04:00:04;3 688.21;-0.02;-0.16;15.56;[tp]
2025.09.15 01:00:01;Sell Stop;0.01;XAUUSD;3 615.25;3 768.19;3 603.14;2025.09.15 21:05:00;3 680.99;;;;cancelled
2025.09.15 18:49:34;Buy;0.01;XAUUSD;3 672.16;3 676.12;3 732.18;2025.09.15 19:46:02;3 676.02;-0.02;;3.86;[sl]
2025.09.15 18:49:45;Buy;0.01;XAUUSD;3 673.55;3 678.09;3 784.50;2025.09.15 19:39:16;3 678.08;-0.02;;4.53;[sl]
2025.09.15 18:49:43;Buy;0.01;XAUUSD;3 672.85;3 678.29;3 685.35;2025.09.15 19:34:41;3 685.35;-0.02;;12.50;[tp]
2025.09.15 18:49:43;Buy;0.01;XAUUSD;3 672.75;3 673.96;3 684.82;2025.09.15 19:33:27;3 684.82;-0.02;;12.07;[tp]
2025.09.15 16:32:54;Buy;0.01;XAUUSD;3 655.01;3 655.01;3 670.40;2025.09.15 17:00:35;3 655.00;-0.02;;-0.01;[sl]
2025.09.15 16:32:54;Buy;0.01;XAUUSD;3 655.01;3 656.22;3 667.01;2025.09.15 17:00:30;3 655.59;-0.02;;0.58;[sl]
2025.09.15 16:35:37;Buy;0.01;XAUUSD;3 655.85;3 656.27;3 676.07;2025.09.15 17:00:30;3 655.58;-0.02;;-0.27;[sl]
2025.09.15 16:32:54;Buy;0.01;XAUUSD;3 655.01;3 656.70;3 667.54;2025.09.15 16:59:25;3 656.62;-0.02;;1.61;[sl]
2025.09.12 22:00:00;Buy Stop;0.01;XAUUSD;3 672.63;3 647.91;3 688.24;2025.09.15 05:00:01;3 634.61;;;;cancelled
2025.09.12 16:00:00;Sell Stop;0.01;XAUUSD;3 615.08;3 646.60;3 594.77;2025.09.15 04:00:00;3 633.41;;;;cancelled
2025.09.12 13:00:00;Sell Stop;0.01;XAUUSD;3 615.26;3 639.98;3 599.65;2025.09.15 01:00:02;3 643.88;;;;cancelled
2025.09.12 08:15:00;Sell Stop;0.01;XAUUSD;3 513.65;3 538.37;3 498.04;2025.09.15 01:00:02;3 643.88;;;;cancelled
2025.09.10 18:00:00;Buy Stop;0.01;XAUUSD;3 673.61;3 642.14;3 693.89;2025.09.15 01:00:02;3 644.14;;;;cancelled
2025.09.10 16:45:00;Sell Stop;0.01;XAUUSD;3 513.47;3 544.94;3 493.19;2025.09.15 01:00:02;3 643.99;;;;cancelled
2025.09.12 17:00:00;Sell Stop;0.01;XAUUSD;3 615.25;3 768.53;3 603.11;2025.09.15 01:00:01;3 643.30;;;;cancelled
2025.09.12 12:00:00;Sell Stop;0.01;XAUUSD;3 614.59;3 688.84;3 601.98;2025.09.15 01:00:01;3 643.02;;;;cancelled
2025.09.12 11:00:00;Buy Stop;0.01;XAUUSD;3 672.70;3 519.42;3 684.84;2025.09.15 01:00:01;3 645.22;;;;cancelled
2025.09.12 08:10:00;Sell Stop;0.01;XAUUSD;3 513.64;3 666.92;3 501.50;2025.09.15 01:00:01;3 643.49;;;;cancelled
2025.09.11 20:00:00;Buy Stop;0.01;XAUUSD;3 672.78;3 598.92;3 685.32;2025.09.15 01:00:01;3 645.20;;;;cancelled
2025.09.05 16:30:01;Sell Stop;0.01;XAUUSD;3 323.67;3 341.48;3 214.58;2025.09.15 01:00:00;3 642.79;;;;cancelled
2025.09.10 15:00:00;Buy Stop;0.01;XAUUSD;3 672.63;3 647.96;3 688.21;2025.09.12 22:00:00;3 648.60;;;;cancelled
2025.09.11 15:00:00;Buy Stop;0.01;XAUUSD;3 672.71;3 520.23;3 684.79;2025.09.12 11:00:00;3 648.38;;;;cancelled
2025.09.10 01:00:10;Sell Stop;0.01;XAUUSD;3 513.65;3 538.32;3 498.07;2025.09.12 08:15:00;3 655.96;;;;cancelled
2025.09.11 12:10:00;Sell Stop;0.01;XAUUSD;3 513.63;3 666.11;3 501.55;2025.09.12 08:10:00;3 655.25;;;;cancelled
2025.09.10 14:00:00;Buy Stop;0.01;XAUUSD;3 672.77;3 598.65;3 685.36;2025.09.11 20:00:00;3 636.44;;;;cancelled
2025.09.10 13:15:00;Sell Stop;0.01;XAUUSD;3 512.98;3 587.10;3 500.39;2025.09.11 19:15:00;3 640.13;;;;cancelled
2025.09.10 19:00:00;Buy Stop;0.01;XAUUSD;3 672.71;3 519.69;3 684.83;2025.09.11 15:00:00;3 617.07;;;;cancelled
2025.09.11 12:04:10;Sell;0.01;XAUUSD;3 622.40;3 622.40;3 606.89;2025.09.11 12:49:13;3 622.45;-0.02;;-0.05;[sl]
2025.09.11 12:09:04;Sell;0.01;XAUUSD;3 622.19;3 621.77;3 602.03;2025.09.11 12:48:02;3 621.77;-0.02;;0.42;[sl]
2025.09.11 12:08:56;Sell;0.01;XAUUSD;3 622.31;3 621.10;3 610.33;2025.09.11 12:47:23;3 621.14;-0.02;;1.17;[sl]
2025.09.11 12:04:09;Sell;0.01;XAUUSD;3 622.40;3 621.19;3 610.33;2025.09.11 12:47:23;3 621.19;-0.02;;1.21;[sl]
2025.09.11 12:09:54;Sell;0.01;XAUUSD;3 621.72;3 620.61;3 609.21;2025.09.11 12:33:58;3 620.65;-0.02;;1.07;[sl]
2025.09.10 13:05:00;Sell Stop;0.01;XAUUSD;3 513.64;3 666.66;3 501.52;2025.09.11 09:05:00;3 626.35;;;;cancelled
2025.09.08 04:45:00;Sell Stop;0.01;XAUUSD;3 513.42;3 544.10;3 493.65;2025.09.10 16:45:00;3 650.12;;;;cancelled
2025.09.09 07:15:00;Sell Stop;0.01;XAUUSD;3 512.95;3 585.90;3 500.56;2025.09.10 13:15:00;3 653.75;;;;cancelled
2025.09.09 17:05:00;Sell Stop;0.01;XAUUSD;3 513.60;3 664.21;3 501.67;2025.09.10 13:05:00;3 654.25;;;;cancelled
2025.09.08 01:00:02;Sell Stop;0.01;XAUUSD;3 513.59;3 537.65;3 498.40;2025.09.10 08:15:01;3 643.05;;;;cancelled
2025.09.08 21:05:00;Sell Stop;0.01;XAUUSD;3 513.58;3 662.79;3 501.76;2025.09.09 17:05:00;3 659.53;;;;cancelled
2025.09.08 01:00:01;Sell Stop;0.01;XAUUSD;3 512.94;3 585.21;3 500.67;2025.09.09 07:15:00;3 648.35;;;;cancelled
2025.09.08 01:00:01;Sell Stop;0.01;XAUUSD;3 513.58;3 662.79;3 501.76;2025.09.08 21:05:00;3 632.86;;;;cancelled
2025.09.05 16:30:01;Sell Stop;0.01;XAUUSD;3 513.43;3 544.26;3 493.56;2025.09.08 04:45:00;3 587.51;;;;cancelled
2025.09.05 16:30:01;Sell Stop;0.01;XAUUSD;3 513.60;3 537.77;3 498.33;2025.09.08 01:00:01;3 579.02;;;;cancelled
2025.09.05 16:30:01;Sell Stop;0.01;XAUUSD;3 512.95;3 585.56;3 500.62;2025.09.08 01:00:01;3 579.28;;;;cancelled
2025.09.05 16:30:01;Sell Stop;0.01;XAUUSD;3 513.59;3 663.49;3 501.72;2025.09.08 01:00:01;3 579.39;;;;cancelled
2025.09.05 07:00:00;Sell Stop;0.01;XAUUSD;3 513.43;3 544.26;3 493.56;2025.09.05 13:50:01;3 551.88;;;;cancelled
2025.09.05 04:00:00;Sell Stop;0.01;XAUUSD;3 513.60;3 537.77;3 498.33;2025.09.05 13:50:01;3 551.87;;;;cancelled
2025.09.05 01:00:01;Sell Stop;0.01;XAUUSD;3 353.42;3 377.59;3 338.15;2025.09.05 13:50:01;3 551.90;;;;cancelled
2025.09.04 22:00:00;Buy Stop;0.01;XAUUSD;3 577.66;3 547.08;3 597.37;2025.09.05 13:50:01;3 551.99;;;;cancelled
2025.09.04 19:00:00;Buy Stop;0.01;XAUUSD;3 576.71;3 552.73;3 591.85;2025.09.05 13:50:01;3 552.00;;;;cancelled
2025.09.03 08:15:00;Sell Stop;0.01;XAUUSD;3 353.37;3 376.96;3 338.47;2025.09.05 13:50:01;3 551.90;;;;cancelled
2025.09.05 10:00:00;Buy Stop;0.01;XAUUSD;3 577.59;3 559.78;3 686.68;2025.09.05 13:50:00;3 552.01;;;;cancelled
2025.09.05 08:00:00;Sell Stop;0.01;XAUUSD;3 513.59;3 663.49;3 501.72;2025.09.05 13:50:00;3 551.90;;;;cancelled
2025.09.05 03:00:00;Sell Stop;0.01;XAUUSD;3 512.95;3 585.56;3 500.62;2025.09.05 13:50:00;3 551.87;;;;cancelled
2025.09.04 23:00:03;Buy Stop;0.01;XAUUSD;3 576.79;3 428.09;3 588.57;2025.09.05 13:50:00;3 552.03;;;;cancelled
2025.09.04 18:00:00;Buy Stop;0.01;XAUUSD;3 576.85;3 504.82;3 589.08;2025.09.05 13:50:00;3 551.99;;;;cancelled
2025.09.03 02:00:00;Sell Stop;0.01;XAUUSD;3 323.61;3 340.99;3 217.16;2025.09.05 13:50:00;3 551.89;;;;cancelled
2025.08.25 02:00:01;Sell Stop;0.01;XAUUSD;3 269.35;3 286.05;3 200.90;2025.09.05 13:50:00;3 551.91;;;;cancelled
2025.08.25 01:00:04;Sell Stop;0.01;XAUUSD;3 313.54;3 325.23;3 258.45;2025.09.05 13:50:00;3 551.91;;;;cancelled
2025.09.01 04:00:00;Sell Stop;0.01;XAUUSD;3 353.17;3 382.75;3 334.11;2025.09.03 16:00:00;3 550.43;;;;cancelled
2025.09.02 17:05:00;Sell Stop;0.01;XAUUSD;3 353.34;3 498.49;3 341.84;2025.09.03 13:05:00;3 534.61;;;;cancelled
2025.09.01 01:00:04;Sell Stop;0.01;XAUUSD;3 353.34;3 376.53;3 338.69;2025.09.03 08:15:00;3 535.70;;;;cancelled
2025.08.26 02:00:00;Sell Stop;0.01;XAUUSD;3 323.55;3 340.41;3 220.30;2025.09.03 02:00:00;3 529.78;;;;cancelled
2025.09.02 04:20:39;Buy;0.01;XAUUSD;3 495.68;3 497.75;3 520.07;2025.09.02 18:59:41;3 520.07;-0.02;;24.39;[tp]
2025.09.01 21:05:00;Sell Stop;0.01;XAUUSD;3 353.32;3 497.15;3 341.93;2025.09.02 17:05:00;3 493.15;;;;cancelled
2025.09.02 04:29:33;Buy;0.01;XAUUSD;3 497.20;3 480.11;3 566.77;2025.09.02 10:50:17;3 479.89;-0.02;;-17.31;[sl]
2025.09.01 01:00:03;Sell Stop;0.01;XAUUSD;3 352.71;3 422.38;3 340.88;2025.09.02 07:15:00;3 495.25;;;;cancelled
2025.09.01 01:00:03;Sell Stop;0.01;XAUUSD;3 353.32;3 497.15;3 341.93;2025.09.01 21:05:00;3 477.19;;;;cancelled
2025.08.29 19:58:24;Buy;0.01;XAUUSD;3 449.41;3 477.96;3 519.05;2025.09.01 06:05:09;3 477.86;-0.02;-0.16;28.45;[sl]
2025.08.29 22:44:25;Buy;0.01;XAUUSD;3 447.61;3 449.66;3 472.24;2025.09.01 05:39:28;3 472.24;-0.02;-0.16;24.63;[tp]
2025.08.29 20:15:44;Buy;0.01;XAUUSD;3 447.65;3 449.70;3 472.24;2025.09.01 05:39:28;3 472.24;-0.02;-0.16;24.59;[tp]
2025.08.29 19:51:27;Buy;0.01;XAUUSD;3 447.67;3 449.72;3 472.24;2025.09.01 05:39:28;3 472.24;-0.02;-0.16;24.57;[tp]
2025.08.29 17:10:20;Buy;0.01;XAUUSD;3 434.17;3 436.21;3 458.80;2025.09.01 04:59:37;3 458.80;-0.02;-0.16;24.63;[tp]
2025.08.29 17:13:33;Buy;0.01;XAUUSD;3 436.05;3 437.75;3 503.99;2025.09.01 04:25:20;3 437.70;-0.02;-0.16;1.65;[sl]
2025.08.29 16:00:00;Sell Stop;0.01;XAUUSD;3 353.16;3 382.57;3 334.21;2025.09.01 04:00:00;3 444.11;;;;cancelled
2025.08.29 23:00:05;Buy Stop;0.01;XAUUSD;3 495.32;3 391.66;3 519.96;2025.09.01 01:00:03;3 448.79;;;;cancelled
2025.08.29 17:05:00;Sell Stop;0.01;XAUUSD;3 353.31;3 496.34;3 341.98;2025.09.01 01:00:03;3 448.57;;;;cancelled
2025.08.29 11:15:00;Sell Stop;0.01;XAUUSD;3 352.70;3 421.98;3 340.94;2025.09.01 01:00:03;3 448.60;;;;cancelled
2025.08.29 08:15:00;Sell Stop;0.01;XAUUSD;3 353.32;3 376.38;3 338.75;2025.09.01 01:00:03;3 448.43;;;;cancelled
2025.08.29 19:35:17;Buy;0.01;XAUUSD;3 447.61;3 343.94;3 472.24;2025.08.29 19:36:00;3 447.17;-0.02;;-0.44;
2025.08.29 19:06:38;Buy;0.01;XAUUSD;3 447.61;3 343.94;3 472.24;2025.08.29 19:15:00;3 444.12;-0.02;;-3.49;
2025.08.29 18:45:59;Buy;0.01;XAUUSD;3 447.61;3 373.58;3 472.24;2025.08.29 19:00:00;3 445.41;-0.02;;-2.20;
2025.08.29 18:44:39;Buy;0.01;XAUUSD;3 447.67;3 343.94;3 472.24;2025.08.29 18:45:00;3 447.24;-0.02;;-0.43;
2025.08.28 21:05:00;Sell Stop;0.01;XAUUSD;3 353.31;3 496.11;3 342.00;2025.08.29 17:05:00;3 431.63;;;;cancelled
2025.08.27 04:00:00;Sell Stop;0.01;XAUUSD;3 353.14;3 382.27;3 334.37;2025.08.29 16:00:00;3 416.50;;;;cancelled
2025.08.21 15:00:00;Sell Stop;0.01;XAUUSD;3 313.61;3 330.19;3 212.05;2025.08.29 15:00:00;3 410.57;;;;cancelled
2025.08.28 05:15:00;Sell Stop;0.01;XAUUSD;3 352.70;3 421.87;3 340.95;2025.08.29 11:15:00;3 413.90;;;;cancelled
2025.08.27 23:15:00;Buy Stop;0.01;XAUUSD;3 434.20;3 331.54;3 458.60;2025.08.29 10:15:00;3 409.90;;;;cancelled
2025.08.27 01:00:09;Sell Stop;0.01;XAUUSD;3 353.30;3 376.14;3 338.87;2025.08.29 08:15:00;3 407.80;;;;cancelled
2025.08.28 15:08:55;Buy;0.01;XAUUSD;3 408.24;3 412.48;3 510.63;2025.08.29 04:01:38;3 412.28;-0.02;-0.16;4.04;[sl]
2025.08.28 16:33:19;Buy;0.01;XAUUSD;3 406.76;3 414.48;3 462.66;2025.08.29 03:03:32;3 414.41;-0.02;-0.16;7.65;[sl]
2025.08.28 01:00:09;Sell Stop;0.01;XAUUSD;3 353.31;3 496.11;3 342.00;2025.08.28 21:05:00;3 418.23;;;;cancelled
2025.08.28 15:07:01;Buy;0.01;XAUUSD;3 407.02;3 395.12;3 462.66;2025.08.28 16:07:00;3 394.36;-0.02;;-12.66;[sl]
2025.08.28 14:32:49;Buy;0.01;XAUUSD;3 406.82;3 395.01;3 461.87;2025.08.28 16:07:00;3 394.37;-0.02;;-12.45;[sl]
2025.08.26 23:00:04;Sell Stop;0.01;XAUUSD;3 352.69;3 421.42;3 341.02;2025.08.28 05:15:00;3 386.42;;;;cancelled
2025.08.25 16:00:00;Sell Stop;0.01;XAUUSD;3 323.30;3 352.20;3 304.68;2025.08.28 04:00:00;3 392.00;;;;cancelled
2025.08.26 18:00:00;Sell Stop;0.01;XAUUSD;3 322.87;3 391.60;3 311.20;2025.08.28 01:00:10;3 398.80;;;;cancelled
2025.08.27 05:00:00;Sell Stop;0.01;XAUUSD;3 353.29;3 494.94;3 342.07;2025.08.28 01:00:09;3 398.80;;;;cancelled
2025.08.26 12:15:00;Buy Stop;0.01;XAUUSD;3 434.19;3 331.36;3 458.63;2025.08.27 23:15:00;3 395.28;;;;cancelled
2025.08.25 13:00:00;Sell Stop;0.01;XAUUSD;3 323.47;3 346.13;3 309.16;2025.08.27 20:00:00;3 395.49;;;;cancelled
2025.08.25 01:00:05;Sell Stop;0.01;XAUUSD;3 313.40;3 342.30;3 294.78;2025.08.27 13:15:00;3 377.64;;;;cancelled
2025.08.26 13:00:00;Sell Stop;0.01;XAUUSD;3 323.48;3 465.37;3 312.24;2025.08.27 09:00:00;3 377.19;;;;cancelled
2025.08.25 01:00:05;Sell Stop;0.01;XAUUSD;3 313.57;3 336.23;3 299.26;2025.08.27 08:15:00;3 374.68;;;;cancelled
2025.08.25 12:00:00;Sell Stop;0.01;XAUUSD;3 322.85;3 390.91;3 311.29;2025.08.26 18:00:00;3 379.39;;;;cancelled
2025.08.25 17:00:00;Sell Stop;0.01;XAUUSD;3 323.46;3 463.98;3 312.33;2025.08.26 13:00:00;3 372.01;;;;cancelled
2025.08.25 01:00:04;Buy Stop;0.01;XAUUSD;3 434.24;3 332.40;3 458.45;2025.08.26 12:15:00;3 377.08;;;;cancelled
2025.08.25 01:00:05;Sell Stop;0.01;XAUUSD;3 312.95;3 381.01;3 301.39;2025.08.26 07:15:00;3 373.25;;;;cancelled
2025.08.26 03:22:46;Buy;0.01;XAUUSD;3 377.91;3 377.91;3 391.48;2025.08.26 04:06:44;3 377.82;-0.02;;-0.09;[sl]
2025.08.26 03:22:49;Buy;0.01;XAUUSD;3 378.15;3 378.54;3 396.69;2025.08.26 04:06:13;3 378.52;-0.02;;0.37;[sl]
2025.08.26 03:22:46;Buy;0.01;XAUUSD;3 377.92;3 379.04;3 388.37;2025.08.26 04:06:04;3 378.63;-0.02;;0.71;[sl]
2025.08.26 03:22:46;Buy;0.01;XAUUSD;3 377.91;3 378.95;3 388.86;2025.08.26 03:39:46;3 378.92;-0.02;;1.01;[sl]
2025.08.22 17:02:33;Buy;0.01;XAUUSD;3 351.26;3 355.47;3 453.82;2025.08.26 02:21:25;3 354.10;-0.02;-0.32;2.84;[sl]
2025.08.22 17:47:46;Buy;0.01;XAUUSD;3 374.47;3 357.74;3 477.14;2025.08.26 02:15:30;3 357.70;-0.02;-0.32;-16.77;[sl]
2025.08.19 02:00:00;Sell Stop;0.01;XAUUSD;3 270.27;3 286.96;3 168.06;2025.08.26 02:00:01;3 364.24;;;;cancelled
2025.08.25 01:00:05;Sell Stop;0.01;XAUUSD;3 313.56;3 454.08;3 302.43;2025.08.25 21:05:00;3 371.12;;;;cancelled
2025.08.05 01:00:06;Sell Stop;0.01;XAUUSD;3 269.36;3 286.18;3 200.40;2025.08.25 02:00:00;3 367.25;;;;cancelled
2025.08.22 22:00:00;Sell Stop;0.01;XAUUSD;3 313.56;3 454.53;3 302.39;2025.08.25 01:00:05;3 371.59;;;;cancelled
2025.08.22 07:00:00;Sell Stop;0.01;XAUUSD;3 312.96;3 381.25;3 301.36;2025.08.25 01:00:05;3 371.59;;;;cancelled
2025.08.22 01:00:19;Sell Stop;0.01;XAUUSD;3 270.19;3 281.91;3 214.92;2025.08.25 01:00:05;3 371.08;;;;cancelled
2025.08.21 05:00:00;Sell Stop;0.01;XAUUSD;3 313.39;3 342.09;3 294.90;2025.08.25 01:00:05;3 371.08;;;;cancelled
2025.08.21 02:00:00;Sell Stop;0.01;XAUUSD;3 313.55;3 336.05;3 299.34;2025.08.25 01:00:05;3 371.12;;;;cancelled
2025.08.22 10:15:00;Buy Stop;0.01;XAUUSD;3 434.22;3 332.05;3 458.51;2025.08.25 01:00:04;3 371.69;;;;cancelled
2025.08.22 02:00:00;Sell Stop;0.01;XAUUSD;3 313.56;3 454.53;3 302.39;2025.08.22 22:00:00;3 372.89;;;;cancelled
2025.08.22 17:35:00;Buy;0.01;XAUUSD;3 373.71;3 373.71;3 387.86;2025.08.22 18:43:27;3 373.70;-0.02;;-0.01;[sl]
2025.08.22 17:10:02;Buy;0.01;XAUUSD;3 358.27;3 369.84;3 376.12;2025.08.22 17:51:19;3 376.12;-0.02;;17.85;[tp]
2025.08.22 17:10:02;Buy;0.01;XAUUSD;3 357.35;3 357.35;3 370.95;2025.08.22 17:30:44;3 370.95;-0.02;;13.60;[tp]
2025.08.22 17:10:02;Buy;0.01;XAUUSD;3 357.34;3 359.59;3 368.35;2025.08.22 17:30:08;3 368.35;-0.02;;11.01;[tp]
2025.08.22 17:10:02;Buy;0.01;XAUUSD;3 357.53;3 358.65;3 367.86;2025.08.22 17:30:05;3 367.86;-0.02;;10.33;[tp]
2025.08.22 17:02:16;Buy;0.01;XAUUSD;3 350.71;3 350.71;3 364.62;2025.08.22 17:18:40;3 364.62;-0.02;;13.91;[tp]
2025.08.22 17:02:37;Buy;0.01;XAUUSD;3 351.31;3 351.70;3 369.98;2025.08.22 17:08:37;3 351.59;-0.02;;0.28;[sl]
2025.08.22 17:02:16;Buy;0.01;XAUUSD;3 350.71;3 351.83;3 361.63;2025.08.22 17:08:36;3 351.72;-0.02;;1.01;[sl]
2025.08.22 17:02:16;Buy;0.01;XAUUSD;3 350.71;3 351.74;3 362.02;2025.08.22 17:08:36;3 351.72;-0.02;;1.01;[sl]
2025.08.20 23:15:00;Buy Stop;0.01;XAUUSD;3 434.25;3 332.57;3 458.42;2025.08.22 10:15:00;3 333.27;;;;cancelled
2025.08.21 01:00:00;Sell Stop;0.01;XAUUSD;3 312.94;3 380.54;3 301.46;2025.08.22 07:00:00;3 331.99;;;;cancelled
2025.08.21 06:00:00;Sell Stop;0.01;XAUUSD;3 313.54;3 453.10;3 302.49;2025.08.22 02:00:00;3 338.90;;;;cancelled
2025.08.04 01:00:00;Sell Stop;0.01;XAUUSD;3 270.15;3 281.67;3 215.86;2025.08.22 01:00:19;3 338.97;;;;cancelled
2025.08.21 02:00:00;Buy Stop;0.01;XAUUSD;3 356.81;3 217.25;3 367.86;2025.08.21 22:00:00;3 339.45;;;;cancelled
2025.08.19 09:00:00;Buy Stop;0.01;XAUUSD;3 357.63;3 328.75;3 376.24;2025.08.21 21:00:00;3 337.18;;;;cancelled
2025.08.20 11:00:00;Buy Stop;0.01;XAUUSD;3 356.86;3 288.90;3 368.40;2025.08.21 17:00:00;3 339.59;;;;cancelled
2025.08.01 16:30:01;Buy Stop;0.01;XAUUSD;3 436.04;3 419.66;3 503.21;2025.08.21 17:00:00;3 339.59;;;;cancelled
2025.08.19 06:00:00;Buy Stop;0.01;XAUUSD;3 356.73;3 334.08;3 371.03;2025.08.21 13:00:00;3 340.79;;;;cancelled
2025.08.20 06:00:00;Buy Stop;0.01;XAUUSD;3 356.80;3 216.51;3 367.91;2025.08.21 02:00:00;3 349.73;;;;cancelled
2025.08.19 12:15:00;Buy Stop;0.01;XAUUSD;3 434.24;3 332.45;3 458.44;2025.08.20 23:15:00;3 347.86;;;;cancelled
2025.08.18 01:00:11;Buy Stop;0.01;XAUUSD;3 374.40;3 345.52;3 393.01;2025.08.20 13:15:00;3 325.98;;;;cancelled
2025.08.19 05:00:00;Buy Stop;0.01;XAUUSD;3 356.86;3 288.83;3 368.41;2025.08.20 11:00:00;3 324.88;;;;cancelled
2025.08.18 01:00:12;Buy Stop;0.01;XAUUSD;3 373.50;3 350.86;3 387.80;2025.08.20 08:15:00;3 319.47;;;;cancelled
2025.08.19 10:00:00;Buy Stop;0.01;XAUUSD;3 356.80;3 216.35;3 367.93;2025.08.20 06:00:00;3 314.20;;;;cancelled
2025.08.19 17:46:51;Sell;0.01;XAUUSD;3 325.36;3 317.88;3 306.82;2025.08.20 04:47:21;3 317.89;-0.02;-0.04;7.47;[sl]
2025.08.19 17:47:03;Sell;0.01;XAUUSD;3 323.81;3 320.01;3 313.43;2025.08.20 02:53:14;3 313.43;-0.02;-0.04;10.38;[tp]
2025.08.19 17:46:51;Sell;0.01;XAUUSD;3 325.50;3 324.39;3 314.46;2025.08.20 02:51:55;3 314.46;-0.02;-0.04;11.04;[tp]
2025.08.19 17:44:38;Sell;0.01;XAUUSD;3 325.58;3 324.47;3 314.46;2025.08.20 02:51:55;3 314.46;-0.02;-0.04;11.12;[tp]
2025.08.19 17:46:51;Sell;0.01;XAUUSD;3 325.49;3 325.49;3 311.30;2025.08.19 17:59:08;3 325.57;-0.02;;-0.08;[sl]
2025.08.19 17:44:38;Sell;0.01;XAUUSD;3 325.59;3 325.59;3 311.30;2025.08.19 17:59:08;3 325.61;-0.02;;-0.02;[sl]
2025.08.18 21:05:00;Buy Stop;0.01;XAUUSD;3 373.57;3 233.14;3 384.69;2025.08.19 17:05:00;3 336.00;;;;cancelled
2025.08.11 14:00:00;Buy Stop;0.01;XAUUSD;3 408.03;3 391.01;3 512.29;2025.08.19 14:00:00;3 343.74;;;;cancelled
2025.08.18 01:00:10;Buy Stop;0.01;XAUUSD;3 434.24;3 332.46;3 458.43;2025.08.19 12:15:00;3 337.58;;;;cancelled
2025.08.18 01:00:11;Buy Stop;0.01;XAUUSD;3 373.63;3 305.61;3 385.18;2025.08.19 07:15:00;3 337.04;;;;cancelled
2025.08.11 01:00:10;Sell Stop;0.01;XAUUSD;3 270.31;3 287.33;3 166.05;2025.08.19 02:00:00;3 334.47;;;;cancelled
2025.08.18 01:00:10;Buy Stop;0.01;XAUUSD;3 373.57;3 233.14;3 384.69;2025.08.18 21:05:00;3 333.48;;;;cancelled
2025.08.14 19:13:21;Sell;0.01;XAUUSD;3 333.18;3 349.14;3 230.61;2025.08.18 06:49:09;3 349.14;-0.02;-0.08;-15.96;[sl]
2025.08.14 19:16:06;Sell;0.01;XAUUSD;3 331.66;3 331.66;3 318.79;2025.08.18 03:09:25;3 331.79;-0.02;-0.08;-0.13;[sl]
2025.08.18 02:12:11;Sell;0.01;XAUUSD;3 331.24;3 331.24;3 317.54;2025.08.18 03:08:32;3 331.29;-0.02;;-0.05;[sl]
2025.08.14 19:16:06;Sell;0.01;XAUUSD;3 331.60;3 331.21;3 314.31;2025.08.18 03:06:11;3 331.22;-0.02;-0.08;0.38;[sl]
2025.08.18 02:12:11;Sell;0.01;XAUUSD;3 331.24;3 330.85;3 312.96;2025.08.18 03:06:06;3 330.86;-0.02;;0.38;[sl]
2025.08.14 19:16:06;Sell;0.01;XAUUSD;3 331.65;3 330.62;3 320.93;2025.08.18 03:06:04;3 330.69;-0.02;-0.08;0.96;[sl]
2025.08.14 19:16:06;Sell;0.01;XAUUSD;3 331.65;3 330.54;3 321.95;2025.08.18 03:06:03;3 330.59;-0.02;-0.08;1.06;[sl]
2025.08.18 02:12:11;Sell;0.01;XAUUSD;3 331.25;3 330.14;3 320.71;2025.08.18 03:05:56;3 330.32;-0.02;;0.93;[sl]
2025.08.18 02:12:11;Sell;0.01;XAUUSD;3 330.92;3 329.89;3 319.67;2025.08.18 03:05:34;3 330.01;-0.02;;0.91;[sl]
2025.08.15 17:00:00;Sell Stop;0.01;XAUUSD;3 331.85;3 354.63;3 317.46;2025.08.18 01:00:12;3 337.49;;;;cancelled
2025.08.15 01:00:05;Buy Stop;0.01;XAUUSD;3 373.49;3 350.71;3 387.88;2025.08.18 01:00:12;3 337.64;;;;cancelled
2025.08.15 04:00:00;Buy Stop;0.01;XAUUSD;3 374.40;3 345.35;3 393.12;2025.08.18 01:00:11;3 337.66;;;;cancelled
2025.08.14 23:00:04;Buy Stop;0.01;XAUUSD;3 373.62;3 305.35;3 385.21;2025.08.18 01:00:11;3 337.66;;;;cancelled
2025.08.14 19:15:00;Buy Stop;0.01;XAUUSD;3 407.33;3 339.06;3 418.92;2025.08.18 01:00:11;3 337.66;;;;cancelled
2025.08.13 14:00:00;Buy Stop;0.01;XAUUSD;3 408.11;3 379.18;3 426.75;2025.08.18 01:00:11;3 337.66;;;;cancelled
2025.08.15 21:00:00;Sell Stop;0.01;XAUUSD;3 331.84;3 473.12;3 320.65;2025.08.18 01:00:10;3 337.51;;;;cancelled
2025.08.15 16:00:00;Sell Stop;0.01;XAUUSD;3 331.23;3 399.66;3 319.61;2025.08.18 01:00:10;3 337.51;;;;cancelled
2025.08.15 10:30:00;Buy Stop;0.01;XAUUSD;3 434.21;3 331.82;3 458.55;2025.08.18 01:00:10;3 337.66;;;;cancelled
2025.08.15 05:00:00;Buy Stop;0.01;XAUUSD;3 373.56;3 232.28;3 384.75;2025.08.18 01:00:10;3 337.66;;;;cancelled
2025.08.13 12:00:00;Buy Stop;0.01;XAUUSD;3 407.21;3 384.53;3 421.54;2025.08.15 19:00:01;3 342.61;;;;cancelled
2025.08.11 01:00:10;Buy Stop;0.01;XAUUSD;3 437.98;3 420.96;3 542.24;2025.08.15 14:00:00;3 337.80;;;;cancelled
2025.08.13 23:15:15;Buy Stop;0.01;XAUUSD;3 434.23;3 332.28;3 458.46;2025.08.15 10:30:00;3 344.85;;;;cancelled
2025.08.14 11:05:00;Buy Stop;0.01;XAUUSD;3 407.28;3 266.34;3 418.44;2025.08.15 07:05:00;3 344.49;;;;cancelled
2025.08.13 13:15:00;Buy Stop;0.01;XAUUSD;3 407.34;3 339.20;3 418.91;2025.08.14 19:15:00;3 334.34;;;;cancelled
2025.08.13 19:00:00;Sell Stop;0.01;XAUUSD;3 333.11;3 473.78;3 321.97;2025.08.14 15:00:00;3 355.42;;;;cancelled
2025.08.13 15:05:00;Buy Stop;0.01;XAUUSD;3 407.28;3 266.61;3 418.42;2025.08.14 11:05:00;3 345.18;;;;cancelled
2025.08.12 12:15:00;Buy Stop;0.01;XAUUSD;3 434.16;3 330.49;3 458.80;2025.08.13 23:15:15;3 357.80;;;;cancelled
2025.08.11 14:45:01;Sell Stop;0.01;XAUUSD;3 270.25;3 293.35;3 255.66;2025.08.13 22:00:00;3 353.71;;;;cancelled
2025.08.12 19:05:00;Buy Stop;0.01;XAUUSD;3 407.25;3 264.21;3 418.58;2025.08.13 15:05:00;3 361.71;;;;cancelled
2025.08.11 02:00:00;Buy Stop;0.01;XAUUSD;3 408.09;3 378.63;3 427.08;2025.08.13 14:00:00;3 366.21;;;;cancelled
2025.08.12 07:15:00;Buy Stop;0.01;XAUUSD;3 407.31;3 338.03;3 419.08;2025.08.13 13:15:00;3 364.12;;;;cancelled
2025.08.11 05:00:00;Buy Stop;0.01;XAUUSD;3 407.18;3 384.08;3 421.77;2025.08.13 12:00:00;3 360.54;;;;cancelled
2025.08.01 16:30:01;Buy Stop;0.01;XAUUSD;3 436.70;3 425.23;3 490.77;2025.08.13 01:00:10;3 349.08;;;;cancelled
2025.08.11 23:00:07;Buy Stop;0.01;XAUUSD;3 407.25;3 263.99;3 418.60;2025.08.12 19:05:00;3 349.33;;;;cancelled
2025.08.11 01:00:10;Buy Stop;0.01;XAUUSD;3 434.15;3 330.32;3 458.83;2025.08.12 12:15:00;3 351.09;;;;cancelled
2025.08.11 01:00:11;Buy Stop;0.01;XAUUSD;3 407.31;3 337.92;3 419.09;2025.08.12 07:15:00;3 351.56;;;;cancelled
2025.08.11 03:00:00;Buy Stop;0.01;XAUUSD;3 407.25;3 263.99;3 418.60;2025.08.11 23:00:07;3 351.63;;;;cancelled
2025.08.11 14:25:38;Sell;0.01;XAUUSD;3 352.06;3 352.06;3 337.48;2025.08.11 15:36:25;3 352.09;-0.02;;-0.03;[sl]
2025.08.11 14:25:39;Sell;0.01;XAUUSD;3 351.86;3 351.47;3 332.91;2025.08.11 15:36:01;3 351.49;-0.02;;0.37;[sl]
2025.08.11 14:25:38;Sell;0.01;XAUUSD;3 352.04;3 350.91;3 340.71;2025.08.11 15:35:53;3 350.93;-0.02;;1.11;[sl]
2025.08.11 14:26:56;Sell;0.01;XAUUSD;3 351.35;3 350.30;3 339.66;2025.08.11 15:34:57;3 350.46;-0.02;;0.89;[sl]
2025.08.11 14:30:01;Sell;0.01;XAUUSD;3 351.85;3 381.36;3 332.91;2025.08.11 14:45:01;3 354.17;-0.02;;-2.32;
2025.08.11 14:30:09;Sell;0.01;XAUUSD;3 351.42;3 420.83;3 339.66;2025.08.11 14:45:00;3 354.12;-0.02;;-2.70;
2025.08.11 14:30:00;Sell;0.01;XAUUSD;3 352.03;3 495.32;3 340.71;2025.08.11 14:45:00;3 353.88;-0.02;;-1.85;
2025.08.08 22:00:00;Buy Stop;0.01;XAUUSD;3 407.19;3 384.32;3 421.63;2025.08.11 05:00:00;3 377.68;;;;cancelled
2025.08.08 19:00:00;Sell Stop;0.01;XAUUSD;3 352.05;3 374.92;3 337.61;2025.08.11 02:00:00;3 395.30;;;;cancelled
2025.08.08 23:00:07;Sell Stop;0.01;XAUUSD;3 351.43;3 420.13;3 339.76;2025.08.11 01:00:11;3 398.88;;;;cancelled
2025.08.08 21:00:00;Buy Stop;0.01;XAUUSD;3 407.32;3 338.62;3 418.99;2025.08.11 01:00:11;3 399.03;;;;cancelled
2025.08.06 15:00:00;Sell Stop;0.01;XAUUSD;3 351.88;3 381.08;3 333.06;2025.08.11 01:00:11;3 399.10;;;;cancelled
2025.08.08 10:15:00;Buy Stop;0.01;XAUUSD;3 434.20;3 331.41;3 458.63;2025.08.11 01:00:10;3 399.04;;;;cancelled
2025.08.08 08:00:00;Sell Stop;0.01;XAUUSD;3 352.04;3 493.87;3 340.81;2025.08.11 01:00:10;3 398.83;;;;cancelled
2025.08.01 16:30:01;Sell Stop;0.01;XAUUSD;3 270.23;3 286.61;3 169.88;2025.08.11 01:00:10;3 398.94;;;;cancelled
2025.08.01 16:30:01;Buy Stop;0.01;XAUUSD;3 438.01;3 421.63;3 538.36;2025.08.11 01:00:10;3 399.05;;;;cancelled
2025.08.07 17:00:00;Sell Stop;0.01;XAUUSD;3 351.43;3 420.36;3 339.73;2025.08.08 23:00:07;3 397.75;;;;cancelled
2025.08.06 12:00:00;Sell Stop;0.01;XAUUSD;3 352.05;3 374.95;3 337.59;2025.08.08 19:00:00;3 395.45;;;;cancelled
2025.08.06 08:15:00;Buy Stop;0.01;XAUUSD;3 437.14;3 414.24;3 451.60;2025.08.08 15:15:00;3 387.67;;;;cancelled
2025.08.06 23:00:07;Buy Stop;0.01;XAUUSD;3 434.19;3 331.27;3 458.65;2025.08.08 10:15:00;3 396.30;;;;cancelled
2025.08.06 01:00:10;Sell Stop;0.01;XAUUSD;3 270.23;3 293.13;3 255.77;2025.08.08 08:15:00;3 394.25;;;;cancelled
2025.08.07 12:00:00;Sell Stop;0.01;XAUUSD;3 352.04;3 494.34;3 340.77;2025.08.08 08:00:00;3 394.29;;;;cancelled
2025.08.06 11:00:00;Sell Stop;0.01;XAUUSD;3 351.43;3 420.22;3 339.75;2025.08.07 17:00:00;3 384.67;;;;cancelled
2025.08.06 16:00:00;Sell Stop;0.01;XAUUSD;3 352.04;3 494.05;3 340.79;2025.08.07 12:00:00;3 378.14;;;;cancelled
2025.08.07 10:15:08;Buy;0.01;XAUUSD;3 388.72;3 388.72;3 403.17;2025.08.07 11:05:30;3 388.60;-0.02;;-0.12;[sl]
2025.08.07 10:15:09;Buy;0.01;XAUUSD;3 388.89;3 390.02;3 400.03;2025.08.07 11:05:24;3 389.70;-0.02;;0.81;[sl]
2025.08.07 10:19:17;Buy;0.01;XAUUSD;3 389.66;3 390.05;3 408.44;2025.08.07 11:05:24;3 389.36;-0.02;;-0.30;[sl]
2025.08.07 10:15:09;Buy;0.01;XAUUSD;3 388.90;3 390.04;3 400.52;2025.08.07 11:05:24;3 389.37;-0.02;;0.47;[sl]
2025.08.06 13:05:00;Sell Stop;0.01;XAUUSD;3 270.22;3 412.23;3 258.97;2025.08.07 09:05:00;3 376.72;;;;cancelled
2025.08.05 12:00:00;Buy Stop;0.01;XAUUSD;3 434.20;3 331.60;3 458.59;2025.08.06 23:00:07;3 371.47;;;;cancelled
2025.08.04 04:45:00;Sell Stop;0.01;XAUUSD;3 270.01;3 298.48;3 251.66;2025.08.06 16:45:00;3 366.09;;;;cancelled
2025.08.05 07:15:00;Sell Stop;0.01;XAUUSD;3 269.60;3 338.17;3 257.96;2025.08.06 13:15:00;3 362.88;;;;cancelled
2025.08.05 17:05:00;Sell Stop;0.01;XAUUSD;3 270.21;3 411.77;3 259.00;2025.08.06 13:05:00;3 359.70;;;;cancelled
2025.08.04 01:00:01;Sell Stop;0.01;XAUUSD;3 270.18;3 292.51;3 256.08;2025.08.06 08:15:00;3 372.13;;;;cancelled
2025.08.04 01:00:01;Buy Stop;0.01;XAUUSD;3 437.18;3 414.85;3 451.28;2025.08.06 08:15:00;3 372.27;;;;cancelled
2025.08.05 17:46:32;Buy;0.01;XAUUSD;3 384.62;3 385.01;3 403.36;2025.08.05 19:16:43;3 384.92;-0.02;;0.30;[sl]
2025.08.05 17:44:31;Buy;0.01;XAUUSD;3 384.65;3 385.04;3 403.36;2025.08.05 19:16:41;3 385.03;-0.02;;0.38;[sl]
2025.08.05 17:40:05;Buy;0.01;XAUUSD;3 383.92;3 360.87;3 398.12;2025.08.05 17:41:00;3 382.02;-0.02;;-1.90;
2025.08.05 17:40:05;Buy;0.01;XAUUSD;3 383.92;3 315.26;3 395.47;2025.08.05 17:41:00;3 381.94;-0.02;;-1.98;
2025.08.04 21:05:00;Sell Stop;0.01;XAUUSD;3 270.17;3 408.64;3 259.20;2025.08.05 17:05:00;3 376.38;;;;cancelled
2025.08.04 01:00:00;Buy Stop;0.01;XAUUSD;3 434.31;3 333.96;3 458.16;2025.08.05 12:00:00;3 366.24;;;;cancelled
2025.08.04 01:00:01;Sell Stop;0.01;XAUUSD;3 269.57;3 336.64;3 258.18;2025.08.05 07:15:00;3 372.49;;;;cancelled
2025.08.01 16:30:01;Sell Stop;0.01;XAUUSD;3 249.47;3 265.85;3 182.30;2025.08.05 01:00:07;3 374.44;;;;cancelled
2025.08.04 01:00:01;Sell Stop;0.01;XAUUSD;3 270.17;3 408.64;3 259.20;2025.08.04 21:05:00;3 373.59;;;;cancelled
2025.08.01 16:30:02;Sell Stop;0.01;XAUUSD;3 270.01;3 298.37;3 251.74;2025.08.04 04:45:00;3 349.23;;;;cancelled
2025.08.01 16:30:02;Sell Stop;0.01;XAUUSD;3 270.17;3 292.41;3 256.13;2025.08.04 01:00:01;3 365.00;;;;cancelled
2025.08.01 16:30:02;Buy Stop;0.01;XAUUSD;3 437.19;3 414.95;3 451.23;2025.08.04 01:00:01;3 365.81;;;;cancelled
2025.08.01 16:30:01;Sell Stop;0.01;XAUUSD;3 269.57;3 336.37;3 258.23;2025.08.04 01:00:01;3 365.50;;;;cancelled
2025.08.01 16:30:01;Sell Stop;0.01;XAUUSD;3 270.16;3 408.06;3 259.24;2025.08.04 01:00:01;3 364.97;;;;cancelled
2025.08.01 16:30:01;Buy Stop;0.01;XAUUSD;3 434.32;3 334.38;3 458.08;2025.08.04 01:00:00;3 365.49;;;;cancelled
2025.08.01 01:00:09;Sell Stop;0.01;XAUUSD;3 270.16;3 408.06;3 259.24;2025.08.01 13:50:01;3 296.85;;;;cancelled
2025.07.31 23:00:08;Sell Stop;0.01;XAUUSD;3 270.04;3 298.83;3 251.48;2025.08.01 13:50:01;3 296.84;;;;cancelled
2025.07.31 20:00:00;Sell Stop;0.01;XAUUSD;3 270.20;3 292.78;3 255.94;2025.08.01 13:50:01;3 296.84;;;;cancelled
2025.07.31 19:00:00;Sell Stop;0.01;XAUUSD;3 269.59;3 337.42;3 258.07;2025.08.01 13:50:01;3 296.85;;;;cancelled
2025.07.30 19:00:00;Buy Stop;0.01;XAUUSD;3 333.37;3 304.68;3 351.86;2025.08.01 13:50:01;3 296.97;;;;cancelled
2025.07.30 13:15:00;Buy Stop;0.01;XAUUSD;3 438.06;3 409.37;3 456.55;2025.08.01 13:50:01;3 296.97;;;;cancelled
2025.07.30 08:15:00;Buy Stop;0.01;XAUUSD;3 437.17;3 414.67;3 451.38;2025.08.01 13:50:01;3 296.96;;;;cancelled
2025.07.28 01:00:03;Buy Stop;0.01;XAUUSD;3 436.64;3 424.85;3 492.23;2025.08.01 13:50:01;3 296.96;;;;cancelled
2025.07.22 17:00:00;Sell Stop;0.01;XAUUSD;3 250.33;3 262.05;3 195.06;2025.08.01 13:50:01;3 296.85;;;;cancelled
2025.08.01 10:00:00;Sell Stop;0.01;XAUUSD;3 270.23;3 286.61;3 169.88;2025.08.01 13:50:00;3 296.85;;;;cancelled
2025.07.31 23:15:00;Buy Stop;0.01;XAUUSD;3 434.25;3 332.77;3 458.37;2025.08.01 13:50:00;3 296.97;;;;cancelled
2025.07.29 01:00:08;Buy Stop;0.01;XAUUSD;3 436.01;3 419.42;3 504.01;2025.08.01 13:50:00;3 296.97;;;;cancelled
2025.07.24 17:00:00;Sell Stop;0.01;XAUUSD;3 249.52;3 266.68;3 179.17;2025.08.01 13:50:00;3 296.84;;;;cancelled
2025.07.24 14:00:00;Buy Stop;0.01;XAUUSD;3 437.97;3 420.81;3 543.07;2025.08.01 13:50:00;3 296.97;;;;cancelled
2025.07.30 12:15:00;Buy Stop;0.01;XAUUSD;3 434.27;3 333.16;3 458.30;2025.07.31 23:15:00;3 292.54;;;;cancelled
2025.07.30 13:05:00;Buy Stop;0.01;XAUUSD;3 437.24;3 297.73;3 448.29;2025.07.31 09:05:00;3 299.75;;;;cancelled
2025.07.30 21:50:00;Sell;0.01;XAUUSD;3 284.81;3 280.67;3 181.66;2025.07.31 02:31:06;3 280.73;-0.02;-0.11;4.08;[sl]
2025.07.30 16:31:38;Sell;0.01;XAUUSD;3 303.70;3 299.56;3 202.32;2025.07.30 20:16:55;3 299.60;-0.02;;4.10;[sl]
2025.07.30 16:31:38;Sell;0.01;XAUUSD;3 303.41;3 295.17;3 285.13;2025.07.30 19:15:23;3 295.20;-0.02;;8.21;[sl]
2025.07.30 16:31:38;Sell;0.01;XAUUSD;3 303.71;3 302.60;3 292.73;2025.07.30 18:21:57;3 292.73;-0.02;;10.98;[tp]
2025.07.30 16:31:38;Sell;0.01;XAUUSD;3 303.70;3 303.70;3 289.57;2025.07.30 17:00:36;3 303.72;-0.02;;-0.02;[sl]
2025.07.30 16:31:39;Sell;0.01;XAUUSD;3 303.00;3 301.98;3 291.70;2025.07.30 16:59:17;3 302.04;-0.02;;0.96;[sl]
2025.07.30 16:40:01;Sell;0.01;XAUUSD;3 303.35;3 443.29;3 292.73;2025.07.30 16:41:00;3 305.38;-0.02;;-2.03;
2025.07.30 16:37:02;Sell;0.01;XAUUSD;3 303.28;3 443.29;3 292.73;2025.07.30 16:38:00;3 304.99;-0.02;;-1.71;
2025.07.29 19:00:00;Sell Stop;0.01;XAUUSD;3 303.78;3 443.38;3 292.72;2025.07.30 15:00:00;3 330.82;;;;cancelled
2025.07.29 07:15:00;Buy Stop;0.01;XAUUSD;3 437.30;3 369.68;3 448.78;2025.07.30 13:15:00;3 330.01;;;;cancelled
2025.07.28 01:00:04;Buy Stop;0.01;XAUUSD;3 438.05;3 408.90;3 456.84;2025.07.30 13:15:00;3 330.12;;;;cancelled
2025.07.29 17:05:00;Buy Stop;0.01;XAUUSD;3 437.24;3 297.64;3 448.30;2025.07.30 13:05:00;3 332.06;;;;cancelled
2025.07.29 01:00:08;Buy Stop;0.01;XAUUSD;3 434.27;3 333.10;3 458.32;2025.07.30 12:15:00;3 332.67;;;;cancelled
2025.07.28 01:00:04;Buy Stop;0.01;XAUUSD;3 437.15;3 414.29;3 451.59;2025.07.30 08:15:00;3 327.03;;;;cancelled
2025.07.28 21:05:00;Buy Stop;0.01;XAUUSD;3 437.22;3 295.45;3 448.45;2025.07.29 17:05:00;3 313.25;;;;cancelled
2025.07.28 01:00:03;Buy Stop;0.01;XAUUSD;3 447.64;3 344.89;3 472.06;2025.07.29 12:15:00;3 324.42;;;;cancelled
2025.07.28 16:53:31;Sell;0.01;XAUUSD;3 311.73;3 328.38;3 209.61;2025.07.29 11:19:43;3 328.46;-0.02;-0.04;-16.73;[sl]
2025.07.28 01:00:04;Buy Stop;0.01;XAUUSD;3 437.28;3 368.61;3 448.94;2025.07.29 07:15:00;3 313.19;;;;cancelled
2025.07.24 17:00:00;Buy Stop;0.01;XAUUSD;3 449.35;3 432.19;3 519.70;2025.07.29 01:00:08;3 315.20;;;;cancelled
2025.07.28 01:00:03;Buy Stop;0.01;XAUUSD;3 437.22;3 295.45;3 448.45;2025.07.28 21:05:00;3 310.79;;;;cancelled
2025.07.28 16:53:31;Sell;0.01;XAUUSD;3 311.90;3 311.90;3 297.47;2025.07.28 17:26:59;3 312.12;-0.02;;-0.22;[sl]
2025.07.25 15:15:00;Sell Stop;0.01;XAUUSD;3 311.92;3 334.92;3 297.39;2025.07.28 01:00:04;3 319.39;;;;cancelled
2025.07.25 05:15:00;Buy Stop;0.01;XAUUSD;3 437.27;3 368.18;3 449.00;2025.07.28 01:00:04;3 318.73;;;;cancelled
2025.07.24 04:00:00;Buy Stop;0.01;XAUUSD;3 438.04;3 408.34;3 457.18;2025.07.28 01:00:04;3 319.77;;;;cancelled
2025.07.24 01:00:08;Buy Stop;0.01;XAUUSD;3 437.11;3 413.82;3 451.82;2025.07.28 01:00:04;3 319.51;;;;cancelled
2025.07.23 16:00:00;Sell Stop;0.01;XAUUSD;3 311.75;3 341.15;3 292.80;2025.07.28 01:00:04;3 318.56;;;;cancelled
2025.07.25 21:05:00;Buy Stop;0.01;XAUUSD;3 437.21;3 294.58;3 448.51;2025.07.28 01:00:03;3 318.55;;;;cancelled
2025.07.25 10:15:00;Buy Stop;0.01;XAUUSD;3 447.61;3 344.24;3 472.18;2025.07.28 01:00:03;3 318.55;;;;cancelled
2025.07.25 05:05:00;Sell Stop;0.01;XAUUSD;3 311.91;3 454.54;3 300.61;2025.07.28 01:00:03;3 317.77;;;;cancelled
2025.07.18 22:00:00;Sell Stop;0.01;XAUUSD;3 284.81;3 301.55;3 182.26;2025.07.28 01:00:03;3 317.77;;;;cancelled
2025.07.25 01:00:10;Buy Stop;0.01;XAUUSD;3 437.21;3 294.58;3 448.51;2025.07.25 21:05:00;3 336.78;;;;cancelled
2025.07.23 08:15:00;Sell Stop;0.01;XAUUSD;3 311.92;3 334.98;3 297.36;2025.07.25 15:15:00;3 342.02;;;;cancelled
2025.07.23 23:15:00;Buy Stop;0.01;XAUUSD;3 447.60;3 343.97;3 472.23;2025.07.25 10:15:00;3 357.74;;;;cancelled
2025.07.23 23:00:09;Buy Stop;0.01;XAUUSD;3 437.26;3 368.00;3 449.02;2025.07.25 05:15:00;3 366.30;;;;cancelled
2025.07.24 09:05:00;Sell Stop;0.01;XAUUSD;3 311.93;3 456.35;3 300.49;2025.07.25 05:05:00;3 368.92;;;;cancelled
2025.07.24 05:00:00;Buy Stop;0.01;XAUUSD;3 437.19;3 292.77;3 448.63;2025.07.25 01:00:10;3 368.85;;;;cancelled
2025.07.23 13:15:00;Sell Stop;0.01;XAUUSD;3 311.30;3 380.56;3 299.54;2025.07.24 19:15:01;3 371.36;;;;cancelled
2025.07.04 16:38:15;Sell Stop;0.01;XAUUSD;3 249.50;3 266.29;3 180.66;2025.07.24 17:00:00;3 366.61;;;;cancelled
2025.07.04 16:38:14;Buy Stop;0.01;XAUUSD;3 449.42;3 432.63;3 518.26;2025.07.24 17:00:00;3 366.85;;;;cancelled
2025.07.23 13:05:00;Sell Stop;0.01;XAUUSD;3 311.91;3 454.90;3 300.58;2025.07.24 09:05:00;3 378.00;;;;cancelled
2025.07.22 12:15:00;Buy Stop;0.01;XAUUSD;3 447.66;3 345.49;3 471.95;2025.07.23 23:15:00;3 389.39;;;;cancelled
2025.07.21 14:44:31;Buy;0.01;XAUUSD;3 374.15;3 409.93;3 476.56;2025.07.23 16:23:10;3 408.90;-0.02;-0.32;34.75;[sl]
2025.07.21 04:00:00;Sell Stop;0.01;XAUUSD;3 311.72;3 340.64;3 293.08;2025.07.23 16:00:00;3 419.96;;;;cancelled
2025.07.22 07:15:00;Sell Stop;0.01;XAUUSD;3 311.28;3 379.56;3 299.68;2025.07.23 13:15:00;3 424.80;;;;cancelled
2025.07.22 17:05:00;Sell Stop;0.01;XAUUSD;3 311.88;3 452.85;3 300.71;2025.07.23 13:05:00;3 427.88;;;;cancelled
2025.07.21 01:00:39;Sell Stop;0.01;XAUUSD;3 311.89;3 334.57;3 297.57;2025.07.23 08:15:00;3 421.61;;;;cancelled
2025.07.21 21:05:00;Sell Stop;0.01;XAUUSD;3 311.88;3 452.52;3 300.74;2025.07.22 17:05:00;3 411.00;;;;cancelled
2025.07.04 16:38:15;Sell Stop;0.01;XAUUSD;3 250.33;3 262.08;3 194.93;2025.07.22 17:00:00;3 412.38;;;;cancelled
2025.07.21 01:00:37;Buy Stop;0.01;XAUUSD;3 447.67;3 345.74;3 471.90;2025.07.22 12:15:00;3 389.14;;;;cancelled
2025.07.21 01:00:39;Sell Stop;0.01;XAUUSD;3 311.27;3 379.39;3 299.70;2025.07.22 07:15:00;3 390.56;;;;cancelled
2025.07.22 01:34:16;Balance;;;;;;;;;;110.56;
2025.07.21 01:00:38;Sell Stop;0.01;XAUUSD;3 311.88;3 452.52;3 300.74;2025.07.21 21:05:00;3 394.25;;;;cancelled
2025.07.21 14:59:05;Buy;0.01;XAUUSD;3 375.38;3 386.28;3 430.46;2025.07.21 17:02:03;3 386.16;-0.02;;10.78;[sl]
2025.07.21 15:17:06;Buy;0.01;XAUUSD;3 376.75;3 388.98;3 395.36;2025.07.21 16:54:00;3 388.96;-0.02;;12.21;[sl]
2025.07.21 15:01:11;Buy;0.01;XAUUSD;3 376.93;3 388.98;3 395.36;2025.07.21 16:54:00;3 388.96;-0.02;;12.03;[sl]
2025.07.21 15:00:21;Buy;0.01;XAUUSD;3 375.84;3 375.84;3 390.14;2025.07.21 16:45:50;3 390.14;-0.02;;14.30;[tp]
2025.07.21 15:00:31;Buy;0.01;XAUUSD;3 375.96;3 380.64;3 387.52;2025.07.21 15:50:29;3 387.52;-0.02;;11.56;[tp]
2025.07.21 15:00:22;Buy;0.01;XAUUSD;3 375.91;3 377.02;3 387.03;2025.07.21 15:43:19;3 387.03;-0.02;;11.12;[tp]
2025.07.18 16:00:00;Sell Stop;0.01;XAUUSD;3 311.73;3 340.71;3 293.06;2025.07.21 04:00:00;3 352.10;;;;cancelled
2025.07.18 13:00:00;Sell Stop;0.01;XAUUSD;3 311.89;3 334.61;3 297.54;2025.07.21 01:00:39;3 350.26;;;;cancelled
2025.07.17 19:00:00;Buy Stop;0.01;XAUUSD;3 376.72;3 347.95;3 395.26;2025.07.21 01:00:39;3 350.74;;;;cancelled
2025.07.17 16:00:00;Buy Stop;0.01;XAUUSD;3 375.83;3 353.27;3 390.08;2025.07.21 01:00:39;3 350.39;;;;cancelled
2025.07.16 13:15:00;Sell Stop;0.01;XAUUSD;3 284.59;3 313.53;3 265.94;2025.07.21 01:00:39;3 350.10;;;;cancelled
2025.07.04 16:38:15;Buy Stop;0.01;XAUUSD;3 450.09;3 438.34;3 505.49;2025.07.21 01:00:39;3 350.35;;;;cancelled
2025.07.18 21:00:00;Buy Stop;0.01;XAUUSD;3 375.94;3 307.68;3 387.53;2025.07.21 01:00:38;3 350.50;;;;cancelled
2025.07.18 17:00:00;Sell Stop;0.01;XAUUSD;3 311.88;3 452.79;3 300.72;2025.07.21 01:00:38;3 350.10;;;;cancelled
2025.07.18 16:00:00;Buy Stop;0.01;XAUUSD;3 375.89;3 234.98;3 387.05;2025.07.21 01:00:38;3 350.50;;;;cancelled
2025.07.18 12:00:00;Sell Stop;0.01;XAUUSD;3 311.28;3 379.54;3 299.69;2025.07.21 01:00:38;3 350.10;;;;cancelled
2025.07.11 19:00:00;Buy Stop;0.01;XAUUSD;3 395.84;3 379.27;3 497.31;2025.07.21 01:00:38;3 350.74;;;;cancelled
2025.07.18 10:15:00;Buy Stop;0.01;XAUUSD;3 447.67;3 345.54;3 471.95;2025.07.21 01:00:37;3 350.74;;;;cancelled
2025.07.10 22:00:00;Sell Stop;0.01;XAUUSD;3 284.78;3 301.29;3 183.64;2025.07.18 22:00:00;3 351.24;;;;cancelled
2025.07.17 15:00:00;Buy Stop;0.01;XAUUSD;3 375.96;3 308.19;3 387.47;2025.07.18 21:00:00;3 352.49;;;;cancelled
2025.07.17 20:00:00;Buy Stop;0.01;XAUUSD;3 375.90;3 235.99;3 386.98;2025.07.18 16:00:00;3 360.14;;;;cancelled
2025.07.16 08:15:00;Sell Stop;0.01;XAUUSD;3 284.75;3 307.44;3 270.42;2025.07.18 15:15:00;3 359.36;;;;cancelled
2025.07.16 23:15:00;Buy Stop;0.01;XAUUSD;3 447.67;3 345.67;3 471.92;2025.07.18 10:15:00;3 344.12;;;;cancelled
2025.07.17 09:10:00;Sell Stop;0.01;XAUUSD;3 284.73;3 424.64;3 273.65;2025.07.18 05:10:00;3 340.70;;;;cancelled
2025.07.17 15:30:32;Sell;0.01;XAUUSD;3 321.56;3 321.56;3 307.38;2025.07.17 16:57:38;3 321.62;-0.02;;-0.06;[sl]
2025.07.17 15:30:34;Sell;0.01;XAUUSD;3 320.98;3 316.89;3 309.51;2025.07.17 16:14:52;3 317.01;-0.02;;3.97;[sl]
2025.07.16 13:10:00;Sell Stop;0.01;XAUUSD;3 284.74;3 425.47;3 273.59;2025.07.17 09:10:00;3 335.57;;;;cancelled
2025.07.15 12:15:00;Buy Stop;0.01;XAUUSD;3 447.65;3 345.10;3 472.03;2025.07.16 23:15:00;3 349.03;;;;cancelled
2025.07.16 18:30:22;Buy;0.01;XAUUSD;3 373.59;3 305.30;3 385.02;2025.07.16 18:45:01;3 360.30;-0.02;;-13.29;
2025.07.16 18:30:24;Buy;0.01;XAUUSD;3 374.35;3 345.29;3 392.95;2025.07.16 18:45:01;3 360.19;-0.02;;-14.16;
2025.07.16 18:30:22;Buy;0.01;XAUUSD;3 373.40;3 350.59;3 387.71;2025.07.16 18:45:01;3 360.20;-0.02;;-13.20;
2025.07.16 18:30:22;Buy;0.01;XAUUSD;3 373.54;3 232.69;3 384.53;2025.07.16 18:45:00;3 360.18;-0.02;;-13.36;
2025.07.16 18:30:24;Buy;0.01;XAUUSD;3 374.16;3 357.33;3 477.11;2025.07.16 18:45:00;3 360.30;-0.02;;-13.86;
2025.07.16 17:32:25;Sell;0.01;XAUUSD;3 322.21;3 343.32;3 307.91;2025.07.16 17:45:00;3 325.49;-0.02;;-3.28;
2025.07.16 17:33:00;Sell;0.01;XAUUSD;3 321.16;3 389.45;3 310.04;2025.07.16 17:45:00;3 325.48;-0.02;;-4.32;
2025.07.16 17:17:06;Sell;0.01;XAUUSD;3 322.10;3 344.93;3 307.91;2025.07.16 17:18:00;3 322.82;-0.02;;-0.72;
2025.07.15 07:15:00;Sell Stop;0.01;XAUUSD;3 284.14;3 352.68;3 272.50;2025.07.16 13:15:00;3 338.12;;;;cancelled
2025.07.15 07:00:01;Buy Stop;0.01;XAUUSD;3 373.43;3 304.89;3 385.07;2025.07.16 13:15:00;3 338.22;;;;cancelled
2025.07.14 01:00:05;Sell Stop;0.01;XAUUSD;3 284.57;3 313.34;3 266.03;2025.07.16 13:15:00;3 337.96;;;;cancelled
2025.07.15 17:10:00;Sell Stop;0.01;XAUUSD;3 284.75;3 426.25;3 273.54;2025.07.16 13:10:00;3 338.62;;;;cancelled
2025.07.14 01:00:05;Sell Stop;0.01;XAUUSD;3 284.74;3 307.30;3 270.49;2025.07.16 08:15:00;3 338.78;;;;cancelled
2025.07.15 12:00:00;Buy Stop;0.01;XAUUSD;3 373.37;3 231.87;3 384.58;2025.07.16 08:00:00;3 338.41;;;;cancelled
2025.07.14 21:05:01;Sell Stop;0.01;XAUUSD;3 284.73;3 424.62;3 273.65;2025.07.15 17:10:00;3 346.54;;;;cancelled
2025.07.14 01:00:04;Buy Stop;0.01;XAUUSD;3 447.70;3 346.31;3 471.80;2025.07.15 12:15:00;3 363.33;;;;cancelled
2025.07.14 01:00:05;Sell Stop;0.01;XAUUSD;3 284.13;3 351.89;3 272.62;2025.07.15 07:15:00;3 360.90;;;;cancelled
2025.07.14 01:00:04;Sell Stop;0.01;XAUUSD;3 284.73;3 424.62;3 273.65;2025.07.14 21:05:01;3 350.36;;;;cancelled
2025.07.11 13:26:59;Buy;0.01;XAUUSD;3 344.95;3 349.11;3 447.22;2025.07.14 16:00:38;3 348.08;-0.02;-0.16;3.13;[sl]
2025.07.11 18:08:01;Buy;0.01;XAUUSD;3 365.05;3 348.42;3 467.74;2025.07.14 16:00:38;3 348.08;-0.02;-0.16;-16.97;[sl]
2025.07.10 12:00:00;Sell Stop;0.01;XAUUSD;3 284.56;3 313.14;3 266.14;2025.07.14 01:00:05;3 362.41;;;;cancelled
2025.07.10 09:00:00;Sell Stop;0.01;XAUUSD;3 284.73;3 307.14;3 270.58;2025.07.14 01:00:05;3 362.72;;;;cancelled
2025.07.04 16:38:14;Sell Stop;0.01;XAUUSD;3 250.42;3 267.21;3 147.59;2025.07.14 01:00:05;3 363.05;;;;cancelled
2025.07.11 14:00:00;Sell Stop;0.01;XAUUSD;3 284.12;3 351.66;3 272.65;2025.07.14 01:00:04;3 362.41;;;;cancelled
2025.07.11 10:15:00;Buy Stop;0.01;XAUUSD;3 447.71;3 346.65;3 471.73;2025.07.14 01:00:04;3 362.52;;;;cancelled
2025.07.11 09:00:00;Sell Stop;0.01;XAUUSD;3 284.72;3 424.16;3 273.68;2025.07.14 01:00:04;3 362.49;;;;cancelled
2025.07.11 18:05:20;Buy;0.01;XAUUSD;3 364.13;3 364.13;3 378.29;2025.07.11 18:31:46;3 364.07;-0.02;;-0.06;[sl]
2025.07.09 11:15:00;Sell Stop;0.01;XAUUSD;3 250.35;3 273.01;3 236.04;2025.07.11 18:15:00;3 365.19;;;;cancelled
2025.07.11 13:25:36;Buy;0.01;XAUUSD;3 344.32;3 345.42;3 355.20;2025.07.11 15:14:33;3 345.36;-0.02;;1.04;[sl]
2025.07.11 13:27:00;Buy;0.01;XAUUSD;3 345.01;3 345.39;3 363.62;2025.07.11 15:14:33;3 345.36;-0.02;;0.35;[sl]
2025.07.11 13:25:36;Buy;0.01;XAUUSD;3 344.32;3 344.32;3 358.31;2025.07.11 14:07:22;3 344.21;-0.02;;-0.11;[sl]
2025.07.10 08:00:00;Sell Stop;0.01;XAUUSD;3 284.12;3 351.44;3 272.69;2025.07.11 14:00:00;3 345.08;;;;cancelled
2025.07.11 13:25:36;Buy;0.01;XAUUSD;3 344.32;3 345.34;3 355.71;2025.07.11 13:57:14;3 345.33;-0.02;;1.01;[sl]
2025.07.09 23:15:00;Buy Stop;0.01;XAUUSD;3 447.68;3 345.82;3 471.89;2025.07.11 10:15:00;3 333.87;;;;cancelled
2025.07.10 13:00:00;Sell Stop;0.01;XAUUSD;3 284.72;3 423.70;3 273.71;2025.07.11 09:00:00;3 334.04;;;;cancelled
2025.07.10 03:00:00;Buy Stop;0.01;XAUUSD;3 344.25;3 276.93;3 355.68;2025.07.11 09:00:00;3 334.14;;;;cancelled
2025.07.08 22:00:00;Buy Stop;0.01;XAUUSD;3 344.10;3 321.46;3 358.40;2025.07.11 05:00:00;3 329.70;;;;cancelled
2025.07.09 23:00:02;Buy Stop;0.01;XAUUSD;3 344.17;3 203.63;3 355.30;2025.07.10 19:05:00;3 319.23;;;;cancelled
2025.07.08 21:00:00;Buy Stop;0.01;XAUUSD;3 344.23;3 276.22;3 355.78;2025.07.10 03:00:00;3 317.57;;;;cancelled
2025.07.08 12:15:00;Buy Stop;0.01;XAUUSD;3 447.68;3 345.93;3 471.87;2025.07.09 23:15:00;3 313.72;;;;cancelled
2025.07.09 03:00:00;Buy Stop;0.01;XAUUSD;3 344.17;3 203.63;3 355.30;2025.07.09 23:00:02;3 315.69;;;;cancelled
2025.07.07 04:45:00;Buy Stop;0.01;XAUUSD;3 364.98;3 336.20;3 383.53;2025.07.09 16:45:00;3 296.29;;;;cancelled
2025.07.07 04:15:00;Sell Stop;0.01;XAUUSD;3 250.17;3 278.95;3 231.62;2025.07.09 16:15:00;3 298.02;;;;cancelled
2025.07.08 07:15:01;Buy Stop;0.01;XAUUSD;3 364.21;3 296.20;3 375.76;2025.07.09 13:30:00;3 290.30;;;;cancelled
2025.07.08 17:05:00;Buy Stop;0.01;XAUUSD;3 364.15;3 223.75;3 375.27;2025.07.09 13:05:00;3 291.49;;;;cancelled
2025.07.07 04:15:00;Sell Stop;0.01;XAUUSD;3 250.34;3 272.91;3 236.09;2025.07.09 11:15:00;3 289.11;;;;cancelled
2025.07.07 01:00:11;Buy Stop;0.01;XAUUSD;3 364.09;3 341.52;3 378.34;2025.07.09 08:15:00;3 296.41;;;;cancelled
2025.07.08 01:00:06;Sell Stop;0.01;XAUUSD;3 250.34;3 390.74;3 239.22;2025.07.08 21:05:00;3 307.30;;;;cancelled
2025.07.08 17:37:21;Sell;0.01;XAUUSD;3 298.31;3 297.93;3 279.71;2025.07.08 18:31:10;3 297.95;-0.02;;0.36;[sl]
2025.07.08 17:37:24;Sell;0.01;XAUUSD;3 297.76;3 295.68;3 286.32;2025.07.08 18:18:02;3 295.69;-0.02;;2.07;[sl]
2025.07.08 17:42:10;Sell;0.01;XAUUSD;3 298.47;3 297.36;3 287.36;2025.07.08 18:11:42;3 287.36;-0.02;;11.11;[tp]
2025.07.08 17:37:20;Sell;0.01;XAUUSD;3 298.45;3 297.34;3 287.36;2025.07.08 18:11:42;3 287.36;-0.02;;11.09;[tp]
2025.07.08 17:37:20;Sell;0.01;XAUUSD;3 298.44;3 298.44;3 284.19;2025.07.08 18:02:18;3 298.44;-0.02;;0.00;[sl]
2025.07.07 21:05:00;Buy Stop;0.01;XAUUSD;3 364.16;3 224.20;3 375.25;2025.07.08 17:05:00;3 312.14;;;;cancelled
2025.07.07 01:00:10;Buy Stop;0.01;XAUUSD;3 447.70;3 346.26;3 471.81;2025.07.08 12:15:00;3 324.56;;;;cancelled
2025.07.07 01:00:11;Buy Stop;0.01;XAUUSD;3 364.22;3 296.43;3 375.73;2025.07.08 07:15:01;3 331.03;;;;cancelled
2025.07.07 04:15:00;Sell Stop;0.01;XAUUSD;3 250.33;3 390.29;3 239.24;2025.07.08 01:00:06;3 339.52;;;;cancelled
2025.07.07 01:00:10;Buy Stop;0.01;XAUUSD;3 364.16;3 224.20;3 375.25;2025.07.07 21:05:00;3 330.76;;;;cancelled
2025.07.04 16:38:16;Buy Stop;0.01;XAUUSD;3 364.98;3 335.92;3 383.71;2025.07.07 04:45:00;3 317.25;;;;cancelled
2025.07.07 04:12:08;Sell;0.01;XAUUSD;3 313.54;3 313.54;3 299.36;2025.07.07 04:31:07;3 313.56;-0.02;;-0.02;[sl]
2025.07.07 04:12:24;Sell;0.01;XAUUSD;3 313.35;3 312.97;3 294.73;2025.07.07 04:26:40;3 313.26;-0.02;;0.09;[sl]
2025.07.07 04:12:08;Sell;0.01;XAUUSD;3 313.54;3 312.43;3 302.51;2025.07.07 04:26:26;3 312.44;-0.02;;1.10;[sl]
2025.07.07 04:12:30;Sell;0.01;XAUUSD;3 312.55;3 311.53;3 301.49;2025.07.07 04:24:34;3 311.60;-0.02;;0.95;[sl]
2025.07.04 16:38:17;Sell Stop;0.01;XAUUSD;3 313.63;3 336.42;3 299.24;2025.07.07 01:00:11;3 336.49;;;;cancelled
2025.07.04 16:38:17;Buy Stop;0.01;XAUUSD;3 364.07;3 341.28;3 378.46;2025.07.07 01:00:11;3 336.62;;;;cancelled
2025.07.04 16:38:16;Buy Stop;0.01;XAUUSD;3 364.20;3 295.75;3 375.82;2025.07.07 01:00:11;3 336.68;;;;cancelled
2025.07.04 17:00:00;Sell Stop;0.01;XAUUSD;3 313.62;3 454.93;3 302.43;2025.07.07 01:00:10;3 336.51;;;;cancelled
2025.07.04 16:38:16;Sell Stop;0.01;XAUUSD;3 313.01;3 381.46;3 301.39;2025.07.07 01:00:10;3 336.55;;;;cancelled
2025.07.04 16:38:16;Sell Stop;0.01;XAUUSD;3 250.35;3 391.66;3 239.16;2025.07.07 01:00:10;3 336.61;;;;cancelled
2025.07.04 16:38:15;Buy Stop;0.01;XAUUSD;3 364.14;3 222.83;3 375.33;2025.07.07 01:00:10;3 336.74;;;;cancelled
2025.07.04 16:38:13;Buy Stop;0.01;XAUUSD;3 447.65;3 345.24;3 471.99;2025.07.07 01:00:10;3 336.68;;;;cancelled
2025.07.06 03:42:56;Balance;;;;;;;;;;-100.00;
2025.07.04 16:00:00;Sell Stop;0.01;XAUUSD;3 313.46;3 342.52;3 294.73;2025.07.04 16:37:02;3 334.76;;;;cancelled
2025.07.04 14:00:00;Buy Stop;0.01;XAUUSD;3 364.91;3 348.12;3 467.74;2025.07.04 16:37:01;3 334.98;;;;cancelled
2025.07.04 13:00:00;Sell Stop;0.01;XAUUSD;3 313.63;3 336.42;3 299.24;2025.07.04 16:37:01;3 334.84;;;;cancelled
2025.07.04 12:00:00;Sell Stop;0.01;XAUUSD;3 313.01;3 381.46;3 301.39;2025.07.04 16:37:00;3 334.85;;;;cancelled
2025.07.04 11:05:00;Sell Stop;0.01;XAUUSD;3 250.35;3 391.66;3 239.16;2025.07.04 16:36:57;3 334.85;;;;cancelled
2025.07.04 10:15:00;Buy Stop;0.01;XAUUSD;3 447.65;3 345.24;3 471.99;2025.07.04 16:36:56;3 334.98;;;;cancelled
2025.07.04 03:00:00;Buy Stop;0.01;XAUUSD;3 364.14;3 222.83;3 375.33;2025.07.04 16:36:56;3 335.00;;;;cancelled
2025.07.04 02:00:00;Buy Stop;0.01;XAUUSD;3 364.98;3 335.92;3 383.71;2025.07.04 16:36:55;3 335.03;;;;cancelled
2025.07.04 02:00:00;Sell Stop;0.01;XAUUSD;3 249.50;3 266.29;3 180.66;2025.07.04 16:36:55;3 334.82;;;;cancelled
2025.07.03 22:00:00;Buy Stop;0.01;XAUUSD;3 364.08;3 341.43;3 378.39;2025.07.04 16:36:54;3 334.97;;;;cancelled
2025.07.03 21:15:03;Buy Stop;0.01;XAUUSD;3 395.00;3 372.35;3 409.31;2025.07.04 16:36:54;3 334.97;;;;cancelled
2025.07.03 21:00:00;Buy Stop;0.01;XAUUSD;3 364.21;3 296.15;3 375.77;2025.07.04 16:36:53;3 334.98;;;;cancelled
2025.07.03 14:00:00;Sell Stop;0.01;XAUUSD;3 250.18;3 279.07;3 231.56;2025.07.04 16:36:52;3 334.84;;;;cancelled
2025.07.03 05:00:00;Sell Stop;0.01;XAUUSD;3 250.35;3 273.00;3 236.04;2025.07.04 16:36:52;3 334.84;;;;cancelled
2025.07.03 02:00:01;Sell Stop;0.01;XAUUSD;3 250.32;3 262.00;3 195.23;2025.07.04 16:36:51;3 334.84;;;;cancelled
2025.07.02 14:00:00;Buy Stop;0.01;XAUUSD;3 395.84;3 379.32;3 497.02;2025.07.04 16:36:51;3 334.97;;;;cancelled
2025.07.01 14:00:00;Sell Stop;0.01;XAUUSD;3 250.37;3 266.73;3 150.16;2025.07.04 16:36:50;3 334.91;;;;cancelled
2025.06.20 02:00:00;Buy Stop;0.01;XAUUSD;3 449.41;3 432.56;3 518.49;2025.07.04 16:36:50;3 335.02;;;;cancelled
2025.06.19 02:00:00;Buy Stop;0.01;XAUUSD;3 450.06;3 438.19;3 506.04;2025.07.04 16:36:49;3 335.08;;;;cancelled
2025.07.03 09:00:00;Sell Stop;0.01;XAUUSD;3 249.73;3 317.79;3 238.17;2025.07.04 15:00:00;3 334.74;;;;cancelled
2025.07.03 15:05:00;Sell Stop;0.01;XAUUSD;3 250.34;3 390.84;3 239.21;2025.07.04 11:05:00;3 343.93;;;;cancelled
2025.07.02 23:15:00;Buy Stop;0.01;XAUUSD;3 447.73;3 346.96;3 471.68;2025.07.04 10:15:00;3 339.13;;;;cancelled
2025.06.26 17:00:00;Sell Stop;0.01;XAUUSD;3 121.82;3 138.44;3 053.67;2025.07.04 02:00:00;3 329.12;;;;cancelled
2025.07.01 14:15:00;Buy Stop;0.01;XAUUSD;3 395.03;3 372.83;3 409.05;2025.07.03 21:15:03;3 328.47;;;;cancelled
2025.07.02 19:05:00;Sell Stop;0.01;XAUUSD;3 250.32;3 389.36;3 239.31;2025.07.03 15:05:00;3 345.35;;;;cancelled
2025.07.01 02:00:00;Sell Stop;0.01;XAUUSD;3 250.14;3 278.46;3 231.89;2025.07.03 14:00:00;3 353.02;;;;cancelled
2025.07.02 03:00:00;Sell Stop;0.01;XAUUSD;3 249.72;3 317.07;3 238.28;2025.07.03 09:00:00;3 359.28;;;;cancelled
2025.06.30 22:00:00;Sell Stop;0.01;XAUUSD;3 250.34;3 272.92;3 236.08;2025.07.03 05:00:00;3 345.98;;;;cancelled
2025.07.02 22:40:45;Buy;0.01;XAUUSD;3 356.35;3 357.46;3 367.36;2025.07.03 02:01:50;3 357.17;-0.02;-0.49;0.82;[sl]
2025.07.02 22:30:07;Buy;0.01;XAUUSD;3 356.38;3 357.49;3 367.36;2025.07.03 02:01:50;3 357.17;-0.02;-0.49;0.79;[sl]
2025.07.02 22:52:25;Buy;0.01;XAUUSD;3 357.36;3 357.75;3 375.60;2025.07.03 02:01:50;3 357.18;-0.02;-0.49;-0.18;[sl]
2025.07.02 22:04:58;Buy;0.01;XAUUSD;3 356.36;3 357.47;3 367.36;2025.07.03 02:01:50;3 357.17;-0.02;-0.49;0.81;[sl]
2025.07.02 22:08:48;Buy;0.01;XAUUSD;3 357.18;3 357.57;3 375.60;2025.07.03 02:01:50;3 357.17;-0.02;-0.49;-0.01;[sl]
2025.07.02 22:04:58;Buy;0.01;XAUUSD;3 356.45;3 358.56;3 367.85;2025.07.03 02:01:48;3 358.35;-0.02;-0.49;1.90;[sl]
2025.07.02 22:30:05;Buy;0.01;XAUUSD;3 356.31;3 356.31;3 370.44;2025.07.02 23:43:35;3 356.31;-0.02;;0.00;[sl]
2025.07.02 22:04:51;Buy;0.01;XAUUSD;3 356.33;3 356.33;3 370.44;2025.07.02 23:43:34;3 356.32;-0.02;;-0.01;[sl]
2025.07.01 12:15:00;Buy Stop;0.01;XAUUSD;3 447.77;3 347.96;3 471.49;2025.07.02 23:15:00;3 358.84;;;;cancelled
2025.07.02 22:27:12;Buy;0.01;XAUUSD;3 356.39;3 217.31;3 367.36;2025.07.02 22:31:00;3 356.75;-0.02;;0.36;
2025.07.02 22:20:58;Buy;0.01;XAUUSD;3 356.36;3 217.31;3 367.36;2025.07.02 22:30:01;3 356.09;-0.02;;-0.27;
2025.07.02 22:15:02;Buy;0.01;XAUUSD;3 356.31;3 333.86;3 370.44;2025.07.02 22:30:01;3 356.09;-0.02;;-0.22;
2025.07.02 22:15:12;Buy;0.01;XAUUSD;3 356.36;3 217.31;3 367.36;2025.07.02 22:30:00;3 356.10;-0.02;;-0.26;
2025.07.01 23:00:05;Sell Stop;0.01;XAUUSD;3 250.30;3 388.01;3 239.39;2025.07.02 19:05:00;3 344.31;;;;cancelled
2025.06.24 14:00:00;Buy Stop;0.01;XAUUSD;3 395.82;3 378.86;3 499.68;2025.07.02 14:00:00;3 344.53;;;;cancelled
2025.07.01 13:54:24;Buy;0.01;XAUUSD;3 349.58;3 333.10;3 451.66;2025.07.02 04:25:14;3 333.10;-0.02;-0.16;-16.48;[sl]
2025.06.30 21:00:00;Sell Stop;0.01;XAUUSD;3 249.73;3 317.57;3 238.21;2025.07.02 03:00:00;3 338.18;;;;cancelled
2025.07.01 03:00:00;Sell Stop;0.01;XAUUSD;3 250.30;3 388.01;3 239.39;2025.07.01 23:00:05;3 337.81;;;;cancelled
2025.07.01 13:47:45;Buy;0.01;XAUUSD;3 348.88;3 349.97;3 359.87;2025.07.01 16:07:36;3 349.94;-0.02;;1.06;[sl]
2025.07.01 13:54:27;Buy;0.01;XAUUSD;3 349.60;3 349.98;3 368.16;2025.07.01 16:07:36;3 349.94;-0.02;;0.34;[sl]
2025.07.01 14:03:00;Buy;0.01;XAUUSD;3 349.71;3 350.09;3 367.86;2025.07.01 15:31:23;3 350.00;-0.02;;0.29;[sl]
2025.07.01 13:47:44;Buy;0.01;XAUUSD;3 348.74;3 348.74;3 362.75;2025.07.01 14:35:04;3 348.62;-0.02;;-0.12;[sl]
2025.07.01 13:47:45;Buy;0.01;XAUUSD;3 348.88;3 349.89;3 360.19;2025.07.01 14:34:53;3 349.86;-0.02;;0.98;[sl]
2025.07.01 13:50:03;Buy;0.01;XAUUSD;3 348.82;3 211.09;3 359.71;2025.07.01 13:51:00;3 348.55;-0.02;;-0.27;
2025.07.01 13:17:56;Buy;0.01;XAUUSD;3 348.72;3 326.40;3 362.97;2025.07.01 13:30:00;3 346.78;-0.02;;-1.94;
2025.06.30 01:00:01;Buy Stop;0.01;XAUUSD;3 447.69;3 346.18;3 471.82;2025.07.01 12:15:00;3 340.32;;;;cancelled
2025.06.30 01:00:01;Buy Stop;0.01;XAUUSD;3 348.83;3 280.99;3 360.35;2025.07.01 07:15:00;3 321.61;;;;cancelled
2025.06.30 01:00:01;Buy Stop;0.01;XAUUSD;3 348.78;3 208.72;3 359.87;2025.06.30 21:05:00;3 294.50;;;;cancelled
2025.06.27 06:45:39;Sell;0.01;XAUUSD;3 297.41;3 276.71;3 195.72;2025.06.30 05:00:58;3 276.91;-0.02;-0.04;20.50;[sl]
2025.06.27 06:50:11;Sell;0.01;XAUUSD;3 295.70;3 276.63;3 191.84;2025.06.30 05:00:52;3 276.64;-0.02;-0.04;19.06;[sl]
2025.06.27 09:00:00;Buy Stop;0.01;XAUUSD;3 348.70;3 326.07;3 362.99;2025.06.30 01:00:02;3 273.21;;;;cancelled
2025.06.26 05:00:00;Buy Stop;0.01;XAUUSD;3 395.01;3 372.45;3 409.26;2025.06.30 01:00:02;3 272.87;;;;cancelled
2025.06.27 13:00:00;Buy Stop;0.01;XAUUSD;3 348.77;3 208.44;3 359.89;2025.06.30 01:00:01;3 273.10;;;;cancelled
2025.06.27 12:00:00;Buy Stop;0.01;XAUUSD;3 349.60;3 320.74;3 368.20;2025.06.30 01:00:01;3 273.62;;;;cancelled
2025.06.27 11:05:00;Buy Stop;0.01;XAUUSD;3 395.07;3 254.74;3 406.19;2025.06.30 01:00:01;3 273.75;;;;cancelled
2025.06.27 08:00:00;Buy Stop;0.01;XAUUSD;3 348.83;3 280.86;3 360.37;2025.06.30 01:00:01;3 273.47;;;;cancelled
2025.06.26 14:00:01;Buy Stop;0.01;XAUUSD;3 395.90;3 367.13;3 414.44;2025.06.30 01:00:01;3 273.21;;;;cancelled
2025.06.27 10:30:00;Buy Stop;0.01;XAUUSD;3 447.69;3 345.99;3 471.87;2025.06.30 01:00:00;3 273.49;;;;cancelled
2025.06.26 09:00:00;Buy Stop;0.01;XAUUSD;3 395.14;3 327.37;3 406.65;2025.06.27 15:00:00;3 281.45;;;;cancelled
2025.06.26 15:05:00;Buy Stop;0.01;XAUUSD;3 395.08;3 255.17;3 406.16;2025.06.27 11:05:00;3 286.01;;;;cancelled
2025.06.25 23:15:01;Buy Stop;0.01;XAUUSD;3 447.64;3 344.91;3 472.06;2025.06.27 10:30:00;3 289.33;;;;cancelled
2025.06.27 06:45:39;Sell;0.01;XAUUSD;3 297.40;3 297.40;3 242.43;2025.06.27 08:19:05;3 297.52;-0.02;;-0.12;[sl]
2025.06.27 06:45:39;Sell;0.01;XAUUSD;3 297.40;3 297.40;3 283.06;2025.06.27 07:41:48;3 297.47;-0.02;;-0.07;[sl]
2025.06.27 06:45:59;Sell;0.01;XAUUSD;3 297.31;3 296.93;3 278.55;2025.06.27 07:39:59;3 296.95;-0.02;;0.36;[sl]
2025.06.27 06:45:39;Sell;0.01;XAUUSD;3 297.40;3 296.29;3 286.38;2025.06.27 07:38:47;3 296.33;-0.02;;1.07;[sl]
2025.06.27 06:46:09;Sell;0.01;XAUUSD;3 296.78;3 295.75;3 285.35;2025.06.27 07:38:07;3 295.77;-0.02;;1.01;[sl]
2025.06.25 13:00:00;Sell Stop;0.01;XAUUSD;3 296.87;3 365.53;3 285.21;2025.06.26 19:00:00;3 324.89;;;;cancelled
2025.06.06 16:30:01;Sell Stop;0.01;XAUUSD;3 121.84;3 138.71;3 052.68;2025.06.26 17:00:00;3 319.81;;;;cancelled
2025.06.25 19:05:00;Buy Stop;0.01;XAUUSD;3 395.06;3 253.32;3 406.29;2025.06.26 15:05:00;3 335.40;;;;cancelled
2025.06.25 18:00:00;Sell Stop;0.01;XAUUSD;3 297.48;3 439.22;3 286.25;2025.06.26 14:00:00;3 343.18;;;;cancelled
2025.06.24 02:00:00;Buy Stop;0.01;XAUUSD;3 395.89;3 366.54;3 414.80;2025.06.26 14:00:00;3 343.41;;;;cancelled
2025.06.25 03:00:00;Buy Stop;0.01;XAUUSD;3 395.12;3 326.46;3 406.78;2025.06.26 09:00:00;3 334.17;;;;cancelled
2025.06.23 22:00:00;Buy Stop;0.01;XAUUSD;3 394.99;3 372.12;3 409.43;2025.06.26 05:00:00;3 330.25;;;;cancelled
2025.06.24 12:15:00;Buy Stop;0.01;XAUUSD;3 447.61;3 344.18;3 472.20;2025.06.25 23:15:01;3 332.39;;;;cancelled
2025.06.24 23:00:02;Buy Stop;0.01;XAUUSD;3 395.05;3 252.33;3 406.35;2025.06.25 19:05:00;3 327.66;;;;cancelled
2025.06.17 14:00:00;Buy Stop;0.01;XAUUSD;3 451.41;3 434.15;3 557.14;2025.06.25 14:00:00;3 324.56;;;;cancelled
2025.06.23 01:00:02;Buy Stop;0.01;XAUUSD;3 451.49;3 422.33;3 470.28;2025.06.25 13:15:00;3 327.63;;;;cancelled
2025.06.23 01:00:03;Buy Stop;0.01;XAUUSD;3 450.59;3 427.72;3 465.03;2025.06.25 08:15:00;3 329.58;;;;cancelled
2025.06.23 21:00:00;Buy Stop;0.01;XAUUSD;3 395.11;3 326.42;3 406.77;2025.06.25 03:00:00;3 324.23;;;;cancelled
2025.06.24 02:56:44;Sell;0.01;XAUUSD;3 342.20;3 325.60;3 239.25;2025.06.25 01:00:39;3 325.63;-0.02;-0.04;16.57;[sl]
2025.06.24 03:00:00;Buy Stop;0.01;XAUUSD;3 395.05;3 252.33;3 406.35;2025.06.24 23:00:02;3 323.73;;;;cancelled
2025.06.24 16:41:22;Sell;0.01;XAUUSD;3 295.53;3 312.63;3 192.00;2025.06.24 18:28:31;3 312.74;-0.02;;-17.21;[sl]
2025.06.23 21:05:00;Buy Stop;0.01;XAUUSD;3 450.66;3 308.85;3 461.89;2025.06.24 17:05:00;3 304.59;;;;cancelled
2025.06.06 16:30:01;Sell Stop;0.01;XAUUSD;3 122.68;3 134.49;3 067.02;2025.06.24 17:00:00;3 302.07;;;;cancelled
2025.06.24 16:41:23;Sell;0.01;XAUUSD;3 295.53;3 318.50;3 281.19;2025.06.24 16:42:00;3 297.81;-0.02;;-2.28;
2025.06.23 01:00:02;Buy Stop;0.01;XAUUSD;3 447.64;3 344.86;3 472.07;2025.06.24 12:15:00;3 324.88;;;;cancelled
2025.06.24 03:01:08;Sell;0.01;XAUUSD;3 342.32;3 342.32;3 327.87;2025.06.24 03:11:40;3 342.38;-0.02;;-0.06;[sl]
2025.06.24 03:01:08;Sell;0.01;XAUUSD;3 342.00;3 341.61;3 323.32;2025.06.24 03:10:53;3 342.06;-0.02;;-0.06;[sl]
2025.06.24 02:56:44;Sell;0.01;XAUUSD;3 341.84;3 341.45;3 323.43;2025.06.24 03:10:53;3 342.06;-0.02;;-0.22;[sl]
2025.06.24 02:56:44;Sell;0.01;XAUUSD;3 341.85;3 341.85;3 327.95;2025.06.24 03:10:53;3 342.06;-0.02;;-0.21;[sl]
2025.06.24 03:01:08;Sell;0.01;XAUUSD;3 342.33;3 341.20;3 331.09;2025.06.24 03:10:47;3 341.22;-0.02;;1.11;[sl]
2025.06.24 02:56:44;Sell;0.01;XAUUSD;3 341.86;3 340.73;3 331.15;2025.06.24 03:10:21;3 340.77;-0.02;;1.09;[sl]
2025.06.24 03:01:10;Sell;0.01;XAUUSD;3 341.67;3 340.53;3 330.03;2025.06.24 03:10:04;3 340.56;-0.02;;1.11;[sl]
2025.06.24 02:56:44;Sell;0.01;XAUUSD;3 341.59;3 340.53;3 330.11;2025.06.24 03:10:04;3 340.56;-0.02;;1.03;[sl]
2025.06.23 01:00:02;Buy Stop;0.01;XAUUSD;3 450.66;3 308.85;3 461.89;2025.06.23 21:05:00;3 379.88;;;;cancelled
2025.06.20 15:15:00;Sell Stop;0.01;XAUUSD;3 295.63;3 318.50;3 281.19;2025.06.23 01:00:03;3 390.32;;;;cancelled
2025.06.19 05:00:00;Buy Stop;0.01;XAUUSD;3 450.57;3 427.55;3 465.11;2025.06.23 01:00:03;3 391.51;;;;cancelled
2025.06.20 15:00:00;Buy Stop;0.01;XAUUSD;3 450.71;3 382.02;3 462.37;2025.06.23 01:00:02;3 391.69;;;;cancelled
2025.06.20 11:05:00;Buy Stop;0.01;XAUUSD;3 450.66;3 308.85;3 461.89;2025.06.23 01:00:02;3 391.69;;;;cancelled
2025.06.20 01:00:04;Buy Stop;0.01;XAUUSD;3 447.64;3 344.86;3 472.07;2025.06.23 01:00:02;3 391.69;;;;cancelled
2025.06.19 14:00:00;Buy Stop;0.01;XAUUSD;3 451.49;3 422.13;3 470.41;2025.06.23 01:00:02;3 391.56;;;;cancelled
2025.06.18 08:15:00;Sell Stop;0.01;XAUUSD;3 295.64;3 318.62;3 281.13;2025.06.20 15:15:00;3 348.05;;;;cancelled
2025.06.19 09:00:00;Buy Stop;0.01;XAUUSD;3 450.70;3 381.54;3 462.44;2025.06.20 15:00:00;3 347.55;;;;cancelled
2025.06.19 15:05:00;Buy Stop;0.01;XAUUSD;3 450.64;3 307.86;3 461.95;2025.06.20 11:05:00;3 347.81;;;;cancelled
2025.06.18 23:15:00;Buy Stop;0.01;XAUUSD;3 495.33;3 392.05;3 519.88;2025.06.20 10:15:00;3 353.45;;;;cancelled
2025.06.13 04:00:00;Buy Stop;0.01;XAUUSD;3 497.14;3 480.36;3 565.96;2025.06.20 02:00:00;3 366.08;;;;cancelled
2025.06.18 19:05:00;Buy Stop;0.01;XAUUSD;3 450.65;3 308.15;3 461.94;2025.06.19 15:05:00;3 371.58;;;;cancelled
2025.06.17 02:00:00;Buy Stop;0.01;XAUUSD;3 451.47;3 421.59;3 470.72;2025.06.19 14:00:00;3 375.36;;;;cancelled
2025.06.18 22:28:54;Sell;0.01;XAUUSD;3 366.67;3 356.11;3 349.16;2025.06.19 09:30:11;3 349.16;-0.02;-0.11;17.51;[tp]
2025.06.18 03:00:00;Buy Stop;0.01;XAUUSD;3 450.71;3 381.69;3 462.43;2025.06.19 09:00:00;3 364.76;;;;cancelled
2025.06.18 22:28:54;Sell;0.01;XAUUSD;3 366.60;3 365.56;3 355.86;2025.06.19 08:57:46;3 365.57;-0.02;-0.11;1.03;[sl]
2025.06.18 22:28:54;Sell;0.01;XAUUSD;3 366.68;3 365.55;3 356.91;2025.06.19 08:57:45;3 365.56;-0.02;-0.11;1.12;[sl]
2025.06.16 22:00:00;Buy Stop;0.01;XAUUSD;3 450.58;3 427.60;3 465.09;2025.06.19 05:00:00;3 375.02;;;;cancelled
2025.06.18 22:28:54;Sell;0.01;XAUUSD;3 366.67;3 366.67;3 353.70;2025.06.18 23:21:51;3 366.71;-0.02;;-0.04;[sl]
2025.06.17 12:15:00;Buy Stop;0.01;XAUUSD;3 495.24;3 389.95;3 520.27;2025.06.18 23:15:00;3 364.81;;;;cancelled
2025.06.17 23:00:04;Buy Stop;0.01;XAUUSD;3 450.62;3 305.34;3 462.13;2025.06.18 19:05:00;3 393.01;;;;cancelled
2025.06.10 18:00:00;Sell Stop;0.01;XAUUSD;3 295.65;3 312.22;3 194.18;2025.06.18 18:00:00;3 386.87;;;;cancelled
2025.06.16 01:00:04;Sell Stop;0.01;XAUUSD;3 295.47;3 324.78;3 276.58;2025.06.18 13:15:00;3 378.98;;;;cancelled
2025.06.16 01:00:05;Sell Stop;0.01;XAUUSD;3 295.64;3 318.62;3 281.13;2025.06.18 08:15:00;3 393.48;;;;cancelled
2025.06.16 21:00:00;Buy Stop;0.01;XAUUSD;3 450.71;3 381.68;3 462.43;2025.06.18 03:00:00;3 387.26;;;;cancelled
2025.06.17 03:00:00;Buy Stop;0.01;XAUUSD;3 450.62;3 305.34;3 462.13;2025.06.17 23:00:04;3 385.93;;;;cancelled
2025.06.16 21:05:00;Sell Stop;0.01;XAUUSD;3 295.63;3 438.14;3 284.34;2025.06.17 17:05:00;3 388.05;;;;cancelled
2025.06.16 01:00:04;Buy Stop;0.01;XAUUSD;3 495.33;3 392.05;3 519.88;2025.06.17 12:15:00;3 380.80;;;;cancelled
2025.06.16 01:00:04;Sell Stop;0.01;XAUUSD;3 295.63;3 438.14;3 284.34;2025.06.16 21:05:00;3 392.31;;;;cancelled
2025.06.13 20:00:00;Sell Stop;0.01;XAUUSD;3 295.00;3 363.43;3 283.38;2025.06.16 01:00:04;3 447.28;;;;cancelled
2025.06.13 15:05:01;Sell Stop;0.01;XAUUSD;3 295.61;3 436.88;3 284.42;2025.06.16 01:00:04;3 451.42;;;;cancelled
2025.06.13 10:15:00;Buy Stop;0.01;XAUUSD;3 495.37;3 392.98;3 519.71;2025.06.16 01:00:04;3 452.35;;;;cancelled
2025.06.12 18:00:00;Sell Stop;0.01;XAUUSD;3 295.43;3 324.18;3 276.90;2025.06.16 01:00:04;3 447.28;;;;cancelled
2025.06.12 10:00:00;Sell Stop;0.01;XAUUSD;3 295.60;3 318.14;3 281.36;2025.06.16 01:00:04;3 446.70;;;;cancelled
2025.06.06 16:30:01;Sell Stop;0.01;XAUUSD;3 247.59;3 264.46;3 144.28;2025.06.16 01:00:03;3 452.27;;;;cancelled
2025.06.12 14:00:00;Sell Stop;0.01;XAUUSD;3 294.99;3 362.72;3 283.49;2025.06.13 20:00:00;3 429.99;;;;cancelled
2025.06.12 19:05:00;Sell Stop;0.01;XAUUSD;3 295.59;3 435.41;3 284.52;2025.06.13 15:05:01;3 423.55;;;;cancelled
2025.06.11 23:15:00;Buy Stop;0.01;XAUUSD;3 495.42;3 393.98;3 519.53;2025.06.13 10:15:00;3 413.06;;;;cancelled
2025.06.13 03:03:25;Buy;0.01;XAUUSD;3 402.58;3 406.78;3 505.27;2025.06.13 03:43:08;3 406.00;-0.02;;3.42;[sl]
2025.06.13 03:02:50;Buy;0.01;XAUUSD;3 401.92;3 401.92;3 415.98;2025.06.13 03:14:56;3 401.79;-0.02;;-0.13;[sl]
2025.06.13 03:02:29;Buy;0.01;XAUUSD;3 401.08;3 402.76;3 468.74;2025.06.13 03:14:48;3 402.66;-0.02;;1.58;[sl]
2025.06.13 03:02:50;Buy;0.01;XAUUSD;3 401.93;3 403.05;3 412.87;2025.06.13 03:14:45;3 403.03;-0.02;;1.10;[sl]
2025.06.13 03:03:44;Buy;0.01;XAUUSD;3 402.70;3 403.09;3 421.17;2025.06.13 03:14:45;3 403.03;-0.02;;0.33;[sl]
2025.06.13 03:02:47;Buy;0.01;XAUUSD;3 401.66;3 403.39;3 455.91;2025.06.13 03:14:21;3 403.32;-0.02;;1.66;[sl]
2025.06.13 03:05:00;Buy;0.01;XAUUSD;3 402.59;3 403.71;3 412.97;2025.06.13 03:14:11;3 403.52;-0.02;;0.93;[sl]
2025.06.11 15:45:00;Buy Stop;0.01;XAUUSD;3 401.85;3 334.05;3 413.36;2025.06.12 21:45:00;3 383.89;;;;cancelled
2025.06.11 23:00:07;Sell Stop;0.01;XAUUSD;3 295.59;3 435.56;3 284.50;2025.06.12 19:05:00;3 386.50;;;;cancelled
2025.06.10 06:00:00;Sell Stop;0.01;XAUUSD;3 295.43;3 324.10;3 276.95;2025.06.12 18:00:00;3 383.77;;;;cancelled
2025.06.11 08:00:00;Sell Stop;0.01;XAUUSD;3 294.99;3 362.79;3 283.48;2025.06.12 14:00:00;3 382.58;;;;cancelled
2025.06.10 03:00:00;Sell Stop;0.01;XAUUSD;3 295.59;3 318.07;3 281.39;2025.06.12 10:00:00;3 374.60;;;;cancelled
2025.06.11 13:05:00;Buy Stop;0.01;XAUUSD;3 401.80;3 261.83;3 412.89;2025.06.12 09:05:00;3 374.45;;;;cancelled
2025.06.10 12:15:00;Buy Stop;0.01;XAUUSD;3 495.43;3 394.38;3 519.45;2025.06.11 23:15:00;3 348.33;;;;cancelled
2025.06.11 03:00:00;Sell Stop;0.01;XAUUSD;3 295.59;3 435.56;3 284.50;2025.06.11 23:00:07;3 347.46;;;;cancelled
2025.06.09 05:30:00;Sell Stop;0.01;XAUUSD;3 273.36;3 302.39;3 254.65;2025.06.11 17:30:00;3 333.25;;;;cancelled
2025.06.09 04:45:00;Buy Stop;0.01;XAUUSD;3 402.62;3 373.59;3 421.33;2025.06.11 16:45:00;3 332.49;;;;cancelled
2025.06.11 15:30:01;Buy;0.01;XAUUSD;3 347.64;3 347.64;3 361.68;2025.06.11 15:52:23;3 347.60;-0.02;;-0.04;[sl]
2025.06.11 15:30:01;Buy;0.01;XAUUSD;3 347.65;3 349.31;3 359.06;2025.06.11 15:35:58;3 359.06;-0.02;;11.41;[tp]
2025.06.10 07:15:00;Buy Stop;0.01;XAUUSD;3 401.86;3 334.32;3 413.33;2025.06.11 13:15:00;3 334.40;;;;cancelled
2025.06.10 17:05:00;Buy Stop;0.01;XAUUSD;3 401.80;3 262.37;3 412.84;2025.06.11 13:05:00;3 335.59;;;;cancelled
2025.06.09 01:00:10;Sell Stop;0.01;XAUUSD;3 273.53;3 296.29;3 259.16;2025.06.11 08:15:00;3 340.36;;;;cancelled
2025.06.09 01:00:10;Buy Stop;0.01;XAUUSD;3 401.71;3 378.95;3 416.08;2025.06.11 08:15:00;3 340.45;;;;cancelled
2025.06.10 02:00:00;Sell Stop;0.01;XAUUSD;3 294.98;3 362.52;3 283.51;2025.06.11 08:00:00;3 341.87;;;;cancelled
2025.06.10 07:00:00;Sell Stop;0.01;XAUUSD;3 295.58;3 435.01;3 284.54;2025.06.11 03:00:00;3 328.02;;;;cancelled
2025.06.06 16:30:01;Buy Stop;0.01;XAUUSD;3 497.12;3 480.25;3 566.28;2025.06.11 02:00:01;3 324.67;;;;cancelled
2025.06.09 21:05:00;Buy Stop;0.01;XAUUSD;3 401.78;3 260.63;3 412.96;2025.06.10 17:05:00;3 341.65;;;;cancelled
2025.06.09 01:00:09;Buy Stop;0.01;XAUUSD;3 495.38;3 393.08;3 519.70;2025.06.10 12:15:00;3 329.84;;;;cancelled
2025.06.09 01:00:09;Buy Stop;0.01;XAUUSD;3 401.84;3 333.47;3 413.45;2025.06.10 07:15:00;3 306.65;;;;cancelled
2025.06.09 01:00:09;Sell Stop;0.01;XAUUSD;3 273.52;3 414.67;3 262.34;2025.06.09 21:05:00;3 335.14;;;;cancelled
2025.06.09 01:00:09;Buy Stop;0.01;XAUUSD;3 401.78;3 260.63;3 412.96;2025.06.09 21:05:00;3 335.31;;;;cancelled
2025.06.06 17:30:00;Sell Stop;0.01;XAUUSD;3 273.37;3 302.56;3 254.56;2025.06.09 05:30:00;3 301.90;;;;cancelled
2025.06.06 16:30:02;Buy Stop;0.01;XAUUSD;3 402.61;3 373.42;3 421.42;2025.06.09 04:45:00;3 307.24;;;;cancelled
2025.06.06 17:15:00;Sell Stop;0.01;XAUUSD;3 273.54;3 296.43;3 259.08;2025.06.09 01:00:10;3 313.20;;;;cancelled
2025.06.06 16:30:02;Buy Stop;0.01;XAUUSD;3 401.70;3 378.81;3 416.16;2025.06.09 01:00:10;3 313.34;;;;cancelled
2025.06.06 17:15:00;Sell Stop;0.01;XAUUSD;3 273.53;3 415.50;3 262.29;2025.06.09 01:00:09;3 313.18;;;;cancelled
2025.06.06 16:30:01;Buy Stop;0.01;XAUUSD;3 401.83;3 333.06;3 413.51;2025.06.09 01:00:09;3 313.42;;;;cancelled
2025.06.06 16:30:01;Buy Stop;0.01;XAUUSD;3 495.35;3 392.46;3 519.81;2025.06.09 01:00:09;3 313.32;;;;cancelled
2025.06.06 16:30:01;Buy Stop;0.01;XAUUSD;3 401.77;3 259.80;3 413.02;2025.06.09 01:00:09;3 313.32;;;;cancelled
2025.06.06 17:13:52;Sell;0.01;XAUUSD;3 334.41;3 323.19;3 316.19;2025.06.06 17:27:22;3 323.26;-0.02;;11.15;[sl]
2025.06.06 17:13:52;Sell;0.01;XAUUSD;3 334.42;3 333.30;3 323.92;2025.06.06 17:19:21;3 323.92;-0.02;;10.50;[tp]
2025.06.06 17:00:51;Sell;0.01;XAUUSD;3 339.75;3 339.75;3 327.09;2025.06.06 17:17:59;3 327.09;-0.02;;12.66;[tp]
2025.06.06 17:00:51;Sell;0.01;XAUUSD;3 339.74;3 338.70;3 329.25;2025.06.06 17:16:40;3 329.25;-0.02;;10.49;[tp]
2025.06.06 12:00:00;Buy Stop;0.01;XAUUSD;3 401.70;3 378.81;3 416.16;2025.06.06 13:50:01;3 358.41;;;;cancelled
2025.06.06 11:00:00;Buy Stop;0.01;XAUUSD;3 401.83;3 333.06;3 413.51;2025.06.06 13:50:01;3 358.45;;;;cancelled
2025.06.05 20:00:00;Sell Stop;0.01;XAUUSD;3 334.54;3 402.92;3 322.93;2025.06.06 13:50:01;3 358.30;;;;cancelled
2025.06.04 18:00:00;Sell Stop;0.01;XAUUSD;3 335.01;3 364.29;3 316.14;2025.06.06 13:50:01;3 358.26;;;;cancelled
2025.06.04 15:00:00;Sell Stop;0.01;XAUUSD;3 335.17;3 358.13;3 320.67;2025.06.06 13:50:01;3 358.26;;;;cancelled
2025.06.06 11:00:00;Sell Stop;0.01;XAUUSD;3 335.16;3 477.13;3 323.92;2025.06.06 13:50:00;3 358.32;;;;cancelled
2025.06.06 10:15:00;Buy Stop;0.01;XAUUSD;3 495.35;3 392.46;3 519.81;2025.06.06 13:50:00;3 358.48;;;;cancelled
2025.06.02 17:00:00;Buy Stop;0.01;XAUUSD;3 433.84;3 422.23;3 488.59;2025.06.06 13:50:00;3 358.49;;;;cancelled
2025.05.30 14:00:00;Sell Stop;0.01;XAUUSD;3 247.53;3 263.96;3 146.88;2025.06.06 13:50:00;3 358.34;;;;cancelled
2025.05.21 02:00:00;Sell Stop;0.01;XAUUSD;3 121.79;3 137.94;3 055.56;2025.06.06 13:50:00;3 358.34;;;;cancelled
2025.05.20 02:00:00;Sell Stop;0.01;XAUUSD;3 122.59;3 133.85;3 069.49;2025.06.06 13:50:00;3 358.34;;;;cancelled
2025.05.19 04:39:34;Buy Stop;0.01;XAUUSD;3 497.23;3 481.02;3 563.67;2025.06.06 13:50:00;3 358.49;;;;cancelled
2025.06.05 15:00:00;Sell Stop;0.01;XAUUSD;3 335.15;3 476.33;3 323.97;2025.06.06 11:00:00;3 359.69;;;;cancelled
2025.06.04 23:00:07;Buy Stop;0.01;XAUUSD;3 495.34;3 392.16;3 519.87;2025.06.06 10:15:00;3 361.56;;;;cancelled
2025.06.04 14:00:00;Sell Stop;0.01;XAUUSD;3 334.55;3 403.51;3 322.84;2025.06.05 20:00:00;3 354.49;;;;cancelled
2025.06.05 13:02:27;Buy;0.01;XAUUSD;3 390.68;3 390.68;3 404.94;2025.06.05 15:20:35;3 390.63;-0.02;;-0.05;[sl]
2025.06.04 19:00:00;Sell Stop;0.01;XAUUSD;3 335.16;3 477.53;3 323.88;2025.06.05 15:00:00;3 392.53;;;;cancelled
2025.06.05 13:05:22;Buy;0.01;XAUUSD;3 391.58;3 391.97;3 410.18;2025.06.05 14:53:40;3 391.72;-0.02;;0.14;[sl]
2025.06.05 12:58:37;Buy;0.01;XAUUSD;3 391.48;3 391.87;3 410.33;2025.06.05 14:53:40;3 391.73;-0.02;;0.25;[sl]
2025.06.05 12:58:37;Buy;0.01;XAUUSD;3 391.41;3 395.60;3 495.00;2025.06.05 14:29:01;3 395.34;-0.02;;3.93;[sl]
2025.06.05 13:02:28;Buy;0.01;XAUUSD;3 390.70;3 395.45;3 402.30;2025.06.05 14:07:17;3 402.30;-0.02;;11.60;[tp]
2025.06.05 12:58:18;Buy;0.01;XAUUSD;3 390.69;3 395.45;3 402.30;2025.06.05 14:07:17;3 402.30;-0.02;;11.61;[tp]
2025.06.05 13:02:27;Buy;0.01;XAUUSD;3 390.69;3 391.81;3 401.81;2025.06.05 14:05:28;3 401.81;-0.02;;11.12;[tp]
2025.06.05 13:05:01;Buy;0.01;XAUUSD;3 390.67;3 391.79;3 401.81;2025.06.05 14:05:16;3 401.81;-0.02;;11.14;[tp]
2025.06.05 12:56:07;Buy;0.01;XAUUSD;3 390.65;3 249.45;3 401.81;2025.06.05 12:57:00;3 389.37;-0.02;;-1.28;
2025.06.05 12:56:07;Buy;0.01;XAUUSD;3 390.65;3 368.21;3 404.73;2025.06.05 12:57:00;3 389.38;-0.02;;-1.27;
2025.06.04 11:00:00;Sell Stop;0.01;XAUUSD;3 273.53;3 415.90;3 262.25;2025.06.05 07:00:00;3 369.79;;;;cancelled
2025.06.02 18:00:00;Sell Stop;0.01;XAUUSD;3 273.34;3 302.06;3 254.83;2025.06.05 06:00:00;3 370.80;;;;cancelled
2025.06.03 22:00:00;Buy Stop;0.01;XAUUSD;3 390.72;3 323.49;3 402.14;2025.06.05 04:00:00;3 380.38;;;;cancelled
2025.06.03 20:00:00;Sell Stop;0.01;XAUUSD;3 272.89;3 340.12;3 261.47;2025.06.05 02:00:00;3 373.59;;;;cancelled
2025.06.04 04:00:00;Buy Stop;0.01;XAUUSD;3 390.62;3 248.25;3 401.90;2025.06.05 01:00:14;3 374.12;;;;cancelled
2025.06.03 12:00:00;Buy Stop;0.01;XAUUSD;3 495.45;3 394.85;3 519.36;2025.06.04 23:00:07;3 373.79;;;;cancelled
2025.06.02 15:00:00;Sell Stop;0.01;XAUUSD;3 273.50;3 296.02;3 259.28;2025.06.04 22:00:00;3 376.19;;;;cancelled
2025.06.02 01:00:02;Sell Stop;0.01;XAUUSD;3 247.33;3 276.05;3 228.82;2025.06.04 13:15:00;3 359.76;;;;cancelled
2025.06.03 15:00:00;Sell Stop;0.01;XAUUSD;3 273.48;3 412.28;3 262.49;2025.06.04 11:00:00;3 354.50;;;;cancelled
2025.06.02 01:00:03;Sell Stop;0.01;XAUUSD;3 247.49;3 270.01;3 233.27;2025.06.04 08:15:00;3 354.68;;;;cancelled
2025.05.27 05:00:00;Sell Stop;0.01;XAUUSD;3 122.76;3 139.54;3 019.98;2025.06.04 05:00:00;3 370.87;;;;cancelled
2025.06.02 14:00:00;Sell Stop;0.01;XAUUSD;3 272.89;3 340.53;3 261.40;2025.06.03 20:00:00;3 348.43;;;;cancelled
2025.06.02 19:00:00;Sell Stop;0.01;XAUUSD;3 273.49;3 413.14;3 262.43;2025.06.03 15:00:00;3 359.33;;;;cancelled
2025.06.02 01:00:00;Buy Stop;0.01;XAUUSD;3 495.43;3 394.22;3 519.49;2025.06.03 12:00:00;3 361.20;;;;cancelled
2025.06.02 01:00:02;Sell Stop;0.01;XAUUSD;3 246.88;3 314.52;3 235.39;2025.06.03 07:15:00;3 363.48;;;;cancelled
2025.06.02 09:18:35;Buy;0.01;XAUUSD;3 330.48;3 363.25;3 432.04;2025.06.03 06:42:09;3 363.02;-0.02;-0.16;32.54;[sl]
2025.06.02 16:43:04;Buy;0.01;XAUUSD;3 365.05;3 369.20;3 467.82;2025.06.03 04:13:07;3 369.03;-0.02;-0.16;3.98;[sl]
2025.06.02 01:00:01;Sell Stop;0.01;XAUUSD;3 247.48;3 387.13;3 236.42;2025.06.02 21:05:00;3 372.82;;;;cancelled
2025.06.02 16:41:39;Buy;0.01;XAUUSD;3 363.87;3 370.09;3 418.47;2025.06.02 18:26:40;3 370.09;-0.02;;6.22;[sl]
2025.06.02 16:42:14;Buy;0.01;XAUUSD;3 364.28;3 364.28;3 378.44;2025.06.02 17:57:39;3 378.44;-0.02;;14.16;[tp]
2025.06.02 16:43:32;Buy;0.01;XAUUSD;3 365.29;3 372.06;3 383.62;2025.06.02 17:26:36;3 371.89;-0.02;;6.60;[sl]
2025.06.02 16:42:15;Buy;0.01;XAUUSD;3 364.30;3 365.41;3 375.35;2025.06.02 16:49:28;3 365.38;-0.02;;1.08;[sl]
2025.06.02 15:32:41;Buy;0.01;XAUUSD;3 363.72;3 352.01;3 418.89;2025.06.02 15:33:00;3 362.65;-0.02;;-1.07;
2025.06.02 09:18:35;Buy;0.01;XAUUSD;3 330.47;3 342.72;3 348.98;2025.06.02 10:10:23;3 348.98;-0.02;;18.51;[tp]
2025.06.02 09:16:57;Buy;0.01;XAUUSD;3 329.64;3 329.64;3 343.80;2025.06.02 09:44:08;3 343.80;-0.02;;14.16;[tp]
2025.06.02 09:16:57;Buy;0.01;XAUUSD;3 329.72;3 334.60;3 341.20;2025.06.02 09:41:04;3 341.20;-0.02;;11.48;[tp]
2025.06.02 09:16:57;Buy;0.01;XAUUSD;3 329.73;3 330.84;3 340.71;2025.06.02 09:40:57;3 340.71;-0.02;;10.98;[tp]
2025.05.30 20:00:00;Buy Stop;0.01;XAUUSD;3 330.48;3 302.04;3 348.81;2025.06.02 08:00:00;3 314.08;;;;cancelled
2025.05.27 05:00:00;Buy Stop;0.01;XAUUSD;3 435.16;3 418.38;3 537.94;2025.06.02 06:00:00;3 307.37;;;;cancelled
2025.05.30 17:00:00;Buy Stop;0.01;XAUUSD;3 329.60;3 307.30;3 343.68;2025.06.02 01:00:02;3 299.01;;;;cancelled
2025.05.30 05:00:00;Sell Stop;0.01;XAUUSD;3 247.31;3 275.75;3 228.98;2025.06.02 01:00:02;3 298.98;;;;cancelled
2025.05.30 02:00:00;Sell Stop;0.01;XAUUSD;3 247.48;3 269.78;3 233.40;2025.06.02 01:00:02;3 298.84;;;;cancelled
2025.05.29 09:00:00;Buy Stop;0.01;XAUUSD;3 365.12;3 336.55;3 383.53;2025.06.02 01:00:02;3 299.14;;;;cancelled
2025.05.29 01:00:08;Sell Stop;0.01;XAUUSD;3 206.58;3 228.98;3 192.43;2025.06.02 01:00:02;3 298.94;;;;cancelled
2025.05.29 01:00:08;Buy Stop;0.01;XAUUSD;3 364.23;3 341.83;3 378.38;2025.06.02 01:00:02;3 299.10;;;;cancelled
2025.05.30 21:00:00;Buy Stop;0.01;XAUUSD;3 329.67;3 191.36;3 340.62;2025.06.02 01:00:01;3 298.82;;;;cancelled
2025.05.30 16:00:00;Buy Stop;0.01;XAUUSD;3 329.72;3 262.73;3 341.10;2025.06.02 01:00:01;3 299.25;;;;cancelled
2025.05.30 11:15:00;Buy Stop;0.01;XAUUSD;3 364.36;3 297.37;3 375.74;2025.06.02 01:00:01;3 299.12;;;;cancelled
2025.05.30 09:05:00;Buy Stop;0.01;XAUUSD;3 364.31;3 226.00;3 375.26;2025.06.02 01:00:01;3 299.07;;;;cancelled
2025.05.30 06:00:00;Sell Stop;0.01;XAUUSD;3 247.47;3 385.78;3 236.52;2025.06.02 01:00:01;3 298.21;;;;cancelled
2025.05.30 01:00:08;Sell Stop;0.01;XAUUSD;3 246.87;3 313.86;3 235.49;2025.06.02 01:00:01;3 298.30;;;;cancelled
2025.05.30 10:15:00;Buy Stop;0.01;XAUUSD;3 495.47;3 395.23;3 519.30;2025.06.02 01:00:00;3 299.74;;;;cancelled
2025.05.29 05:15:00;Buy Stop;0.01;XAUUSD;3 364.36;3 297.06;3 375.79;2025.05.30 11:15:00;3 295.84;;;;cancelled
2025.05.28 23:15:00;Buy Stop;0.01;XAUUSD;3 495.39;3 393.40;3 519.63;2025.05.30 10:15:00;3 292.25;;;;cancelled
2025.05.29 13:05:00;Buy Stop;0.01;XAUUSD;3 364.30;3 225.37;3 375.30;2025.05.30 09:05:00;3 301.45;;;;cancelled
2025.05.29 19:04:41;Buy;0.01;XAUUSD;3 324.94;3 325.32;3 343.18;2025.05.29 19:24:01;3 325.28;-0.02;;0.34;[sl]
2025.05.28 17:05:00;Buy Stop;0.01;XAUUSD;3 364.28;3 223.55;3 375.43;2025.05.29 13:05:00;3 285.44;;;;cancelled
2025.05.26 21:00:00;Buy Stop;0.01;XAUUSD;3 365.12;3 336.61;3 383.49;2025.05.29 09:00:00;3 272.66;;;;cancelled
2025.05.27 23:00:07;Buy Stop;0.01;XAUUSD;3 364.33;3 295.92;3 375.95;2025.05.29 05:15:00;3 264.66;;;;cancelled
2025.05.28 23:51:25;Sell;0.01;XAUUSD;3 280.63;3 280.63;3 267.00;2025.05.29 02:14:01;3 267.00;-0.02;-0.11;13.63;[tp]
2025.05.28 23:51:25;Sell;0.01;XAUUSD;3 280.62;3 278.43;3 269.13;2025.05.29 02:13:46;3 269.13;-0.02;-0.11;11.49;[tp]
2025.05.28 23:51:25;Sell;0.01;XAUUSD;3 280.63;3 279.53;3 270.17;2025.05.29 02:11:17;3 270.17;-0.02;-0.11;10.46;[tp]
2025.05.26 18:00:00;Buy Stop;0.01;XAUUSD;3 364.23;3 341.87;3 378.35;2025.05.29 01:00:08;3 288.00;;;;cancelled
2025.05.28 23:51:22;Sell;0.01;XAUUSD;3 286.78;3 286.78;3 272.61;2025.05.28 23:54:03;3 287.05;-0.02;;-0.27;[sl]
2025.05.28 23:51:22;Sell;0.01;XAUUSD;3 286.73;3 286.34;3 268.12;2025.05.28 23:54:01;3 286.71;-0.02;;0.02;[sl]
2025.05.28 23:51:22;Sell;0.01;XAUUSD;3 286.78;3 285.67;3 275.78;2025.05.28 23:53:47;3 285.70;-0.02;;1.08;[sl]
2025.05.28 23:51:25;Sell;0.01;XAUUSD;3 280.79;3 284.07;3 274.74;2025.05.28 23:52:56;3 284.12;-0.02;;-3.33;[sl]
2025.05.27 12:15:00;Buy Stop;0.01;XAUUSD;3 495.38;3 393.02;3 519.71;2025.05.28 23:15:00;3 294.29;;;;cancelled
2025.05.26 06:00:00;Sell Stop;0.01;XAUUSD;3 281.14;3 309.65;3 262.77;2025.05.28 18:00:00;3 302.60;;;;cancelled
2025.05.27 21:05:00;Buy Stop;0.01;XAUUSD;3 364.27;3 223.04;3 375.46;2025.05.28 17:05:00;3 307.75;;;;cancelled
2025.05.27 07:15:02;Sell Stop;0.01;XAUUSD;3 280.72;3 349.13;3 269.10;2025.05.28 13:30:00;3 319.47;;;;cancelled
2025.05.27 17:05:00;Sell Stop;0.01;XAUUSD;3 281.33;3 422.56;3 270.14;2025.05.28 13:05:00;3 324.65;;;;cancelled
2025.05.26 01:00:01;Sell Stop;0.01;XAUUSD;3 281.30;3 303.66;3 267.18;2025.05.28 08:00:01;3 296.45;;;;cancelled
2025.05.19 04:39:34;Buy Stop;0.01;XAUUSD;3 433.89;3 422.55;3 487.37;2025.05.28 02:00:01;3 303.51;;;;cancelled
2025.05.26 17:00:00;Buy Stop;0.01;XAUUSD;3 364.36;3 297.20;3 375.76;2025.05.27 23:00:07;3 304.69;;;;cancelled
2025.05.27 01:00:07;Buy Stop;0.01;XAUUSD;3 364.27;3 223.04;3 375.46;2025.05.27 21:05:00;3 302.25;;;;cancelled
2025.05.26 21:05:00;Sell Stop;0.01;XAUUSD;3 281.29;3 419.94;3 270.31;2025.05.27 17:05:00;3 290.43;;;;cancelled
2025.05.26 01:00:01;Buy Stop;0.01;XAUUSD;3 495.46;3 394.97;3 519.35;2025.05.27 12:15:00;3 306.37;;;;cancelled
2025.05.26 01:00:01;Sell Stop;0.01;XAUUSD;3 280.69;3 347.85;3 269.29;2025.05.27 07:15:02;3 340.72;;;;cancelled
2025.05.19 04:39:34;Sell Stop;0.01;XAUUSD;3 203.99;3 220.20;3 104.73;2025.05.27 05:00:00;3 335.90;;;;cancelled
2025.05.19 04:39:33;Buy Stop;0.01;XAUUSD;3 435.19;3 418.98;3 534.45;2025.05.27 05:00:00;3 336.08;;;;cancelled
2025.05.26 01:00:01;Sell Stop;0.01;XAUUSD;3 281.29;3 419.94;3 270.31;2025.05.26 21:05:00;3 341.56;;;;cancelled
2025.05.23 18:00:00;Sell Stop;0.01;XAUUSD;3 281.15;3 309.88;3 262.64;2025.05.26 06:00:00;3 348.18;;;;cancelled
2025.05.23 19:00:00;Sell Stop;0.01;XAUUSD;3 281.31;3 421.00;3 270.25;2025.05.26 01:00:01;3 354.90;;;;cancelled
2025.05.23 15:00:00;Sell Stop;0.01;XAUUSD;3 281.32;3 303.84;3 267.09;2025.05.26 01:00:01;3 354.49;;;;cancelled
2025.05.23 14:00:00;Sell Stop;0.01;XAUUSD;3 280.70;3 348.36;3 269.21;2025.05.26 01:00:01;3 354.65;;;;cancelled
2025.05.23 01:00:00;Sell Stop;0.01;XAUUSD;3 206.60;3 229.12;3 192.37;2025.05.26 01:00:01;3 354.49;;;;cancelled
2025.05.23 14:00:00;Buy Stop;0.01;XAUUSD;3 495.43;3 394.19;3 519.50;2025.05.26 01:00:00;3 357.30;;;;cancelled
2025.05.23 01:00:00;Sell Stop;0.01;XAUUSD;3 206.59;3 346.28;3 195.53;2025.05.23 21:00:00;3 362.66;;;;cancelled
2025.05.21 07:00:00;Sell Stop;0.01;XAUUSD;3 206.38;3 234.34;3 188.36;2025.05.23 19:00:00;3 361.92;;;;cancelled
2025.05.23 14:49:44;Buy;0.01;XAUUSD;3 344.68;3 345.06;3 363.16;2025.05.23 15:05:52;3 345.04;-0.02;;0.36;[sl]
2025.05.23 14:49:44;Buy;0.01;XAUUSD;3 344.29;3 345.40;3 354.89;2025.05.23 15:05:48;3 345.24;-0.02;;0.95;[sl]
2025.05.23 14:49:44;Buy;0.01;XAUUSD;3 344.29;3 345.31;3 355.38;2025.05.23 14:59:36;3 345.14;-0.02;;0.85;[sl]
2025.05.23 14:49:43;Buy;0.01;XAUUSD;3 343.80;3 343.80;3 357.99;2025.05.23 14:51:57;3 343.65;-0.02;;-0.15;[sl]
2025.05.22 02:45:01;Buy Stop;0.01;XAUUSD;3 495.47;3 395.10;3 519.33;2025.05.23 14:00:00;3 328.73;;;;cancelled
2025.05.21 04:00:00;Sell Stop;0.01;XAUUSD;3 206.54;3 228.46;3 192.69;2025.05.23 11:00:00;3 329.18;;;;cancelled
2025.05.22 04:00:00;Sell Stop;0.01;XAUUSD;3 206.57;3 345.06;3 195.60;2025.05.23 01:00:00;3 294.70;;;;cancelled
2025.05.20 17:00:00;Buy Stop;0.01;XAUUSD;3 413.18;3 391.34;3 426.97;2025.05.23 01:00:00;3 295.84;;;;cancelled
2025.05.21 17:00:00;Sell Stop;0.01;XAUUSD;3 122.03;3 187.89;3 110.85;2025.05.22 23:00:05;3 290.21;;;;cancelled
2025.05.21 08:00:00;Sell Stop;0.01;XAUUSD;3 206.53;3 342.49;3 195.76;2025.05.22 04:00:00;3 323.77;;;;cancelled
2025.05.19 15:00:00;Sell Stop;0.01;XAUUSD;3 156.17;3 184.22;3 138.09;2025.05.22 03:00:00;3 320.58;;;;cancelled
2025.05.20 15:45:00;Buy Stop;0.01;XAUUSD;3 495.56;3 397.40;3 518.89;2025.05.22 02:45:01;3 322.23;;;;cancelled
2025.05.20 21:05:00;Sell Stop;0.01;XAUUSD;3 122.60;3 258.04;3 111.87;2025.05.21 17:05:00;3 298.08;;;;cancelled
2025.05.20 10:45:48;Sell Stop;0.01;XAUUSD;3 122.02;3 187.63;3 110.88;2025.05.21 17:00:00;3 303.67;;;;cancelled
2025.05.19 04:39:35;Sell Stop;0.01;XAUUSD;3 122.47;3 150.52;3 104.39;2025.05.21 16:45:00;3 305.10;;;;cancelled
2025.05.19 04:39:35;Sell Stop;0.01;XAUUSD;3 122.63;3 144.62;3 108.74;2025.05.21 11:45:00;3 309.00;;;;cancelled
2025.05.19 04:39:34;Sell Stop;0.01;XAUUSD;2 957.31;2 973.52;2 890.87;2025.05.21 02:00:00;3 296.71;;;;cancelled
2025.05.20 01:00:10;Sell Stop;0.01;XAUUSD;3 122.60;3 258.04;3 111.87;2025.05.20 21:05:00;3 285.77;;;;cancelled
2025.05.20 16:57:41;Buy;0.01;XAUUSD;3 253.61;3 261.69;3 269.48;2025.05.20 17:04:17;3 269.48;-0.02;;15.87;[tp]
2025.05.20 15:35:45;Buy;0.01;XAUUSD;3 250.92;3 250.92;3 264.42;2025.05.20 17:01:06;3 264.42;-0.02;;13.50;[tp]
2025.05.20 16:57:37;Buy;0.01;XAUUSD;3 250.56;3 250.56;3 264.33;2025.05.20 17:01:05;3 264.33;-0.02;;13.77;[tp]
2025.05.20 16:57:41;Buy;0.01;XAUUSD;3 250.91;3 255.22;3 261.80;2025.05.20 17:00:00;3 261.80;-0.02;;10.89;[tp]
2025.05.20 15:35:45;Buy;0.01;XAUUSD;3 250.91;3 255.11;3 261.80;2025.05.20 17:00:00;3 261.80;-0.02;;10.89;[tp]
2025.05.20 16:57:41;Buy;0.01;XAUUSD;3 250.92;3 251.99;3 261.34;2025.05.20 16:59:45;3 261.34;-0.02;;10.42;[tp]
2025.05.20 15:35:44;Buy;0.01;XAUUSD;3 250.91;3 251.98;3 261.34;2025.05.20 16:59:45;3 261.34;-0.02;;10.43;[tp]
2025.05.19 04:39:33;Buy Stop;0.01;XAUUSD;3 495.53;3 396.67;3 519.03;2025.05.20 15:45:00;3 246.60;;;;cancelled
2025.05.19 04:39:34;Sell Stop;0.01;XAUUSD;3 122.03;3 188.10;3 110.81;2025.05.20 10:45:48;3 223.22;;;;cancelled
2025.05.19 04:39:34;Buy Stop;0.01;XAUUSD;3 250.65;3 184.58;3 261.87;2025.05.20 10:45:48;3 223.43;;;;cancelled
2025.05.19 04:39:34;Sell Stop;0.01;XAUUSD;3 122.62;3 259.02;3 111.82;2025.05.20 01:00:10;3 230.75;;;;cancelled
2025.05.19 04:39:34;Buy Stop;0.01;XAUUSD;3 250.60;3 114.20;3 261.40;2025.05.20 01:00:10;3 230.90;;;;cancelled
2025.05.19 04:24:21;Sell Stop;0.01;XAUUSD;3 203.95;3 215.58;3 149.15;2025.05.19 04:38:40;3 222.26;;;;cancelled
2025.05.19 04:24:21;Buy Stop;0.01;XAUUSD;3 433.84;3 422.21;3 488.64;2025.05.19 04:38:40;3 222.26;;;;cancelled
2025.05.19 04:24:21;Sell Stop;0.01;XAUUSD;2 957.34;2 973.95;2 889.25;2025.05.19 04:38:39;3 221.96;;;;cancelled
2025.05.19 04:24:21;Buy Stop;0.01;XAUUSD;3 497.17;3 480.56;3 565.26;2025.05.19 04:38:39;3 222.00;;;;cancelled
2025.05.19 04:24:21;Buy Stop;0.01;XAUUSD;3 495.42;3 394.12;3 519.50;2025.05.19 04:38:38;3 222.08;;;;cancelled
2025.05.19 03:40:50;Sell;0.02;NASUSD;21 201.3;21 212.3;;2025.05.19 03:41:18;21 216.0;-0.04;;-2.94;[sl]
2025.05.19 03:34:14;Sell;0.02;NASUSD;21 214.0;21 213.0;;2025.05.19 03:38:29;21 213.5;-0.04;;0.10;[sl]
2025.05.19 01:10:00;Buy Stop;0.02;NASUSD;21 434.4;21 423.4;;2025.05.19 02:00:00;21 302.9;;;;cancelled
2025.05.16 22:58:01;Buy;0.02;NASUSD;21 431.0;21 419.7;;2025.05.16 23:00:09;21 419.2;-0.04;;-2.36;[sl]
2025.05.16 22:05:08;Buy;0.02;NASUSD;21 418.1;21 419.2;;2025.05.16 22:08:56;21 419.1;-0.04;;0.20;[sl]
2025.05.16 21:40:14;Buy;0.02;NASUSD;21 403.5;21 415.1;;2025.05.16 21:52:00;21 415.0;-0.04;;2.30;[sl]
2025.05.16 20:30:47;Buy;0.02;NASUSD;21 390.4;21 391.2;;2025.05.16 20:36:47;21 391.2;-0.04;;0.16;[sl]
2025.05.16 20:16:01;Buy;0.02;NASUSD;21 376.4;21 377.5;;2025.05.16 20:21:22;21 377.3;-0.04;;0.18;[sl]
2025.05.16 18:00:00;Sell Stop;0.02;NASUSD;21 244.0;21 254.8;;2025.05.16 20:00:00;21 349.8;;;;cancelled
2025.05.16 16:28:55;Buy Stop;0.02;NASUSD;21 428.6;21 417.5;;2025.05.16 18:00:00;21 316.0;;;;cancelled
2025.05.16 16:28:20;Buy;0.02;NASUSD;21 426.5;21 414.5;;2025.05.16 16:28:39;21 411.1;-0.04;;-3.08;[sl]
2025.05.16 15:10:32;Buy;0.02;NASUSD;21 411.5;21 423.6;;2025.05.16 15:20:58;21 423.5;-0.04;;2.40;[sl]
2025.05.16 14:26:42;Buy;0.02;NASUSD;21 407.4;21 391.5;;2025.05.16 14:31:19;21 391.3;-0.04;;-3.22;[sl]
2025.05.16 11:36:24;Buy;0.02;NASUSD;21 397.0;21 384.8;;2025.05.16 11:38:02;21 384.8;-0.04;;-2.44;[sl]
2025.05.16 11:14:34;Buy;0.02;NASUSD;21 394.6;21 384.0;;2025.05.16 11:15:54;21 383.8;-0.04;;-2.16;[sl]
2025.05.16 11:05:43;Buy;0.02;NASUSD;21 381.2;21 393.3;;2025.05.16 11:09:31;21 393.0;-0.04;;2.36;[sl]
2025.05.16 10:31:57;Buy;0.02;NASUSD;21 346.1;21 358.2;;2025.05.16 10:41:29;21 357.7;-0.04;;2.32;[sl]
2025.05.16 07:02:02;Buy;0.02;NASUSD;21 339.8;21 329.4;;2025.05.16 07:20:17;21 329.4;-0.04;;-2.08;[sl]
2025.05.16 05:00:00;Sell Stop;0.02;NASUSD;21 272.3;21 283.2;;2025.05.16 06:00:00;21 325.4;;;;cancelled
2025.05.16 01:00:05;Buy Stop;0.01;NASUSD;21 373.2;21 360.9;;2025.05.16 05:00:00;21 294.8;;;;cancelled
2025.05.15 19:06:16;Buy;0.03;NASUSD;21 377.0;21 362.1;;2025.05.15 19:11:34;21 361.0;-0.06;;-4.80;[sl]
2025.05.15 12:16:30;Sell Stop;0.02;NASUSD;21 118.0;21 128.8;;2025.05.15 19:00:00;21 355.1;;;;cancelled
2025.05.15 12:11:40;Sell;0.02;NASUSD;21 122.2;21 135.4;;2025.05.15 12:16:30;21 135.5;-0.04;;-2.66;[sl]
2025.05.15 11:42:58;Sell;0.02;NASUSD;21 157.6;21 145.4;;2025.05.15 11:50:45;21 146.6;-0.04;;2.20;[sl]
2025.05.15 11:33:46;Sell;0.02;NASUSD;21 176.7;21 164.1;;2025.05.15 11:40:41;21 164.2;-0.04;;2.50;[sl]
2025.05.15 11:13:27;Sell;0.02;NASUSD;21 179.1;21 190.5;;2025.05.15 11:16:11;21 191.0;-0.04;;-2.38;[sl]
2025.05.15 11:05:25;Sell;0.02;NASUSD;21 189.2;21 202.1;;2025.05.15 11:11:03;21 202.2;-0.04;;-2.60;[sl]
2025.05.15 10:54:58;Sell;0.02;NASUSD;21 197.4;21 209.1;;2025.05.15 11:01:21;21 209.2;-0.04;;-2.36;[sl]
2025.05.15 10:39:30;Sell;0.02;NASUSD;21 222.2;21 199.8;;2025.05.15 10:44:08;21 201.3;-0.04;;4.18;[sl]
2025.05.15 10:12:58;Sell;0.02;NASUSD;21 250.6;21 226.4;;2025.05.15 10:17:02;21 227.1;-0.04;;4.70;[sl]
2025.05.14 19:38:08;Buy Stop;0.02;NASUSD;21 347.6;21 336.8;;2025.05.15 10:00:00;21 272.8;;;;cancelled
2025.05.14 19:32:34;Buy;0.02;NASUSD;21 336.3;21 322.9;;2025.05.14 19:38:07;21 322.4;-0.04;;-2.78;[sl]
2025.05.14 16:36:31;Buy;0.03;NASUSD;21 333.9;21 321.9;;2025.05.14 16:37:14;21 320.1;-0.06;;-4.14;[sl]
2025.05.14 16:34:07;Buy;0.02;NASUSD;21 315.8;21 328.2;;2025.05.14 16:35:02;21 327.6;-0.04;;2.36;[sl]
2025.05.14 14:28:03;Buy;0.02;NASUSD;21 299.8;21 310.4;;2025.05.14 14:31:03;21 309.2;-0.04;;1.88;[sl]
2025.05.14 14:21:56;Buy;0.03;NASUSD;21 283.1;21 295.1;;2025.05.14 14:23:24;21 294.7;-0.06;;3.48;[sl]
2025.05.14 09:56:58;Buy;0.02;NASUSD;21 256.6;21 273.1;;2025.05.14 09:57:23;21 272.9;-0.04;;3.26;[sl]
2025.05.14 09:32:01;Buy;0.02;NASUSD;21 254.0;21 243.1;;2025.05.14 09:40:24;21 242.5;-0.04;;-2.30;[sl]
2025.05.14 09:03:22;Buy;0.02;NASUSD;21 254.2;21 242.2;;2025.05.14 09:04:41;21 242.0;-0.04;;-2.44;[sl]
2025.05.14 07:35:17;Buy;0.02;NASUSD;21 236.1;21 248.1;;2025.05.14 08:13:35;21 248.0;-0.04;;2.38;[sl]
2025.05.13 20:55:49;Buy Stop;0.02;NASUSD;21 273.8;21 253.0;;2025.05.14 02:33:21;21 204.2;;;;cancelled
2025.05.13 17:53:30;Buy;0.05;NASUSD;21 171.0;21 205.0;;2025.05.13 18:37:26;21 204.6;-0.10;;16.80;[sl]
2025.05.13 16:35:56;Buy;0.01;NASUSD;20 990.4;21 013.2;;2025.05.13 16:51:17;21 010.5;-0.02;;2.01;[sl]
2025.05.13 15:30:00;Buy;0.01;NASUSD;20 927.9;20 963.5;;2025.05.13 15:30:04;20 947.3;-0.02;;1.94;[sl]
2025.05.12 10:01:13;Buy;0.01;NASUSD;20 713.3;20 684.4;;2025.05.12 10:02:11;20 677.6;-0.02;;-3.57;[sl]
2025.05.12 10:00:02;Buy;0.03;NASUSD;20 527.7;20 579.8;;2025.05.12 10:00:11;20 571.6;-0.06;;13.17;[sl]
2025.05.12 08:42:05;Buy;0.02;NASUSD;20 477.0;20 501.3;;2025.05.12 09:40:58;20 501.1;-0.04;;4.82;[sl]
2025.05.12 04:28:40;Buy;0.03;NASUSD;20 474.5;20 453.3;;2025.05.12 04:36:53;20 453.2;-0.06;;-6.39;[sl]
2025.05.12 03:41:30;Buy;0.02;NASUSD;20 434.8;20 457.5;;2025.05.12 04:19:53;20 457.3;-0.04;;4.50;[sl]
2025.05.12 03:10:00;Buy Stop;0.02;NASUSD;20 430.4;20 419.4;;2025.05.12 03:14:07;20 391.1;;;;cancelled
2025.05.12 02:29:10;Buy Stop;0.10;NASUSD;20 430.3;20 409.4;;2025.05.12 03:04:12;20 392.4;;;;cancelled
2025.05.12 02:19:36;Buy;0.10;NASUSD;20 394.5;20 419.5;;2025.05.12 02:28:47;20 417.5;-0.20;;23.00;[sl]
2025.05.12 01:20:00;Sell;0.02;XAUUSD;3 273.97;3 272.00;3 266.47;2025.05.12 01:20:57;3 272.18;-0.04;;3.58;[sl]
2025.05.09 04:51:00;Sell;0.02;XAUUSD;3 288.54;3 285.22;3 281.04;2025.05.09 05:09:46;3 285.35;-0.04;;6.38;[sl]
2025.05.08 15:00:00;Sell;0.02;XAUUSD;3 344.47;3 341.06;3 336.95;2025.05.08 18:26:22;3 341.86;-0.04;;5.22;[sl]
2025.05.07 03:00:00;Buy Stop;0.02;XAUUSD;3 436.00;3 431.00;3 446.00;2025.05.08 02:17:41;3 371.99;;;;cancelled
2025.05.07 22:00:00;Sell Stop;0.02;XAUUSD;3 305.66;3 310.66;3 295.66;2025.05.08 02:17:40;3 371.83;;;;cancelled
2025.05.07 02:00:00;Sell Stop;0.02;XAUUSD;3 224.29;3 229.29;3 214.29;2025.05.07 22:00:00;3 384.61;;;;cancelled
2025.05.07 01:00:10;Sell Stop;0.02;XAUUSD;3 223.56;3 228.56;3 213.56;2025.05.07 02:00:00;3 381.43;;;;cancelled
2025.05.06 04:43:38;Sell Stop;0.02;XAUUSD;3 222.79;3 227.79;3 212.79;2025.05.07 01:00:10;3 434.97;;;;cancelled
2025.05.06 03:00:00;Sell Stop;0.02;XAUUSD;3 222.79;3 227.79;3 212.79;2025.05.06 04:42:48;3 380.63;;;;cancelled
2025.05.06 02:00:00;Sell Stop;0.02;XAUUSD;3 212.89;3 217.89;3 202.89;2025.05.06 03:00:00;3 334.05;;;;cancelled
2025.05.06 01:00:06;Sell Stop;0.02;XAUUSD;3 209.98;3 214.98;3 199.98;2025.05.06 02:00:00;3 330.56;;;;cancelled
2025.05.05 23:00:01;Sell Stop;0.02;XAUUSD;3 208.95;3 213.95;3 198.95;2025.05.06 01:00:06;3 336.04;;;;cancelled
2025.05.05 20:00:00;Sell Stop;0.02;XAUUSD;3 205.03;3 210.03;3 195.03;2025.05.05 23:00:01;3 329.88;;;;cancelled
2025.05.02 01:00:06;Sell Stop;0.02;XAUUSD;3 201.96;3 206.96;3 191.96;2025.05.05 20:00:00;3 309.82;;;;cancelled
2025.05.05 12:58:34;Buy;0.02;XAUUSD;3 307.75;3 307.83;3 317.74;2025.05.05 13:21:42;3 317.74;-0.04;;19.98;[tp]
2025.05.05 01:00:10;Buy Stop;0.02;XAUUSD;3 313.52;3 308.52;3 323.52;2025.05.05 02:00:00;3 239.99;;;;cancelled
2025.05.02 23:00:08;Buy Stop;0.02;XAUUSD;3 314.20;3 309.20;3 324.20;2025.05.05 01:00:10;3 239.62;;;;cancelled
2025.05.02 21:00:00;Buy Stop;0.02;XAUUSD;3 314.66;3 309.66;3 324.66;2025.05.02 23:00:08;3 233.20;;;;cancelled
2025.05.02 19:00:00;Buy Stop;0.02;XAUUSD;3 319.70;3 314.70;3 329.70;2025.05.02 21:00:00;3 231.58;;;;cancelled
2025.05.01 10:00:00;Buy Stop;0.02;XAUUSD;3 329.98;3 324.98;3 339.98;2025.05.02 19:00:00;3 231.79;;;;cancelled
2025.05.01 09:00:00;Buy Stop;0.02;XAUUSD;3 333.77;3 328.77;3 343.77;2025.05.01 10:00:00;3 235.88;;;;cancelled
2025.05.01 07:00:00;Buy Stop;0.02;XAUUSD;3 340.04;3 335.04;3 350.04;2025.05.01 09:00:00;3 236.94;;;;cancelled
2025.05.01 06:00:00;Buy Stop;0.02;XAUUSD;3 342.92;3 337.92;3 352.92;2025.05.01 07:00:00;3 229.66;;;;cancelled
2025.05.01 05:00:00;Buy Stop;0.02;XAUUSD;3 348.62;3 343.62;3 358.62;2025.05.01 06:00:00;3 241.71;;;;cancelled
2025.05.01 04:00:00;Buy Stop;0.02;XAUUSD;3 351.63;3 346.63;3 361.63;2025.05.01 05:00:00;3 239.05;;;;cancelled
2025.04.30 05:24:23;Buy Stop;0.02;XAUUSD;3 353.02;3 348.02;3 363.02;2025.05.01 04:00:00;3 246.75;;;;cancelled
2025.05.01 03:20:02;Sell;0.02;XAUUSD;3 263.67;3 263.59;3 257.06;2025.05.01 03:24:31;3 257.06;-0.04;;13.22;[tp]
2025.04.29 23:00:08;Sell Stop;0.01;XAUUSD;3 268.20;3 270.70;3 263.20;2025.04.30 05:23:10;3 310.63;;;;cancelled
2025.04.29 16:12:11;Buy Stop;0.01;XAUUSD;3 353.02;3 350.52;3 358.02;2025.04.30 05:23:08;3 310.82;;;;cancelled
2025.04.29 16:09:53;Buy Stop;0.01;XAUUSD;3 353.02;3 350.52;3 358.02;2025.04.29 16:11:17;3 315.95;;;;cancelled
2025.04.29 16:00:00;Sell Stop;0.01;EURUSD;1.13295;1.13495;1.12595;2025.04.29 16:07:58;1.14023;;;;cancelled
2025.04.29 15:45:28;Buy Stop;0.01;EURUSD;1.14248;1.14048;1.14948;2025.04.29 16:07:57;1.14026;;;;cancelled
2025.04.29 10:00:00;Sell Stop;0.01;EURUSD;1.13217;1.13367;1.10717;2025.04.29 15:44:42;1.14011;;;;cancelled
2025.04.29 08:00:00;Buy Stop;0.01;EURUSD;1.14248;1.14098;1.16748;2025.04.29 15:44:42;1.14007;;;;cancelled
2025.04.29 01:43:58;Sell Stop;0.01;EURUSD;1.13157;1.13307;1.10657;2025.04.29 10:00:00;1.13890;;;;cancelled
2025.04.29 01:40:19;Balance;;;;;;;;;;177.57;
